ALAJUELA,0,0,0.448,0.986
ABANGARES,0,0,0.105,0.1512
ACOSTA,0,0,0.3366,0
AGUIRRE,0,0,0.1824,0.9714
ALAJUELITA,0,0,3.3702,0.4566
ALFARO_RUIZ,0,0,1.2102,1.2732
ALVARADO,0,0,0.087,0
ASERRI,0,0,4.3224,0.1704
ATENAS,0.0078,0,0.2748,0.0636
BAGACES,0,0,0,0
BARVA,0,0,0.087,0.9402
BELEN,0,0,0.393,0.2676
BUENOS_AIRES,0.9773,0.0662,2.623,1.5536
CANAS,0,0,0.008,0.0176
CARRILLO,0,0,0,0
CARTAGO,0,0,0.102,0
CD._QUESADA,0,0,0,0
CORREDORES,0.1077,0.0912,0.3768,0.0168
COTO_BRUS,0.1288,0.0208,1.4464,1.6688
CURRIDABAT,0,0,3.4188,0.5682
DESAMPARADOS,0,0,4.0224,0.6858
DOTA,0.0012,0,0.2268,0.7896
EL_GUARCO,0,0,0.006,0
ESPARZA,0,0,1.1976,0.0174
ESCAZU,0,0,0.765,0
FLORES,0,0,0.414,0.7194
GARABITO,0.1587,0.3444,0.3822,0.009
GOICOECHEA,0,0,2.0838,0.9438
GOLFITO,0.1512,0.0032,0.7856,1.2016
GRECIA,0.0003,0,1.7916,0.126
GUACIMO,0,0,0,0
GUAPILES,0,0,0,0.032
GUATUSO,0,0,0,0.0198
HEREDIA,0,0,0.184,0
HOJANCHA,0,0,0.012,0
JIMENEZ,0,0,0,0
LA_CRUZ,0,0,0.006,0
LA_UNION,0,0,1.332,0.0282
LEON_CORTEZ,0,0,0.0534,4.2924
LIBERIA,0,0,0,0
LIMON,0,0,0,0
LOS_CHILES,0,0,0,0
MATINA,0,0,0,0
MONTES_DE_OCA,0,0,3.1104,1.0308
MONTES_DE_ORO,0,0,0.24,0.624
MORA,0,0,0.216,0.168
MORAVIA,0.0012,0.0006,1.245,0.735
NANDAYURE,0,0,0.2958,0
NARANJO,0,0,0.567,0.033
NICOYA,0,0.0096,0.496,0
OREAMUNO,0,0,0.096,0
OROTINA,0,0,1.7106,0.0456
OSA,0,0,0.0126,0.0798
PALMARES,0,0,0.5838,0
PARAISO,0,0,0,0
PARRITA,0.138,0,0.0324,0.1104
PAVAS,0,0,0.284,0.904
PEREZ_ZELEDON,0.7338,0.0048,6.6714,2.493
POAS,0,0,1.866,0.5754
POCOCI,0,0,0,0.0066
PTO_VIEJO,0,0,0,0
PUNTARENAS,0.2343,0,0.9328,0
PURISCAL,0.0021,0,3.8178,2.9106
QUEPOS,0,0,0.341,1.157
SAN_CARLOS,0.0033,0,0.261,0.018
SAN_ISIDRO,1.9568,0.0128,17.7904,6.648
SAN_JOSE,0,0,0.048,0
SAN_MARCOS,0.0025,0,0.011,5.689
SAN_MATEO,0,0,2.7822,0.09
SAN_PABLO,0,0,0.192,0.0648
SAN_RAFAEL,0,0,0.18,0.0228
SAN_RAMON,0,0,4.3328,0.5488
SANTA_ANA,0,0,0.5838,0.4302
SANTA_BARBARA,0,0,0.078,0.5028
SANTA_CRUZ,0,0,0,0
SANTO_DOMINGO,0,0,0.081,0.2358
SARAPIQUI,0,0,0,0
SIQUIRRES,0,0,0,0
SIXAOLA,0,0,0,0
TALAMANCA,0,0,0,0
TARRAZU,0.0051,0,0.0132,4.08
TIBAS,0,0,0.3534,0.2454
TILARAN,0.0051,0,0.387,0.3636
TORTUGUERO,0,0,0,0
TURRIALBA,0.0016,0,0.2256,0.0576
TURRUBARES,0,0,0.0048,0
UPALA,0,0,0,0
VALVERDE_VEGA,0,0,0.6474,0.0576
VAZQUEZ,0.0018,0,3.3804,2.865
