ALAJUELA,0,0,1.16,0
ABANGARES,0,0,0,0
ACOSTA,0,0,0.018,0
AGUIRRE,0,0,0.021,0
ALAJUELITA,0,0,0.069,0
ALFARO_RUIZ,0,0,1.785,0.231
ALVARADO,0,0,0.18,0
ASERRI,0,0,0.036,0
ATENAS,0,0,0.249,0
BAGACES,0,0,0,0
BARVA,0,0,0.129,0
BELEN,0,0,0.003,0
BUENOS_AIRES,57.397,6.67,2.727,0.058
CANAS,0,0,0,0
CARRILLO,0,0,0,0
CARTAGO,0,0,0.198,0
CD._QUESADA,0,0,0,0.0008
CORREDORES,0.927,0,10.947,1.0347
COTO_BRUS,0.848,0,0.368,0.328
CURRIDABAT,0,0,0.513,0
DESAMPARADOS,0,0,0.27,0.003
DOTA,0,0,1.875,7.2
EL_GUARCO,0.003,0,0.066,0
ESPARZA,0,0,0.006,0
ESCAZU,0,0,0.545,0
FLORES,0,0,0.12,0
GARABITO,0.759,0,0,0
GOICOECHEA,0.012,0,0.234,0.117
GOLFITO,2.888,4.048,0.008,15.1312
GRECIA,0,0,3.09,0.003
GUACIMO,0,0,0,0
GUAPILES,0,0,0,0
GUATUSO,0,0,0.006,0.0009
HEREDIA,0,0,0.112,0
HOJANCHA,0,0,0,0
JIMENEZ,0,0,0.03,0
LA_CRUZ,0,0,0,0
LA_UNION,0,0,0.837,0.012
LEON_CORTEZ,0.018,0,6.579,3.9069
LIBERIA,0,0,0,0
LIMON,0,0,0,0
LOS_CHILES,0,0,0.008,0.4376
MATINA,0,0,0,0
MONTES_DE_OCA,0.003,0,0.258,0
MONTES_DE_ORO,0,0,0,0
MORA,0,0,0.018,0
MORAVIA,0.009,0,0.354,0.3603
NANDAYURE,0,0,0,0
NARANJO,0,0,4.017,0.012
NICOYA,0,0,0,0
OREAMUNO,0,0,0.141,0
OROTINA,0,0,0.141,0
OSA,0,0,0.009,0.042
PALMARES,0,0,0.09,0.03
PARAISO,0,0,0,0
PARRITA,0.24,0.03,0.003,0
PAVAS,0,0,0.04,0
PEREZ_ZELEDON,0,0,0.102,0.012
POAS,0,0,1.704,0
POCOCI,0,0,0,0
PTO_VIEJO,0.976,0,0,0
PUNTARENAS,0,0,0,0
PURISCAL,0,0,27.909,1.803
QUEPOS,0,0,0.02,0
SAN_CARLOS,0,0,0.723,0.003
SAN_ISIDRO,0,0,0.272,0.032
SAN_JOSE,0,0,0.468,0
SAN_MARCOS,0.02,0,11.095,5.211
SAN_MATEO,0,0,0.387,0
SAN_PABLO,0,0,0.003,0
SAN_RAFAEL,0,0,0.243,0.003
SAN_RAMON,0.208,0,0.8,0
SANTA_ANA,0.003,0,0.063,0
SANTA_BARBARA,0,0,1.917,0
SANTA_CRUZ,0,0,0,0
SANTO_DOMINGO,0,0,0.009,0
SARAPIQUI,0.976,0,0,0
SIQUIRRES,0,0,0,0
SIXAOLA,0,0,0,0
TALAMANCA,0,0,0,0
TARRAZU,0.003,0,1.443,0.5433
TIBAS,0,0,0.003,0
TILARAN,0,0,0.072,0
TORTUGUERO,0,0,0,1.0475
TURRIALBA,0,0,0.016,0
TURRUBARES,0.03,0,0,0
UPALA,0,0,0.008,0
VALVERDE_VEGA,0,0,7.98,0.06
VAZQUEZ,0.054,0,2.598,1.8246
