ALAJUELA,0,0,0.316,0.461
ABANGARES,0.0102,0,0,0.021
ACOSTA,0,0,0.546,0.027
AGUIRRE,0,0,0,0
ALAJUELITA,0.0024,0,2.568,0.342
ALFARO_RUIZ,0.0012,0,5.067,2.142
ALVARADO,0,0,0.276,0
ASERRI,0.0036,0,5.154,0.336
ATENAS,0,0,0.366,0.006
BAGACES,0,0,0,0
BARVA,0,0,0.06,0.06
BELEN,0,0,0.165,0.12
BUENOS_AIRES,11.8026,0.148,0.897,0
CANAS,0,0,0,0
CARRILLO,0,0,0,0
CARTAGO,0.0012,0,0.114,0
CD._QUESADA,0.1264,0.008,0,0
CORREDORES,0.6696,0,10.146,0.513
COTO_BRUS,0.1968,0,4.016,0.312
CURRIDABAT,0.0024,0,5.505,1.758
DESAMPARADOS,0.009,0,3.684,0.801
DOTA,0.003,0,4.041,2.868
EL_GUARCO,0,0,0.015,0
ESPARZA,0.0378,0,4.827,0.003
ESCAZU,0.001,0,1.305,0.009
FLORES,0,0,0.135,0.015
GARABITO,4.7784,0,1.281,0.114
GOICOECHEA,0.0084,0,2.259,1.464
GOLFITO,0.4512,0.168,0.68,1.184
GRECIA,0.069,0,2.874,0.129
GUACIMO,0,0,0,0.009
GUAPILES,0,0,0,0.072
GUATUSO,0,0,0.336,0.378
HEREDIA,0,0,0.64,0.2
HOJANCHA,0,0,0.027,0
JIMENEZ,0.0012,0,0.072,0
LA_CRUZ,0,0,0.012,0
LA_UNION,0.003,0,2.223,0.237
LEON_CORTEZ,0.0378,0,3.018,2.613
LIBERIA,0,0,0,0
LIMON,0,0,0,0
LOS_CHILES,0,0,0.424,2.904
MATINA,0,0,0,0
MONTES_DE_OCA,0.0042,0,2.34,1.734
MONTES_DE_ORO,0,0,0.549,0.009
MORA,0,0,0.39,0.102
MORAVIA,0.0108,0,2.232,0.984
NANDAYURE,0,0,0.207,0
NARANJO,0.033,0,4.89,0.012
NICOYA,0,0,0.152,0
OREAMUNO,0,0,0.138,0.018
OROTINA,0.2532,0,5.094,0
OSA,0,0,0.12,0.792
PALMARES,0.0858,0,0.297,0
PARAISO,0,0,0.003,0
PARRITA,0.7278,0,1.008,0.024
PAVAS,0.011,0,0.28,0.05
PEREZ_ZELEDON,0.0348,0,0.969,0.183
POAS,0.0006,0,5.628,0.072
POCOCI,0,0,0,0.012
PTO_VIEJO,0,0,0,0
PUNTARENAS,0.2354,0,0.55,0
PURISCAL,0.0252,0,6.558,1.482
QUEPOS,0,0,0,0
SAN_CARLOS,0.0018,0,0.879,0.249
SAN_ISIDRO,0.0928,0,2.584,0.488
SAN_JOSE,0,0,0.636,0
SAN_MARCOS,0.34,0,4.23,6.28
SAN_MATEO,0.1806,0,5.484,0
SAN_PABLO,0,0,0.03,0.099
SAN_RAFAEL,0,0,0.198,0.066
SAN_RAMON,0.144,0,0.888,0
SANTA_ANA,0.036,0,1.149,0.006
SANTA_BARBARA,0.0162,0,0.258,0.168
SANTA_CRUZ,0,0,0,0
SANTO_DOMINGO,0.0006,0,0.066,0.105
SARAPIQUI,0,0,0,0
SIQUIRRES,0,0,0,0
SIXAOLA,0,0,0,0
TALAMANCA,0,0,0,0
TARRAZU,0.603,0,1.89,3.474
TIBAS,0.0126,0,0.708,0.507
TILARAN,0.0498,0,0.39,0.036
TORTUGUERO,0.046,0,0,0
TURRIALBA,0.0016,0,0.136,0.032
TURRUBARES,0,0,0.117,0.003
UPALA,0,0.024,2.272,2.176
VALVERDE_VEGA,0.0216,0,5.394,0.021
VAZQUEZ,0.084,0,6.996,8.172
