ALAJUELA,0,0,0.011,0
ABANGARES,0,0,0.0978,0.0072
ACOSTA,0,0,0,0.024
AGUIRRE,13.467,10.5972,3.9864,0.198
ALAJUELITA,0,0,2.2992,0.576
ALFARO_RUIZ,0,0,0.174,0.252
ALVARADO,0,0,0.018,0
ASERRI,0,0,5.244,0.33
ATENAS,0,0,0.2484,0.255
BAGACES,0,0,0.0012,0.1293
BARVA,0,0,0,0
BELEN,0,0,0,0
BUENOS_AIRES,0.792,0.1066,1.4414,0.0844
CANAS,0,0,0,0.0224
CARRILLO,0,0,0,0
CARTAGO,0,0,0.1164,0
CD._QUESADA,0,0,0,0
CORREDORES,6.279,1.3032,15.1806,0.4971
COTO_BRUS,0.28,0.0368,1.792,2.0008
CURRIDABAT,0,0,4.2348,2.7756
DESAMPARADOS,0,0,3.1128,0.864
DOTA,0,0,0,0
EL_GUARCO,0,0,0.0156,0
ESPARZA,0.009,0,9.4428,0.456
ESCAZU,0,0,0.027,0
FLORES,0,0,0,0
GARABITO,16.596,1.4154,4.326,0.0009
GOICOECHEA,0,0,0.7962,0.9315
GOLFITO,6.008,16.776,3.6848,1.3936
GRECIA,0,0,1.7628,0.915
GUACIMO,0,0,0,0
GUAPILES,0,0,0,0
GUATUSO,0,0,0.186,1.0032
HEREDIA,0,0,0.8,0.032
HOJANCHA,0.102,0.195,0.03,0
JIMENEZ,0,0,0,0
LA_CRUZ,0,0,0,0
LA_UNION,0,0,0.0966,0
LEON_CORTEZ,0,0,0.342,0.1257
LIBERIA,0,0,0,0.2312
LIMON,0,0,0,0
LOS_CHILES,0,0.1728,2.376,1.8176
MATINA,0,0,0,0
MONTES_DE_OCA,0,0,1.0032,1.8606
MONTES_DE_ORO,0,0,0.507,1.341
MORA,0,0,0,0
MORAVIA,0,0,0.7332,0.483
NANDAYURE,0.231,0.2376,0.015,0
NARANJO,0,0,0.1932,0.003
NICOYA,0.136,0.1904,0.008,0
OREAMUNO,0,0,0.0552,0
OROTINA,0,0,0.3168,2.7948
OSA,9.099,1.2888,2.1396,1.4622
PALMARES,0,0,0.1764,0
PARAISO,0,0,0,0
PARRITA,2.94,5.9202,9.423,0.0453
PAVAS,0,0,0,0
PEREZ_ZELEDON,0.111,1.6542,1.7208,0.4278
POAS,0,0,1.7118,0.999
POCOCI,0,0,0,0
PTO_VIEJO,0,0,0,0
PUNTARENAS,2.53,2.6466,13.3804,2.937
PURISCAL,0,0,0.4824,0.3564
QUEPOS,27.635,16.105,6.325,0.4715
SAN_CARLOS,0,0,0.459,1.2297
SAN_ISIDRO,0.296,4.4112,4.5888,1.1408
SAN_JOSE,0,0,0.024,0
SAN_MARCOS,0,0.015,0.56,0.418
SAN_MATEO,0,0,0.522,1.6581
SAN_PABLO,0,0,0,0
SAN_RAFAEL,0,0,0,0
SAN_RAMON,0,0,0.3712,0.104
SANTA_ANA,0,0,0.0198,0
SANTA_BARBARA,0,0,0.024,0
SANTA_CRUZ,0,0,0,0
SANTO_DOMINGO,0,0,0.003,0
SARAPIQUI,0,0,0,0
SIQUIRRES,0,0,0,0
SIXAOLA,0,0,0,0
TALAMANCA,0,0,0,0
TARRAZU,0,0.039,0.5946,0.4926
TIBAS,0,0,0.0072,0.012
TILARAN,0,0,0.264,0.0147
TORTUGUERO,0,0,0,0
TURRIALBA,0,0,0,0
TURRUBARES,5.565,2.1606,0.0264,0
UPALA,0,0,5.7248,0.7272
VALVERDE_VEGA,0,0,0.1266,0.003
VAZQUEZ,0,0,1.842,5.8734
