ALAJUELA,0.0132,0,2.329,0
ABANGARES,0,0,0.159,0
ACOSTA,0,0,1.059,0.357
AGUIRRE,0,0,0,0
ALAJUELITA,0.0036,0,0.921,0
ALFARO_RUIZ,0.0042,0.099,1.911,0.174
ALVARADO,0,0.255,0.012,0
ASERRI,0,0,0.582,0
ATENAS,0.0048,0,0.228,0
BAGACES,0,0,0,0
BARVA,0.006,0,0.051,0
BELEN,0,0,0.384,0
BUENOS_AIRES,0.4218,0.048,0.558,0
CANAS,0,0,0.064,0
CARRILLO,0,0,0,0
CARTAGO,0,0.03,0,0
CD._QUESADA,0.5152,8.72,0,0
CORREDORES,0.0228,0,0.621,0.102
COTO_BRUS,0.0128,0,0.36,0.032
CURRIDABAT,0.021,0,4.467,0
DESAMPARADOS,0.0012,0,1.983,0
DOTA,0.0012,0,0.081,0.228
EL_GUARCO,0,0,0,0
ESPARZA,0,0,0,0
ESCAZU,0,0,9.065,0.045
FLORES,0,0,0.102,0
GARABITO,0,0,0,0
GOICOECHEA,0.1122,0,1.452,0.012
GOLFITO,0,0,0,0.088
GRECIA,0.0144,0.003,0.414,0
GUACIMO,0.3456,1.143,0,0
GUAPILES,1.6448,0.592,0.008,0
GUATUSO,0.534,1.827,0.009,0.009
HEREDIA,0.0752,17.88,0.272,0.056
HOJANCHA,0,0,0,0
JIMENEZ,0,0.228,0,0
LA_CRUZ,0,0,0.066,0
LA_UNION,0,0,1.428,0
LEON_CORTEZ,0,0,0.264,0.21
LIBERIA,0,0,0,0
LIMON,5.704,5.744,0,0
LOS_CHILES,0,0,0,0
MATINA,0.12,2.997,0,0
MONTES_DE_OCA,0.015,0,1.65,0.009
MONTES_DE_ORO,0,0,0.033,0
MORA,0.0072,0,0.942,0.162
MORAVIA,0.3186,0,1.521,0.021
NANDAYURE,0,0,0,0
NARANJO,0.0336,0,0.093,0
NICOYA,0,0,0,0
OREAMUNO,0,0.036,0,0
OROTINA,0,0,0.003,0
OSA,0,0,0,0
PALMARES,0,0,0,0
PARAISO,0,0.003,0,0
PARRITA,0.0006,0,0,0
PAVAS,0.002,0,0.1,0
PEREZ_ZELEDON,0.0006,0,0.006,0
POAS,0.0258,0.054,2.277,0.003
POCOCI,0.8568,0.231,0.009,0
PTO_VIEJO,0.0816,48.584,0,0
PUNTARENAS,0,0,0.055,0
PURISCAL,0.0048,0,18.837,1.773
QUEPOS,0,0,0.005,0
SAN_CARLOS,0,0.702,1.146,0.075
SAN_ISIDRO,0.0016,0,0.016,0
SAN_JOSE,0,0.57,0,0
SAN_MARCOS,0,0,1.42,0.485
SAN_MATEO,0,0,0,0
SAN_PABLO,0.0102,0,0.147,0
SAN_RAFAEL,0.1188,0,0.312,0
SAN_RAMON,0.0944,0.04,0.472,0
SANTA_ANA,0.0666,0,0.285,0
SANTA_BARBARA,0,0,1.977,0
SANTA_CRUZ,0,0,0.032,0
SANTO_DOMINGO,0.0024,0,0.138,0.006
SARAPIQUI,0.0816,48.584,0,0
SIQUIRRES,0.3168,2.655,0,0
SIXAOLA,0,0,0,0
TALAMANCA,0,0,0,0
TARRAZU,0,0,0.684,0.021
TIBAS,0.0204,0,0.696,0.012
TILARAN,0,0.318,0,0
TORTUGUERO,1.632,12.87,0,0
TURRIALBA,0.0128,0.408,0.216,0
TURRUBARES,0,0,0,0
UPALA,0,0.016,0,0.048
VALVERDE_VEGA,0.0648,0,0.3,0.009
VAZQUEZ,0.0852,0,5.277,0.294
