ALAJUELA,0.012,0,0.089,0.169
ABANGARES,0.003,0.009,1.512,0.006
ACOSTA,0,0,0.081,0
AGUIRRE,0.585,0.618,1.071,0
ALAJUELITA,0,0,8.289,5.028
ALFARO_RUIZ,0,0.003,1.122,2.493
ALVARADO,0,0,0,0
ASERRI,0,0,0.798,0
ATENAS,0,0,0.27,0.03
BAGACES,0,0,0,0
BARVA,0,0,0,0.003
BELEN,0,0,0.039,0.3
BUENOS_AIRES,0.058,0,88.765,5.235
CANAS,0,0,0,0
CARRILLO,0,0,0,0
CARTAGO,0,0,0,0
CD._QUESADA,0,0,0,0
CORREDORES,0.009,0,2.085,1.089
COTO_BRUS,2.264,0,24.152,4.152
CURRIDABAT,0.003,0,8.667,1.398
DESAMPARADOS,0.003,0,6.507,2.766
DOTA,0,0,0.042,1.455
EL_GUARCO,0,0,0,0
ESPARZA,0.078,0,11.334,0.294
ESCAZU,0,0,0.144,0.021
FLORES,0,0,0.003,0.126
GARABITO,0,0,1.128,0.021
GOICOECHEA,0.144,0.048,3.897,11.322
GOLFITO,3.752,1.552,4.072,0.824
GRECIA,0.057,0,0.387,0.402
GUACIMO,0,0,0,0
GUAPILES,0,0,0,0
GUATUSO,0,0,0,0.006
HEREDIA,0,0,0.512,0.632
HOJANCHA,0.003,0,2.004,0
JIMENEZ,0,0,0.021,0.045
LA_CRUZ,0,0,0.273,0.009
LA_UNION,0,0,0.333,0.009
LEON_CORTEZ,0.006,0,0.297,3.267
LIBERIA,0,0,0,0
LIMON,0,0,0,0
LOS_CHILES,0,0,0,0
MATINA,0,0,0,0
MONTES_DE_OCA,0.039,0,5.7,10.839
MONTES_DE_ORO,0,0,1.665,0.057
MORA,0,0,1.878,0.714
MORAVIA,0.192,0.159,3.684,8.805
NANDAYURE,0.015,0,0.39,0
NARANJO,0,0,11.082,0.606
NICOYA,0.736,0,14.776,0
OREAMUNO,0,0,0,0
OROTINA,0,0,2.523,4.677
OSA,0.003,0,6.252,1.086
PALMARES,0,0,5.244,0
PARAISO,0,0,0,0
PARRITA,0.021,2.022,0.876,0.003
PAVAS,0.02,0,1.08,3.07
PEREZ_ZELEDON,1.833,0,2.31,6.669
POAS,0,0,0.393,0.51
POCOCI,0,0,0,0
PTO_VIEJO,0,0,0,0
PUNTARENAS,0,0,12.903,0
PURISCAL,0,0,1.995,1.473
QUEPOS,0.625,0.68,2.08,0
SAN_CARLOS,0,0,0.516,0.414
SAN_ISIDRO,4.888,0,6.16,17.784
SAN_JOSE,0,0,0,0
SAN_MARCOS,0.025,0,0.74,2.045
SAN_MATEO,0,0,1.437,2.439
SAN_PABLO,0.003,0,0.138,0.243
SAN_RAFAEL,0.006,0,0.189,0.207
SAN_RAMON,0.016,0,18.208,0.096
SANTA_ANA,0.045,0,2.157,1.878
SANTA_BARBARA,0,0,0.036,0.039
SANTA_CRUZ,0,0,0.456,0
SANTO_DOMINGO,0.003,0,0.162,0.66
SARAPIQUI,0,0,0,0
SIQUIRRES,0,0,0,0
SIXAOLA,0,0,0,0
TALAMANCA,0,0,0,0
TARRAZU,0.03,0,0.903,1.635
TIBAS,0.108,0,1.089,4.449
TILARAN,0.015,0.009,0.363,0.108
TORTUGUERO,0,0,0,0
TURRIALBA,0,0,0.16,0.872
TURRUBARES,0.132,0,3.72,0
UPALA,0,0,0,0.28
VALVERDE_VEGA,0,0,2.358,0.84
VAZQUEZ,0.042,0.018,7.578,21.156
