ALAJUELA,0,0,5.347,0.15
ABANGARES,0.003,0,0.1062,1.263
ACOSTA,0,0,0.9663,0.006
AGUIRRE,5.019,1.062,0.2142,0.099
ALAJUELITA,0,0,2.3298,0.066
ALFARO_RUIZ,0,0,1.8738,0.585
ALVARADO,0,0,0.1515,0
ASERRI,0,0,5.49,0.036
ATENAS,0,0,3.2286,0
BAGACES,0,0,0,0
BARVA,0,0,0.822,1.02
BELEN,0,0,0.2559,0.006
BUENOS_AIRES,0.881,0,3.4274,1.993
CANAS,0,0,0,0.088
CARRILLO,0,0,0,0
CARTAGO,0,0,0.0888,0
CD._QUESADA,0,0,0,0
CORREDORES,0.207,0,2.7642,0.057
COTO_BRUS,0.144,0,2.7632,1.368
CURRIDABAT,0.003,0,5.2206,0.048
DESAMPARADOS,0,0,3.9087,0.024
DOTA,0,0,0.006,2.52
EL_GUARCO,0,0,0,0
ESPARZA,0.054,0,1.7622,0.021
ESCAZU,0,0,6.3567,0.33
FLORES,0,0,1.1823,0.618
GARABITO,0.027,0.42,0.0732,0.036
GOICOECHEA,0.003,0,2.0826,0.168
GOLFITO,0.4,0.072,1.176,2.896
GRECIA,0,0,2.5794,0.021
GUACIMO,0,0,0,0
GUAPILES,0,0,0,0
GUATUSO,0,0,0,0.024
HEREDIA,0,0,0.04,0
HOJANCHA,0.006,0,0.4455,0
JIMENEZ,0,0,0.1869,0
LA_CRUZ,0,0,0.009,0
LA_UNION,0,0,2.8824,0
LEON_CORTEZ,0,0,0.1947,3.198
LIBERIA,0,0,0,0
LIMON,0,0,0,0
LOS_CHILES,0,0,0,0
MATINA,0,0,0,0
MONTES_DE_OCA,0,0,3.8052,0.114
MONTES_DE_ORO,0.018,0,2.5017,0.954
MORA,0,0,3.828,7.338
MORAVIA,0.009,0,0.879,0.225
NANDAYURE,0,0,0.0894,0
NARANJO,0,0,0.3717,0.018
NICOYA,0,0,0.9776,0.064
OREAMUNO,0,0,0.1065,0
OROTINA,0,0,2.973,0.681
OSA,0,0,0,0.009
PALMARES,0,0,3.6621,0
PARAISO,0,0,0,0
PARRITA,0.027,1.014,0.0021,0
PAVAS,0,0,0.2315,0.015
PEREZ_ZELEDON,0,0,0.4299,3.465
POAS,0,0,5.4786,0.153
POCOCI,0,0,0,0.003
PTO_VIEJO,0,0,0,0
PUNTARENAS,0.418,0,11.4015,0
PURISCAL,0.012,0,6.1758,4.977
QUEPOS,6.405,1.045,0.69,0.09
SAN_CARLOS,0,0,0.5058,0
SAN_ISIDRO,0,0,1.1464,9.24
SAN_JOSE,0,0,0.2238,0
SAN_MARCOS,0,0.005,0.32,4.235
SAN_MATEO,0,0,4.6569,0.867
SAN_PABLO,0,0,0.294,0.006
SAN_RAFAEL,0,0,0.1884,0.027
SAN_RAMON,0.04,0,2.0936,0.12
SANTA_ANA,0.006,0,0.1449,0.291
SANTA_BARBARA,0,0,2.784,0.513
SANTA_CRUZ,0,0,0.0432,0
SANTO_DOMINGO,0,0,0.2619,0.009
SARAPIQUI,0,0,0,0
SIQUIRRES,0,0,0,0
SIXAOLA,0,0,0,0
TALAMANCA,0,0,0,0
TARRAZU,0,0.015,0.0396,0.81
TIBAS,0,0,0.2571,0.006
TILARAN,0,0,0,0
TORTUGUERO,0,0,0,0
TURRIALBA,0,0,0.136,0
TURRUBARES,1.341,0.003,0.0213,0
UPALA,0,0,0,0
VALVERDE_VEGA,0,0,1.0242,0.021
VAZQUEZ,0.024,0,6.9222,5.214
