ALAJUELA,0,0,4.231,6.7
ABANGARES,0.081,0.009,0.495,0.348
ACOSTA,0,0,2.418,0.243
AGUIRRE,25.695,16.908,0.162,1.308
ALAJUELITA,0.003,0,0.255,0.123
ALFARO_RUIZ,0,0,2.994,6.498
ALVARADO,0,0,0,0
ASERRI,0,0,0.03,0.3
ATENAS,0,0,1.647,0.03
BAGACES,0,0,0.294,0
BARVA,0,0,0.036,0.576
BELEN,0,0,0.339,0.99
BUENOS_AIRES,0.2,0,42.646,39.399
CANAS,0,0,1.816,10.56
CARRILLO,0.021,0,0.831,0.012
CARTAGO,0,0,0.33,0
CD._QUESADA,0,0.016,0,3.384
CORREDORES,3.216,0.525,6.948,0.561
COTO_BRUS,0.008,0,61.456,21.04
CURRIDABAT,0.024,0,2.544,2.031
DESAMPARADOS,0.027,0,0.747,0.741
DOTA,0.225,0.003,5.064,3.414
EL_GUARCO,0,0,0.123,0
ESPARZA,0.501,0,7.608,3.426
ESCAZU,0.006,0,14.97,0.15
FLORES,0,0,0.225,2.55
GARABITO,0.546,0.282,2.142,2.79
GOICOECHEA,0.105,0,5.493,2.949
GOLFITO,93.992,15.288,10.272,13.16
GRECIA,0,0,5.931,0.51
GUACIMO,0,0,0,0.006
GUAPILES,0,0,0,0.016
GUATUSO,0,0,2.346,1.614
HEREDIA,0,0,26.232,0.464
HOJANCHA,0.219,0,0.957,2.802
JIMENEZ,0,0,0,0
LA_CRUZ,0,0,0.57,0.39
LA_UNION,0,0,1.338,4.518
LEON_CORTEZ,0.117,0,2.601,1.863
LIBERIA,0,0,0.168,0.2
LIMON,0,0,0,0
LOS_CHILES,0,0,0.032,0.024
MATINA,0,0,0,0
MONTES_DE_OCA,0.036,0,3.294,2.166
MONTES_DE_ORO,0.129,0,3.534,7.239
MORA,0,0,1.83,0
MORAVIA,0.111,0,6.864,3.732
NANDAYURE,0.012,0,3.438,0.12
NARANJO,0,0,3.978,0.066
NICOYA,0.144,0,8.344,0.16
OREAMUNO,0,0,0.069,0
OROTINA,0.252,0,4.551,0.015
OSA,1.023,2.409,0.21,0.342
PALMARES,0,0,0.879,0.06
PARAISO,0,0,0,0
PARRITA,16.095,0.768,1.05,1.128
PAVAS,0.025,0,0.225,1.25
PEREZ_ZELEDON,0.939,0.003,1.014,0.075
POAS,0,0,8.031,9.18
POCOCI,0,0,0.003,0
PTO_VIEJO,0,0,0,0.048
PUNTARENAS,5.016,0.176,13.849,0
PURISCAL,0,0,2.727,0
QUEPOS,37.325,25.685,0.21,2.57
SAN_CARLOS,0.015,0,1.452,0.294
SAN_ISIDRO,2.504,0.008,2.704,0.2
SAN_JOSE,0,0,0,0
SAN_MARCOS,0.26,0,9.735,8.105
SAN_MATEO,0.162,0,8.019,0.099
SAN_PABLO,0,0,0.372,0.669
SAN_RAFAEL,0,0,0.249,0.48
SAN_RAMON,0,0,2.784,0.648
SANTA_ANA,0,0,0.096,0.33
SANTA_BARBARA,0,0,1.929,14.586
SANTA_CRUZ,0,0,0.336,0.16
SANTO_DOMINGO,0.009,0,0.684,1.476
SARAPIQUI,0,0,0,0.048
SIQUIRRES,0,0,0,0
SIXAOLA,0,0,0,0
TALAMANCA,0,0,0,0
TARRAZU,0.018,0,9.975,2.661
TIBAS,0.15,0,3.615,1.902
TILARAN,0.018,0,2.163,0.168
TORTUGUERO,0,0,0,0.07
TURRIALBA,0,0,0,0
TURRUBARES,0.171,0.015,0.534,1.119
UPALA,0,0,0.264,0.088
VALVERDE_VEGA,0,0,10.887,0.492
VAZQUEZ,0.66,0,12.471,7.281
