ALAJUELA,0,0,0.071,0
ABANGARES,0,0,0.018,0
ACOSTA,0,0.111,0,0
AGUIRRE,1.0326,0.807,0.078,0.0888
ALAJUELITA,0,0,0.156,0.015
ALFARO_RUIZ,0,0,0.465,1.05
ALVARADO,0,0,0,0
ASERRI,0,0,0.018,0
ATENAS,0,0,1.299,0
BAGACES,0,0,0.006,0
BARVA,0,0,0,0
BELEN,0,0,0,0
BUENOS_AIRES,1.5218,0.93,1.327,0.058
CANAS,0,0,0,0
CARRILLO,0,0,0,0
CARTAGO,0,0,0.006,0
CD._QUESADA,0.0032,0.008,0.064,62.1872
CORREDORES,0.2394,0.093,1.647,0.1266
COTO_BRUS,3.6528,0.032,15.336,4.0048
CURRIDABAT,0,0,0.456,0.321
DESAMPARADOS,0,0,0.183,0.075
DOTA,0,0,0,0
EL_GUARCO,0,0,0,0
ESPARZA,0,0,0.168,0.03
ESCAZU,0,0,0.005,0
FLORES,0,0,0,0
GARABITO,0.0696,0,0.069,0.0204
GOICOECHEA,0,0,0.351,0.3324
GOLFITO,0.4256,1.888,0.48,5.1584
GRECIA,0,0,10.317,0.009
GUACIMO,0,0,0.015,0
GUAPILES,0,0,0.24,0.5104
GUATUSO,0.0222,0.153,0.555,0.1098
HEREDIA,0,0,0.56,1.0016
HOJANCHA,0,0,0,0
JIMENEZ,0,0,0,0
LA_CRUZ,0,0,0,0
LA_UNION,0,0,0,0
LEON_CORTEZ,0.1722,0,0.216,0.246
LIBERIA,0,0,0,0
LIMON,0,0,0,0
LOS_CHILES,0.016,0,0,0.072
MATINA,0,0,0,0
MONTES_DE_OCA,0,0,0.483,0.405
MONTES_DE_ORO,0,0,0,0
MORA,0,0,0,0
MORAVIA,0,0,0.195,0.2796
NANDAYURE,0,0,0,0
NARANJO,0,0,3.753,0
NICOYA,0.0672,0,0.16,0
OREAMUNO,0,0,0,0
OROTINA,0,0,0.138,0
OSA,0.0834,0,0.147,1.3458
PALMARES,0,0,1.173,0
PARAISO,0,0,0.018,0
PARRITA,3.189,1.782,0.765,0.006
PAVAS,0,0,0,0
PEREZ_ZELEDON,0.039,0,1.086,0.024
POAS,0,0,1.164,0.039
POCOCI,0,0,0.072,0.0774
PTO_VIEJO,0,0,3,15.7968
PUNTARENAS,0,0,0,0
PURISCAL,0,0.045,0.216,0.009
QUEPOS,2.026,1.655,0.12,0.143
SAN_CARLOS,0,0.009,0.192,0.0762
SAN_ISIDRO,0.104,0,2.896,0.064
SAN_JOSE,0,0,0,0
SAN_MARCOS,0.195,0.005,0.065,0.305
SAN_MATEO,0,0,0.465,0
SAN_PABLO,0,0,0,0
SAN_RAFAEL,0,0,0,0
SAN_RAMON,0.0016,0,2.552,0
SANTA_ANA,0,0,0.012,0
SANTA_BARBARA,0,0,0,0
SANTA_CRUZ,0,0,0,0
SANTO_DOMINGO,0,0,0,0
SARAPIQUI,0,0,3,15.7968
SIQUIRRES,0,0,0.009,0.048
SIXAOLA,0,0,0,0
TALAMANCA,0,0,0,0
TARRAZU,0.2682,0.012,0.153,0.1968
TIBAS,0,0,0.018,0.003
TILARAN,0.006,0.84,0.132,0.201
TORTUGUERO,0.149,0,0.01,9.382
TURRIALBA,0,0,0.072,0.048
TURRUBARES,0.075,0.12,0,0
UPALA,0.8128,0.024,0,0.1808
VALVERDE_VEGA,0,0,4.68,0.003
VAZQUEZ,0,0,1.227,1.5066
