ALAJUELA,0,0,0.293,0
ABANGARES,0.006,0,0,0
ACOSTA,0,0,0,0
AGUIRRE,0.126,0.0231,0,0.312
ALAJUELITA,0,0,1.05,0.663
ALFARO_RUIZ,0,0,1.5,0.537
ALVARADO,0,0,0,0
ASERRI,0,0,1.68,0.012
ATENAS,0.015,0,0.219,0
BAGACES,0.012,0,0,0
BARVA,0,0,0.003,0
BELEN,0,0,0.06,0
BUENOS_AIRES,1.474,0.8315,7.867,0.387
CANAS,0,0,0,0
CARRILLO,0,0,0,0
CARTAGO,0,0,0,0
CD._QUESADA,0.6,1.2552,1.56,1.152
CORREDORES,1.083,0,1.128,0.753
COTO_BRUS,0.16,0.0088,2.032,0.304
CURRIDABAT,0,0,0.891,2.442
DESAMPARADOS,0,0,1.368,0.855
DOTA,0,0,0.006,0.045
EL_GUARCO,0,0,0,0
ESPARZA,0,0,0.132,0
ESCAZU,0,0,0.003,0
FLORES,0,0,0.018,0
GARABITO,3.159,11.7447,0.009,0.003
GOICOECHEA,0,0,1.008,1.116
GOLFITO,0.848,0,0.832,0.784
GRECIA,0,0,2.676,0
GUACIMO,0,0.3906,0,0.003
GUAPILES,0,0.6928,0,0
GUATUSO,4.32,0.5307,0.411,1.716
HEREDIA,0.016,1.0128,0.008,0.432
HOJANCHA,0,0,0,0
JIMENEZ,0,0,0.009,0
LA_CRUZ,0,0,0,0
LA_UNION,0,0,0.006,0
LEON_CORTEZ,0,0,0.675,0.231
LIBERIA,0,0,0,0
LIMON,0.176,0.24,0,0
LOS_CHILES,5,4.4784,5.152,0.184
MATINA,0,0,0,0
MONTES_DE_OCA,0,0,0.888,0.774
MONTES_DE_ORO,0,0,0.186,0.039
MORA,0,0,0.198,0
MORAVIA,0,0,1.275,1.602
NANDAYURE,0,0,0,0
NARANJO,0,0,2.775,0
NICOYA,0,0,0,0
OREAMUNO,0,0,0,0
OROTINA,0.006,0,0.246,0
OSA,0,0,0.036,0.003
PALMARES,0,0,0.399,0
PARAISO,0,0,0,0
PARRITA,11.433,11.3292,0.048,0.144
PAVAS,0,0,0.39,0.035
PEREZ_ZELEDON,0.003,0,0.405,0.27
POAS,0,0,0.993,0
POCOCI,0,0.2556,0,0
PTO_VIEJO,0.648,0.608,0.216,0.344
PUNTARENAS,0.055,0,0.011,0.011
PURISCAL,0,0,0,0
QUEPOS,0.085,0,0,0.48
SAN_CARLOS,0.003,0.0372,0.186,1.377
SAN_ISIDRO,0.008,0,1.08,0.72
SAN_JOSE,0,0,0,0
SAN_MARCOS,0,0,0.585,0.405
SAN_MATEO,0.018,0,0.714,0.006
SAN_PABLO,0,0,0.027,0
SAN_RAFAEL,0,0,0.024,0
SAN_RAMON,0,0,1.592,0
SANTA_ANA,0,0,0.615,0.021
SANTA_BARBARA,0,0,0,0
SANTA_CRUZ,0,0,0,0
SANTO_DOMINGO,0,0,0.09,0.042
SARAPIQUI,0.648,0.608,0.216,0.344
SIQUIRRES,0,0.081,0,0
SIXAOLA,0,0.968,0,0
TALAMANCA,0,0.1728,0,0.015
TARRAZU,0.003,0,0.111,0.381
TIBAS,0,0,0.516,0.432
TILARAN,0.72,0.5595,0.186,0.213
TORTUGUERO,0.105,0.0325,0,1.645
TURRIALBA,0,0,0.056,0.04
TURRUBARES,0,0,0.042,0
UPALA,2.536,5.5272,7.168,0.24
VALVERDE_VEGA,0,0,1.188,0
VAZQUEZ,0.012,0.1326,8.238,7.956
