ALAJUELA,0,0,0.036,0.017
ABANGARES,0,0,0.258,0.363
ACOSTA,0,0,1.137,0.012
AGUIRRE,14.445,1.773,3.87,0.006
ALAJUELITA,0,0,4.383,1.56
ALFARO_RUIZ,0,0,0.954,1.521
ALVARADO,0,0,0.702,0.042
ASERRI,0,0,11.286,5.064
ATENAS,0,0,0.207,0
BAGACES,0,0,0,0.003
BARVA,0,0,0.045,0.48
BELEN,0,0,0.039,0.036
BUENOS_AIRES,2.729,0.003,94.995,13.652
CANAS,0,0,0,0.04
CARRILLO,0,0,0,0.009
CARTAGO,0,0,0.516,0
CD._QUESADA,0,0.008,0,0
CORREDORES,0.633,0.147,4.65,2.061
COTO_BRUS,0.224,0.008,7.464,2.648
CURRIDABAT,0,0,4.026,4.674
DESAMPARADOS,0,0,6.615,3.447
DOTA,5.604,0,1.932,1.581
EL_GUARCO,0,0,0.249,0
ESPARZA,0,0,4.77,0.138
ESCAZU,0,0,19.005,2.952
FLORES,0,0,0.054,0.213
GARABITO,1.656,0.171,1.158,0.018
GOICOECHEA,0,0,2.526,2.646
GOLFITO,0.808,15.672,4.008,4.32
GRECIA,0,0,0.345,0.432
GUACIMO,0,0,0,0.033
GUAPILES,0,0,0.112,0.272
GUATUSO,0,0,0.033,0.777
HEREDIA,0,0,0.864,1.008
HOJANCHA,0,0,1.167,0
JIMENEZ,0,0,0.255,0.063
LA_CRUZ,0,0,0.006,0
LA_UNION,0,0,7.863,5.664
LEON_CORTEZ,8.214,0,1.362,6.162
LIBERIA,0,0,0,0.248
LIMON,0,0,0,0
LOS_CHILES,0,1.288,0,1.272
MATINA,0,0,0,0
MONTES_DE_OCA,0,0,4.407,2.967
MONTES_DE_ORO,0,0,0.453,0.168
MORA,0,0,1.26,1.098
MORAVIA,0,0,1.548,1.86
NANDAYURE,0,0,0.042,0
NARANJO,0,0,1.56,0.144
NICOYA,0,0,4.608,0.024
OREAMUNO,0,0,0.393,0
OROTINA,0,0,4.557,1.095
OSA,4.413,0.003,10.02,0.042
PALMARES,0,0,0.468,0
PARAISO,0,0,0.075,0
PARRITA,4.359,0.009,1.959,1.668
PAVAS,0,0,0.055,0.47
PEREZ_ZELEDON,5.358,0,38.904,5.349
POAS,0,0,0.261,0.849
POCOCI,0,0,0.063,0.066
PTO_VIEJO,0,0,0,0.24
PUNTARENAS,0,0,9.57,0.022
PURISCAL,0,0,8.43,5.229
QUEPOS,34.91,2.405,8.325,0
SAN_CARLOS,0,0,0.354,0.246
SAN_ISIDRO,14.288,0,103.744,14.264
SAN_JOSE,0,0,1.422,0.006
SAN_MARCOS,15.785,0,3.68,6.835
SAN_MATEO,0,0,5.289,1.404
SAN_PABLO,0,0,0.198,0.012
SAN_RAFAEL,0,0,0.243,0.036
SAN_RAMON,0,0,3.392,0.104
SANTA_ANA,0,0,0.453,0.291
SANTA_BARBARA,0,0,0.042,0.762
SANTA_CRUZ,0,0,0,0
SANTO_DOMINGO,0,0,0.087,0.06
SARAPIQUI,0,0,0,0.24
SIQUIRRES,0,0,0,0
SIXAOLA,0,0,0,0
TALAMANCA,0,0,0,0
TARRAZU,15.21,0,3.873,4.953
TIBAS,0,0,0.726,1.017
TILARAN,0,0,0.012,0.384
TORTUGUERO,0,0,0,0.09
TURRIALBA,0,0,1.472,0.312
TURRUBARES,3.474,0,1.284,0
UPALA,0,0.016,0.96,2.504
VALVERDE_VEGA,0,0,1.503,0.6
VAZQUEZ,0,0,3.711,5.253
