ALAJUELA,0,0,0,1.4022
ABANGARES,0.0012,0,0,0
ACOSTA,0,0,0,0
AGUIRRE,2.1888,0.1506,1.809,0.063
ALAJUELITA,0,0,0.12,0.1044
ALFARO_RUIZ,0.225,0,0.474,2.1768
ALVARADO,0.0009,0,0.003,0
ASERRI,0,0,0.018,0.0012
ATENAS,0,0,0.003,0.0162
BAGACES,0,0,0.471,0.0006
BARVA,0,0,0,0.3594
BELEN,0,0,0,0.6444
BUENOS_AIRES,0.0062,0.012,0.717,0
CANAS,0,0,0.12,0
CARRILLO,0,0,0.003,0
CARTAGO,0,0,0,0
CD._QUESADA,0,0.04,0,0
CORREDORES,0.2823,0.0942,0.345,0.072
COTO_BRUS,5.648,0,4.04,0.6048
CURRIDABAT,0,0,0.405,0.264
DESAMPARADOS,0,0,0.183,0.177
DOTA,0,0,0,0.0252
EL_GUARCO,0,0,0,0
ESPARZA,0,0,0.021,0.114
ESCAZU,0,0,0,0.0078
FLORES,0,0,0,0.5946
GARABITO,1.2804,1.3722,0.732,0.1938
GOICOECHEA,0,0,0.243,1.5849
GOLFITO,0.3432,0.0992,0.456,0.8256
GRECIA,0,0,0,1.8957
GUACIMO,0,0,0,0
GUAPILES,0,0.0016,0,0.4512
GUATUSO,5.4741,0.4104,3.714,2.5617
HEREDIA,0.0256,0.384,4.664,10.9776
HOJANCHA,0,0,0.009,0
JIMENEZ,0.0279,0,0.195,0
LA_CRUZ,0,0,0,0
LA_UNION,0,0,0,0.0771
LEON_CORTEZ,0,0,0.003,4.9086
LIBERIA,0,0,0,0
LIMON,0,0,0,0
LOS_CHILES,0,0.032,0.24,3.2432
MATINA,0,0,0,0
MONTES_DE_OCA,0,0,0.258,1.4508
MONTES_DE_ORO,0,0,0,0.111
MORA,0,0,0,0.3102
MORAVIA,0.0021,0,0.405,1.4181
NANDAYURE,0,0,0,0
NARANJO,0,0,0.009,0.7026
NICOYA,0,0,0,0
OREAMUNO,0,0,0,0.0006
OROTINA,0,0,0,0
OSA,2.5026,3.0192,0.624,0.0471
PALMARES,0,0,0,0.4632
PARAISO,0.0006,0,0,0
PARRITA,13.1643,0.0846,4.968,0.1332
PAVAS,0,0,0,0.3405
PEREZ_ZELEDON,1.1733,0.0186,4.014,3.0024
POAS,0,0,0,1.557
POCOCI,0,0,0.015,0.1221
PTO_VIEJO,0.028,2.056,0,13.0656
PUNTARENAS,0,0,0,0.0022
PURISCAL,0,0,0.003,0.036
QUEPOS,3.61,0.323,3,0.081
SAN_CARLOS,0,0.9408,0.399,2.1174
SAN_ISIDRO,3.1288,0.0496,10.704,8.0064
SAN_JOSE,0,0,0,0
SAN_MARCOS,0,0,0,5.5725
SAN_MATEO,0,0,0.006,0
SAN_PABLO,0,0,0,0.087
SAN_RAFAEL,0,0,0,0.1446
SAN_RAMON,0,0,0.048,1.1896
SANTA_ANA,0.0021,0,0.093,0.2976
SANTA_BARBARA,0,0,0,0.9096
SANTA_CRUZ,0,0,0.04,0
SANTO_DOMINGO,0,0,0,0.1308
SARAPIQUI,0.028,2.056,0,13.0656
SIQUIRRES,0,0,0.006,0
SIXAOLA,0,0,0,0
TALAMANCA,0,0,0,0
TARRAZU,0,0,0.003,1.002
TIBAS,0.0039,0,0.075,0.5172
TILARAN,0.8706,0.8406,2.256,0.396
TORTUGUERO,0.0155,0.003,0,0
TURRIALBA,0.4008,0,1.64,0
TURRUBARES,0,0,0.006,0.0714
UPALA,0.004,0,0.72,1.4904
VALVERDE_VEGA,0,0,0.003,1.0182
VAZQUEZ,0.0012,0,5.064,5.1714
