ALAJUELA,0,0,0.187,0
ABANGARES,0.015,0,0.012,0.006
ACOSTA,0,0,0,0
AGUIRRE,0,0,0.012,0
ALAJUELITA,0,0,0.048,0.033
ALFARO_RUIZ,0.267,0.426,1.383,1.368
ALVARADO,0,0,0.39,1.602
ASERRI,0,0,0,0
ATENAS,0,0,0.045,0.003
BAGACES,0,0,0,0
BARVA,0.072,0.015,0.087,0.201
BELEN,0,0,0.006,0.012
BUENOS_AIRES,0.288,0.164,1.626,0.358
CANAS,0,0,0,0
CARRILLO,0,0,0,0
CARTAGO,0,0,0.06,2.406
CD._QUESADA,0.776,0,0,3.384
CORREDORES,0.201,0.093,1.518,0.246
COTO_BRUS,0.272,0.032,0.176,0.08
CURRIDABAT,0,0,0.024,0.039
DESAMPARADOS,0,0,0.012,0
DOTA,0.009,0,1.488,0.564
EL_GUARCO,0,0,0.045,0.06
ESPARZA,0.006,0,3.849,0.024
ESCAZU,0,0,0.275,0
FLORES,0,0,0,0
GARABITO,0,0,0,0.066
GOICOECHEA,0.012,0,1.185,1.455
GOLFITO,1.376,0.72,0.856,0.648
GRECIA,0,0,2.883,0.006
GUACIMO,0,0,0,0
GUAPILES,0,0.112,0,0
GUATUSO,0.006,1.188,0.189,0.453
HEREDIA,0,0.024,0.608,0.424
HOJANCHA,0,0,0,0
JIMENEZ,0.003,0,0.504,3.396
LA_CRUZ,0,0,3.987,0
LA_UNION,0,0,0,0
LEON_CORTEZ,0.009,0,0.546,0.024
LIBERIA,0,0,0.024,0
LIMON,0,0,0,0.448
LOS_CHILES,0.008,1.736,0.144,6.272
MATINA,0,0,0,0
MONTES_DE_OCA,0,0,0.36,0.657
MONTES_DE_ORO,0,0,0.432,0.174
MORA,0,0,0.006,0.186
MORAVIA,0.051,0.006,2.418,2.148
NANDAYURE,0,0,0.033,0
NARANJO,0,0,1.533,0.009
NICOYA,0,0,0,0
OREAMUNO,0,0,0.039,1.956
OROTINA,0,0,0.378,0.021
OSA,0,0,0.081,0.147
PALMARES,0,0,1.041,0.024
PARAISO,0.012,0,0.357,0.489
PARRITA,0.042,0,1.356,0.003
PAVAS,0,0,0.03,0.27
PEREZ_ZELEDON,0,0,3.18,0.354
POAS,0,0,0.264,0
POCOCI,0,0.027,0,0
PTO_VIEJO,0.064,0.336,0,0.144
PUNTARENAS,0,0,1.76,0
PURISCAL,0,0,0.009,0.003
QUEPOS,0,0,0.03,0
SAN_CARLOS,0,0,0.318,0.915
SAN_ISIDRO,0,0,8.48,0.944
SAN_JOSE,0,0,0.894,0.888
SAN_MARCOS,0.015,0,0.225,0
SAN_MATEO,0,0,0.345,0.018
SAN_PABLO,0.105,0.033,0.201,0.351
SAN_RAFAEL,0.513,0.159,0.777,1.356
SAN_RAMON,0,0,0.624,0.056
SANTA_ANA,0,0,0.063,0.453
SANTA_BARBARA,0.021,0,0.021,0.117
SANTA_CRUZ,0,0,2.48,0
SANTO_DOMINGO,0.045,0.015,0.12,0.162
SARAPIQUI,0.064,0.336,0,0.144
SIQUIRRES,0,0,0,0.006
SIXAOLA,0,0.152,0,0
TALAMANCA,0,0.003,0,0
TARRAZU,0,0,0.015,0.06
TIBAS,0.039,0,0.354,0.522
TILARAN,0,0,0,0
TORTUGUERO,2.845,3.32,0,2.265
TURRIALBA,0,0,1.272,5.6
TURRUBARES,0,0,0.03,0.03
UPALA,0.176,0.096,0.312,5.744
VALVERDE_VEGA,0,0,1.059,0.009
VAZQUEZ,0.036,0.006,6.792,5.016
