ALAJUELA,0,0,0,0
ABANGARES,0,0,0.003,0
ACOSTA,0,0,0,0
AGUIRRE,0,0,0.129,0
ALAJUELITA,0,0,0.186,0.354
ALFARO_RUIZ,0.006,0.54,0.015,0.024
ALVARADO,0.426,0.66,0,0
ASERRI,0,0,0,0.024
ATENAS,0,0,0,0
BAGACES,0.009,0,0,0
BARVA,0.099,0,0,0
BELEN,0,0,0,0
BUENOS_AIRES,0.006,0,0.765,4.551
CANAS,0,0,0,0
CARRILLO,0.021,0,0,0
CARTAGO,0.21,1.242,0,0
CD._QUESADA,29.712,9.32,1,0.28
CORREDORES,0.033,0,0.486,0.018
COTO_BRUS,0.648,0,3.912,4.744
CURRIDABAT,0,0,0.279,0.786
DESAMPARADOS,0,0,0.12,0.342
DOTA,0,0,0.003,0.012
EL_GUARCO,0.297,0.189,0,0
ESPARZA,0,0,0.771,0
ESCAZU,0,0,0,0
FLORES,0,0,0,0
GARABITO,0,0,0,0
GOICOECHEA,0,0,0.912,1.395
GOLFITO,0,0,0.032,0.04
GRECIA,0,0,0.03,0
GUACIMO,1.179,2.988,0.003,0.042
GUAPILES,1.992,4.264,0,0.496
GUATUSO,1.83,3.414,0.237,0.357
HEREDIA,1.392,8.304,0,1.192
HOJANCHA,0,0,0,0
JIMENEZ,0.219,0.492,0,0.015
LA_CRUZ,0,0,0,0
LA_UNION,0,0.012,0,0
LEON_CORTEZ,0,0,0.135,0.063
LIBERIA,0,0,0,0
LIMON,3.304,18.872,0.008,0
LOS_CHILES,1.304,0.808,1.656,4.64
MATINA,2.736,2.607,0.702,0.183
MONTES_DE_OCA,0,0,0.453,1.116
MONTES_DE_ORO,0,0,0,0
MORA,0,0,0,0
MORAVIA,0.009,0,1.905,1.95
NANDAYURE,0,0,0.006,0
NARANJO,0,0,0.015,0.006
NICOYA,0,0,0,0
OREAMUNO,0.174,0.87,0,0
OROTINA,0,0,0.036,0.009
OSA,0,0,0,0.015
PALMARES,0,0,0.009,0
PARAISO,0,0.03,0,0
PARRITA,0,0,0.174,0
PAVAS,0.005,0,0.02,0
PEREZ_ZELEDON,0,0,1.275,1.314
POAS,0,0,0.081,0.033
POCOCI,1.122,1.875,0,0.186
PTO_VIEJO,3.536,10.128,0.328,1.36
PUNTARENAS,0,0,0.066,0
PURISCAL,0,0,0.468,0.009
QUEPOS,0,0,0.22,0
SAN_CARLOS,0,1.389,0,0
SAN_ISIDRO,0,0,3.4,3.504
SAN_JOSE,0.744,1.356,0,0
SAN_MARCOS,0,0,0,0.005
SAN_MATEO,0,0,0.027,0.003
SAN_PABLO,0.084,0,0,0
SAN_RAFAEL,0.234,0.12,0,0
SAN_RAMON,0,0,0.064,0
SANTA_ANA,0.003,0,0.351,0.09
SANTA_BARBARA,0,0,0,0
SANTA_CRUZ,0,0,0,0
SANTO_DOMINGO,0.066,0.006,0,0
SARAPIQUI,3.536,10.128,0.328,1.36
SIQUIRRES,2.109,1.749,0,0.057
SIXAOLA,44.888,2.256,0.112,0
TALAMANCA,3.255,0.009,0.666,0
TARRAZU,0,0,0.003,0.015
TIBAS,0.015,0,1.113,0.618
TILARAN,0.105,3.108,0.009,0.183
TORTUGUERO,8.175,13.285,2.915,7.145
TURRIALBA,0.408,0.56,0.016,0.024
TURRUBARES,0,0,0,0
UPALA,2.568,0.352,0.04,1.536
VALVERDE_VEGA,0,0,0.024,0.012
VAZQUEZ,0.078,0,4.332,9.006
