ALAJUELA,0,0,17.495,0.035
ABANGARES,0.009,0,0.534,0.51
ACOSTA,0.66,0,0.279,0
AGUIRRE,4.377,3.747,0.006,0
ALAJUELITA,0.003,0,5.58,0.075
ALFARO_RUIZ,0,0,16.209,0.639
ALVARADO,0,0,0.189,0.078
ASERRI,0,0,6.342,0
ATENAS,0,0,0.396,0
BAGACES,0,0,0,0
BARVA,0,0,0.255,0.003
BELEN,0,0,3.051,0.036
BUENOS_AIRES,2.324,0,52.649,6.631
CANAS,0,0,0,0
CARRILLO,0,0,0,0
CARTAGO,0,0,0.432,0
CD._QUESADA,0,5.704,0,0
CORREDORES,0.753,0.033,4.929,2.274
COTO_BRUS,5.736,0,57.888,27.272
CURRIDABAT,0.015,0,10.089,0.69
DESAMPARADOS,0.006,0,7.662,0.153
DOTA,0.948,0,5.472,5.202
EL_GUARCO,0,0,0.036,0
ESPARZA,0.18,0,12.573,0
ESCAZU,0.04,0,7.338,0.003
FLORES,0,0,1.407,0
GARABITO,0.03,7.71,0.174,0.033
GOICOECHEA,0.021,0,4.401,0.81
GOLFITO,6.32,2.384,6.768,0.064
GRECIA,0.006,0,4.638,0.018
GUACIMO,0,0,0,0
GUAPILES,0,0,0,0
GUATUSO,0,0,0.048,0.255
HEREDIA,0,0,0.856,0.088
HOJANCHA,0.225,0,0,0
JIMENEZ,0,0,0.084,0
LA_CRUZ,0,0,0.021,0.009
LA_UNION,0,0,4.071,0.48
LEON_CORTEZ,0.882,0.081,26.475,34.002
LIBERIA,0,0,0,0
LIMON,0,0,0,0
LOS_CHILES,0,0,0.008,2.376
MATINA,0,0,0,0
MONTES_DE_OCA,0.021,0,7.461,0.96
MONTES_DE_ORO,0.057,0,7.623,0.285
MORA,0,0,1.512,0
MORAVIA,0.036,0,2.943,0.501
NANDAYURE,0.408,0,1.299,0
NARANJO,0,0,9.333,0.039
NICOYA,1.512,0,0,0
OREAMUNO,0,0,0.339,0.012
OROTINA,0.009,0,1.869,0.138
OSA,3.018,0.396,20.157,0.063
PALMARES,0,0,5.271,0
PARAISO,0.009,0,0.051,0
PARRITA,3.789,8.661,0.078,0
PAVAS,0,0,0.88,0.005
PEREZ_ZELEDON,2.913,0,9.753,2.223
POAS,0.003,0,14.562,0.291
POCOCI,0,0,0.018,0.003
PTO_VIEJO,0,0,0.024,0.016
PUNTARENAS,0.242,0,34.98,0
PURISCAL,0.066,0,8.934,1.035
QUEPOS,7.72,5.42,0.03,0
SAN_CARLOS,0,0,1.629,0.303
SAN_ISIDRO,7.768,0,26.008,5.928
SAN_JOSE,0,0,0.486,0.192
SAN_MARCOS,0.965,0.08,48.405,41.545
SAN_MATEO,0.015,0,1.821,0.123
SAN_PABLO,0.003,0,0.171,0.018
SAN_RAFAEL,0,0,0.336,0.012
SAN_RAMON,0.048,0,20.624,0
SANTA_ANA,0.009,0,0.945,0
SANTA_BARBARA,0,0,8.817,0.045
SANTA_CRUZ,0,0,0.048,0.096
SANTO_DOMINGO,0,0,0.195,0.036
SARAPIQUI,0,0,0.024,0.016
SIQUIRRES,0,0,0,0
SIXAOLA,0,0,0,0
TALAMANCA,0,0,0,0
TARRAZU,0.801,0.069,49.419,22.962
TIBAS,0,0,1.554,0.141
TILARAN,0.024,0,0.984,0.216
TORTUGUERO,0,6.285,0,0
TURRIALBA,0,0,0.176,0.064
TURRUBARES,0.21,0,1.272,0
UPALA,0,0.608,0.104,1.72
VALVERDE_VEGA,0,0,14.832,0.147
VAZQUEZ,0.096,0,8.706,6.684
