ALAJUELA,0,0,0,0
ABANGARES,0.027,0,0.036,0
ACOSTA,0,0,0,0
AGUIRRE,0.003,0,0.018,0
ALAJUELITA,0,0,0.033,0
ALFARO_RUIZ,0.261,0.075,0.642,0
ALVARADO,0,0,0,0
ASERRI,0,0.114,0,0
ATENAS,0,0,0.018,0
BAGACES,0,0,0,0
BARVA,0.195,0.036,0.018,0
BELEN,0,0,0,0
BUENOS_AIRES,0.129,0.006,3.672,0.267
CANAS,0,0,0,0
CARRILLO,0,0,0,0
CARTAGO,0,0,0,0
CD._QUESADA,2.064,5.784,0.944,0.736
CORREDORES,0.243,0.084,2.823,0.219
COTO_BRUS,0.216,0.216,0.432,0.096
CURRIDABAT,0,0,0.018,0
DESAMPARADOS,0,0,0.018,0
DOTA,0.069,0,0.294,0
EL_GUARCO,0,0,0,0
ESPARZA,0,0,0.417,0.003
ESCAZU,0,0,0.018,0
FLORES,0,0,0,0
GARABITO,1.32,0.189,0.009,0
GOICOECHEA,0.006,0,0.87,0.045
GOLFITO,0.072,0.016,1.296,0.952
GRECIA,0,0,0.018,0
GUACIMO,0.084,0.351,0,0
GUAPILES,0.216,0.912,0,0
GUATUSO,0.231,0.132,0,0
HEREDIA,0.464,0.384,0.392,0.056
HOJANCHA,0,0,0.255,0.003
JIMENEZ,0.006,0,0.054,0
LA_CRUZ,0,0,2.703,0.114
LA_UNION,0,0,0,0
LEON_CORTEZ,0.045,0,0.162,0.024
LIBERIA,0,0.056,0,0
LIMON,0,0,0,0
LOS_CHILES,0.952,0.848,0.216,0.048
MATINA,0.003,0,0,0
MONTES_DE_OCA,0,0,0.303,0.003
MONTES_DE_ORO,0.006,0.003,0.579,0.666
MORA,0,0,0,0
MORAVIA,0.084,0.018,1.434,0.105
NANDAYURE,0,0,0.672,0
NARANJO,0,0,0.006,0
NICOYA,0,0,0.144,0
OREAMUNO,0,0,0,0
OROTINA,0,0,0.096,0.003
OSA,0.012,0,0.189,0.063
PALMARES,0,0,0,0
PARAISO,0,0,0,0
PARRITA,0.147,0,0.246,0.003
PAVAS,0,0,0.095,0
PEREZ_ZELEDON,0.378,0.003,1.614,0.627
POAS,0,0,0,0
POCOCI,0.045,0.285,0,0
PTO_VIEJO,0.024,0.872,0.008,0
PUNTARENAS,0,0,0.297,0
PURISCAL,0,0,0,0
QUEPOS,0,0,0.025,0
SAN_CARLOS,0,0,0.666,0
SAN_ISIDRO,1.008,0.008,4.304,1.672
SAN_JOSE,0,0,0,0
SAN_MARCOS,0.06,0.005,0.055,0
SAN_MATEO,0,0,0.12,0.009
SAN_PABLO,0.138,0.024,0.021,0.003
SAN_RAFAEL,0.621,0.138,0.447,0.543
SAN_RAMON,0,0,0,0
SANTA_ANA,0,0,0.069,0
SANTA_BARBARA,0,0,0,0
SANTA_CRUZ,0,0,0.536,0.136
SANTO_DOMINGO,0.144,0.036,0.162,0.066
SARAPIQUI,0.024,0.872,0.008,0
SIQUIRRES,0.027,0,0,0
SIXAOLA,0.376,0,0,0
TALAMANCA,0.345,0,0,0.06
TARRAZU,0,0,0.003,0
TIBAS,0.234,0.048,0.585,0.066
TILARAN,0.12,0.021,0.018,0
TORTUGUERO,0.01,3.115,0.12,0.075
TURRIALBA,0,0,0.424,0.064
TURRUBARES,0,0,0.087,0
UPALA,0.72,2.864,0.224,0.08
VALVERDE_VEGA,0,0,0.012,0
VAZQUEZ,0.078,0.018,3.096,0.378
