ALAJUELA,0,0,0.0431,0.005
ABANGARES,0,0.018,0.0072,0
ACOSTA,0,0,0,0
AGUIRRE,16.326,5.895,0.0918,0.03
ALAJUELITA,0,0,1.8864,0.042
ALFARO_RUIZ,0,0,3.3882,0.759
ALVARADO,0,0,0,0
ASERRI,0,0,1.998,0
ATENAS,0,0,0.1866,0.006
BAGACES,0,0,0,0
BARVA,0,0,0.003,0
BELEN,0,0,0.039,0.006
BUENOS_AIRES,0.302,0,19.3211,1.918
CANAS,0,0,0,0
CARRILLO,0,0,0,0
CARTAGO,0,0,0,0
CD._QUESADA,0.296,0,0,0
CORREDORES,0.309,0.039,2.2563,4.758
COTO_BRUS,0.056,0,0.66,0.232
CURRIDABAT,0,0,4.161,0.552
DESAMPARADOS,0,0,2.3076,0.06
DOTA,0.201,0,0.0066,0.018
EL_GUARCO,0,0,0,0
ESPARZA,0,0,7.9533,0.114
ESCAZU,0,0,0.0183,0.063
FLORES,0,0,0.021,0
GARABITO,14.586,4.296,0.5073,0
GOICOECHEA,0,0,1.2627,0.639
GOLFITO,5.32,1.976,2.8464,1.584
GRECIA,0,0,5.9118,0
GUACIMO,0,0,0,0
GUAPILES,0,0,0,0
GUATUSO,0.003,0.27,0,0
HEREDIA,0,0.032,0.3456,0.152
HOJANCHA,0,0,0.486,0
JIMENEZ,0,0,0,0
LA_CRUZ,0,0,0.0192,0.024
LA_UNION,0,0,0.036,0.015
LEON_CORTEZ,0,0,0.4968,8.082
LIBERIA,0,0,0,0
LIMON,0,0,0,0
LOS_CHILES,2.76,0,0,0
MATINA,0,0,0,0
MONTES_DE_OCA,0,0,1.6647,0.33
MONTES_DE_ORO,0,0,0.0792,0.114
MORA,0,0,0.408,0
MORAVIA,0,0,1.2,0.954
NANDAYURE,0,0,0.0279,0
NARANJO,0,0,15.9864,0
NICOYA,0,0,1.3656,0.008
OREAMUNO,0,0,0,0
OROTINA,0,0,0.4887,0.237
OSA,2.385,3.537,0.1437,0.195
PALMARES,0,0,2.6415,0
PARAISO,0,0,0,0
PARRITA,1.938,8.079,0.2463,0
PAVAS,0,0,0.01,0
PEREZ_ZELEDON,0,0,1.3626,0.435
POAS,0,0,2.097,0
POCOCI,0,0,0,0
PTO_VIEJO,1.032,2.688,0,0
PUNTARENAS,0,0,7.5504,0.033
PURISCAL,0.003,0,0.2379,1.344
QUEPOS,27.935,13.64,0.162,0.03
SAN_CARLOS,0,0,0.402,0
SAN_ISIDRO,0,0,3.6336,1.16
SAN_JOSE,0,0,0,0
SAN_MARCOS,0.005,0,1.1705,9.3
SAN_MATEO,0,0,0.3762,0.093
SAN_PABLO,0,0,0,0
SAN_RAFAEL,0,0,0,0
SAN_RAMON,0,0,22.272,0.008
SANTA_ANA,0,0,0.0396,0
SANTA_BARBARA,0,0,0.1806,0
SANTA_CRUZ,0,0,0,0
SANTO_DOMINGO,0,0,0,0
SARAPIQUI,1.032,2.688,0,0
SIQUIRRES,0,0,0,0
SIXAOLA,0,0.008,0,0
TALAMANCA,0,0,0,0
TARRAZU,0.036,0,0.6351,4.071
TIBAS,0,0,0.2187,0.021
TILARAN,0,0.828,0,0
TORTUGUERO,6.705,0,0,0
TURRIALBA,0,0,0.0752,0
TURRUBARES,0.054,0,0.3003,0
UPALA,1.496,2.672,0.0328,1.976
VALVERDE_VEGA,0,0,7.5717,0.027
VAZQUEZ,0,0,5.9244,10.074
