ALAJUELA,0,0,0.287,0.641
ABANGARES,0,0,0.006,0.012
ACOSTA,0,0,0.321,0.048
AGUIRRE,1.521,0,0.801,0
ALAJUELITA,0,0,7.518,3.129
ALFARO_RUIZ,0.012,0,2.076,1.551
ALVARADO,0,0,0.006,0
ASERRI,0,0,4.242,7.584
ATENAS,0.003,0,2.271,0.006
BAGACES,0,0,0,0
BARVA,0,0,0.129,0
BELEN,0,0,0.03,0.117
BUENOS_AIRES,0.054,0.0082,18.253,1.471
CANAS,0,0,0,0
CARRILLO,0,0,0,0
CARTAGO,0,0,0,0.3
CD._QUESADA,0.048,11.488,0,0
CORREDORES,0.075,0,24.804,0.207
COTO_BRUS,0.008,0,26.384,1.056
CURRIDABAT,0,0,16.254,16.092
DESAMPARADOS,0,0,10.71,7.182
DOTA,0,0,0.282,0.375
EL_GUARCO,0,0,0,0
ESPARZA,0,0,0.573,0.081
ESCAZU,0,0,0.042,0.009
FLORES,0,0,0.084,0.045
GARABITO,0,0,0.804,0
GOICOECHEA,0,0,6.891,3.606
GOLFITO,0,0,0,0
GRECIA,0,0,1.809,0.087
GUACIMO,0,0.0132,0,0
GUAPILES,0,0.0032,0,0.008
GUATUSO,0,0.0018,0,0.246
HEREDIA,0,0,1.856,0.056
HOJANCHA,0,0,0,0
JIMENEZ,0,0,0,0
LA_CRUZ,0,0,0,0
LA_UNION,0,0,2.631,6.816
LEON_CORTEZ,0,0,0.378,18.867
LIBERIA,0,0,0,0
LIMON,0,0.0304,0,0
LOS_CHILES,0,0.0736,0,1.096
MATINA,0,0.063,0,0
MONTES_DE_OCA,0,0,11.7,7.326
MONTES_DE_ORO,0,0,0.003,0
MORA,0,0,0.156,0.006
MORAVIA,0.003,0,4.467,1.524
NANDAYURE,0,0,0.003,0
NARANJO,0,0,5.322,3.006
NICOYA,0,0,0.016,0
OREAMUNO,0,0,0.003,0.246
OROTINA,0,0,2.118,0.297
OSA,0.009,0,0.09,0
PALMARES,0,0,1.587,0.573
PARAISO,0,0,0,0
PARRITA,0.063,0,0.051,0.039
PAVAS,0,0,0.735,0.005
PEREZ_ZELEDON,0.18,0,0.546,0.042
POAS,0,0,0.213,0.399
POCOCI,0,0.0006,0,0
PTO_VIEJO,0,0.3088,0,0.328
PUNTARENAS,0,0,0,0
PURISCAL,0,0,7.527,2.505
QUEPOS,2.395,0,1.42,0
SAN_CARLOS,0,0,1.314,1.389
SAN_ISIDRO,0.48,0,1.456,0.112
SAN_JOSE,0,0,0.042,0.006
SAN_MARCOS,0,0,0.635,18.895
SAN_MATEO,0,0,3.654,0.306
SAN_PABLO,0.003,0,0.465,0
SAN_RAFAEL,0.021,0,0.666,0.003
SAN_RAMON,0.072,0.0208,10.872,4.4
SANTA_ANA,0,0,0.663,0.024
SANTA_BARBARA,0,0,0.171,0.501
SANTA_CRUZ,0,0,0,0
SANTO_DOMINGO,0.003,0,0.6,0.009
SARAPIQUI,0,0.3088,0,0.328
SIQUIRRES,0,0.0096,0,0
SIXAOLA,0,0.1184,0,0
TALAMANCA,0,0,0,0
TARRAZU,0,0,0.405,1.248
TIBAS,0,0,1.776,0.231
TILARAN,0.021,0.0174,0.258,0.486
TORTUGUERO,0,0.662,0,0
TURRIALBA,0,0,0.32,0.176
TURRUBARES,0,0,0.048,0
UPALA,0,0.3776,0.016,0.392
VALVERDE_VEGA,0,0,4.629,2.208
VAZQUEZ,0,0,18.516,6.87
