ALAJUELA,0,0,0,0
ABANGARES,0,0,0,0
ACOSTA,0,0,0,0
AGUIRRE,0,0,1.167,0
ALAJUELITA,0,0,0.021,0.003
ALFARO_RUIZ,0,0,0.069,0.387
ALVARADO,0,0.144,0,0
ASERRI,0,0,0,0
ATENAS,0,0,0.003,0
BAGACES,0,0,0,0.267
BARVA,0,0,0,0
BELEN,0,0,0,0
BUENOS_AIRES,0,0,5.144,0.072
CANAS,0,0,0,0.488
CARRILLO,0,0,0,0.105
CARTAGO,0,0.084,0,0
CD._QUESADA,3.928,0.32,0,1.464
CORREDORES,0.012,0,0.489,0.084
COTO_BRUS,0.2,0.016,1.208,0.176
CURRIDABAT,0,0,0.009,0.009
DESAMPARADOS,0,0,0.009,0.009
DOTA,0,0,0.033,0.012
EL_GUARCO,0,0,0,0
ESPARZA,0,0,0.336,0.147
ESCAZU,0,0,0,0
FLORES,0,0,0,0
GARABITO,0.255,0,0.003,0
GOICOECHEA,0,0,0.567,0.618
GOLFITO,0.088,0.056,0.856,0.264
GRECIA,0,0,0,0
GUACIMO,0,0.042,0,0.063
GUAPILES,0,0.12,0,0.456
GUATUSO,0,0.039,0,1.506
HEREDIA,0,0,0,2.52
HOJANCHA,0,0,0,0.003
JIMENEZ,0,0.006,0.057,0.024
LA_CRUZ,0,0,0.33,0.114
LA_UNION,0,0,0,0
LEON_CORTEZ,0,0,0.369,0.012
LIBERIA,0,0,0,0.008
LIMON,0.368,4.24,0,0
LOS_CHILES,14.48,3.976,2.288,1.872
MATINA,0.063,0.039,0,0.03
MONTES_DE_OCA,0,0,0.147,0.165
MONTES_DE_ORO,0,0,0,0.015
MORA,0,0,0,0
MORAVIA,0,0,1.182,1.134
NANDAYURE,0,0,0.045,0
NARANJO,0,0,0.003,0
NICOYA,0,0,0,0
OREAMUNO,0,0.066,0,0
OROTINA,0,0,0.021,0.003
OSA,0,0,0.003,0.006
PALMARES,0,0,0,0.015
PARAISO,0,0,0,0
PARRITA,0.021,0,0.261,0.006
PAVAS,0,0,0.005,0
PEREZ_ZELEDON,1.992,0.003,2.445,0.012
POAS,0,0,0,0
POCOCI,0,0.018,0,0.147
PTO_VIEJO,0.048,0.008,0,4.008
PUNTARENAS,0,0,0.077,0
PURISCAL,0,0,0,0
QUEPOS,0,0,1.83,0
SAN_CARLOS,0,0,0,0.042
SAN_ISIDRO,5.312,0.008,6.52,0.032
SAN_JOSE,0,0.402,0,0
SAN_MARCOS,0,0,0,0
SAN_MATEO,0,0,0.03,0
SAN_PABLO,0,0,0,0
SAN_RAFAEL,0,0,0,0
SAN_RAMON,0,0,0,0.232
SANTA_ANA,0,0,0.048,0
SANTA_BARBARA,0,0,0,0
SANTA_CRUZ,0,0,0.464,0.304
SANTO_DOMINGO,0,0,0,0
SARAPIQUI,0.048,0.008,0,4.008
SIQUIRRES,0.003,0.027,0,0.054
SIXAOLA,1.384,0.952,0,0.096
TALAMANCA,0.15,0.177,0,0
TARRAZU,0,0,0,0
TIBAS,0,0,0.411,0.384
TILARAN,0,0,0.012,0.516
TORTUGUERO,0.435,0.07,0,2.655
TURRIALBA,0,0,0.032,0
TURRUBARES,0,0,0.006,0
UPALA,4.072,2.792,0.016,9.736
VALVERDE_VEGA,0,0,0.021,0
VAZQUEZ,0,0,1.275,0.582
