ALAJUELA,0,0,0,0
ABANGARES,0,0,0,0
ACOSTA,0,0,0,0
AGUIRRE,0,0,0.408,0.567
ALAJUELITA,0,0,0.162,0
ALFARO_RUIZ,0,0,0.168,0.186
ALVARADO,0,0,0,0.03
ASERRI,0,0,0,0
ATENAS,0,0,0,0
BAGACES,0,0,0,0.009
BARVA,0,0,0,0
BELEN,0,0,0,0
BUENOS_AIRES,0.003,0,0.038,0
CANAS,0,0,0,0
CARRILLO,0,0,0,0
CARTAGO,0,0,0,0
CD._QUESADA,0.92,1.376,0.816,0.168
CORREDORES,0.087,0,0.555,0.066
COTO_BRUS,0.76,0,1.088,0.024
CURRIDABAT,0,0,0.186,0
DESAMPARADOS,0,0,0.168,0
DOTA,0,0,0,0.003
EL_GUARCO,0,0,0,0
ESPARZA,0,0,0.018,0.006
ESCAZU,0,0,0,0
FLORES,0,0,0,0
GARABITO,2.379,0.318,0,0
GOICOECHEA,0,0,0.261,0.012
GOLFITO,0.888,3.256,10.472,1.664
GRECIA,0,0,0,0
GUACIMO,0,0,0.237,0.363
GUAPILES,0,0,3.936,1.4
GUATUSO,1.665,0.303,0.21,2.721
HEREDIA,0,0.056,4.008,7.896
HOJANCHA,0,0,0,0
JIMENEZ,0,0,0.036,0
LA_CRUZ,0,0,0,0
LA_UNION,0,0,0,0
LEON_CORTEZ,0,0,0.084,0.06
LIBERIA,0,0,0,0.2
LIMON,0,0,0.536,1.176
LOS_CHILES,0,1.056,0.016,0.072
MATINA,0,0,0.471,0.885
MONTES_DE_OCA,0,0,0.228,0
MONTES_DE_ORO,0,0,0,0
MORA,0,0,0,0
MORAVIA,0,0,0.414,0.042
NANDAYURE,0,0,0,0
NARANJO,0,0,0,0
NICOYA,0,0,0,0
OREAMUNO,0,0,0,0.045
OROTINA,0,0,0,0
OSA,2.538,0.291,0.912,0.27
PALMARES,0,0,0,0
PARAISO,0,0,0,0
PARRITA,0.009,0,0.456,0.078
PAVAS,0,0,0,0
PEREZ_ZELEDON,0.588,0,5.346,1.842
POAS,0,0,0,0
POCOCI,0,0.003,1.602,0.414
PTO_VIEJO,0,0.048,1.016,13.128
PUNTARENAS,0,0,0,0
PURISCAL,0,0,0,0
QUEPOS,0,0,0.595,0.82
SAN_CARLOS,0,0,0.222,0.135
SAN_ISIDRO,1.568,0,14.256,4.912
SAN_JOSE,0,0,0,0.18
SAN_MARCOS,0,0,0,0
SAN_MATEO,0,0,0,0
SAN_PABLO,0,0,0,0
SAN_RAFAEL,0,0,0,0
SAN_RAMON,0,0,0,0
SANTA_ANA,0,0,0.03,0
SANTA_BARBARA,0,0,0,0
SANTA_CRUZ,0,0,0,0
SANTO_DOMINGO,0,0,0.006,0
SARAPIQUI,0,0.048,1.016,13.128
SIQUIRRES,0.003,0,0.06,1.053
SIXAOLA,0,0,0,0.016
TALAMANCA,0,0,0.003,0.048
TARRAZU,0,0,0,0
TIBAS,0,0,0.003,0
TILARAN,0.507,0,0,0.57
TORTUGUERO,4.235,2.23,1.36,0.215
TURRIALBA,0,0,0.184,0.056
TURRUBARES,0,0,0,0
UPALA,1.12,0.96,0.088,6.52
VALVERDE_VEGA,0,0,0,0
VAZQUEZ,0,0,0.582,0.177
