ALAJUELA,0,0,0.606,0.502
ABANGARES,0,0,0,0
ACOSTA,0.003,0,1.677,0.021
AGUIRRE,0,0,0.48,0
ALAJUELITA,0.012,0,15.483,3.741
ALFARO_RUIZ,0,0,4.377,1.71
ALVARADO,0,0,0.18,0.003
ASERRI,0.006,0,13.584,0.12
ATENAS,0,0,2.163,0
BAGACES,0,0,0,0
BARVA,0,0,0.582,0.276
BELEN,0,0,0.375,0.522
BUENOS_AIRES,0.035,0,61.009,0.555
CANAS,0,0,0,0
CARRILLO,0,0,0,0
CARTAGO,0,0,0.132,0
CD._QUESADA,0.064,0.064,0,0.744
CORREDORES,0.042,0.063,3.663,0.447
COTO_BRUS,1.64,0,2.672,1.112
CURRIDABAT,0.012,0,18.741,8.754
DESAMPARADOS,0.003,0,15.444,4.656
DOTA,0.003,0,0.111,2.502
EL_GUARCO,0,0,0.048,0
ESPARZA,0,0,2.112,0
ESCAZU,0,0,9.22,0.138
FLORES,0,0,0.393,0.285
GARABITO,1.431,0.27,4.791,0
GOICOECHEA,0.222,0.075,12.501,6.714
GOLFITO,0,0,0.088,0
GRECIA,0,0,1.815,0.03
GUACIMO,0,0,0,0.009
GUAPILES,0,0,0.024,0.12
GUATUSO,0,0,0.012,0.408
HEREDIA,0.008,0,0.76,0.56
HOJANCHA,0,0,0,0
JIMENEZ,0,0,0.246,0.006
LA_CRUZ,0,0,0,0
LA_UNION,0,0,0.729,0.489
LEON_CORTEZ,0.042,0,0.378,14.202
LIBERIA,0,0,0,0
LIMON,0,0,0,0.032
LOS_CHILES,0,0,0,1.248
MATINA,0,0,0,0
MONTES_DE_OCA,0.048,0.012,15.825,8.631
MONTES_DE_ORO,0,0,0.264,0
MORA,0.012,0,5.46,0.33
MORAVIA,0.243,0.078,9.45,4.245
NANDAYURE,0,0,0,0
NARANJO,0,0,5.772,0.009
NICOYA,0,0,0,0
OREAMUNO,0,0,0.072,0
OROTINA,0,0,0.726,0
OSA,0.075,0,6.216,0.204
PALMARES,0,0,4.407,0
PARAISO,0,0,0.021,0
PARRITA,0.009,0,1.38,0
PAVAS,0.005,0,3.8,2.92
PEREZ_ZELEDON,0.243,0,3.552,1.524
POAS,0,0,1.548,0.414
POCOCI,0,0,0.06,0.084
PTO_VIEJO,0,0,0,0.024
PUNTARENAS,0,0,1.067,0
PURISCAL,0,0,11.808,5.34
QUEPOS,0,0,0.905,0
SAN_CARLOS,0,0.003,1.593,0.42
SAN_ISIDRO,0.648,0,9.472,4.064
SAN_JOSE,0,0,0.378,0
SAN_MARCOS,0.085,0,0.495,15.325
SAN_MATEO,0,0,0.447,0
SAN_PABLO,0.003,0,1.086,0.372
SAN_RAFAEL,0.009,0,0.999,0.3
SAN_RAMON,0.096,0.08,14.264,0.008
SANTA_ANA,0.105,0,4.164,1.209
SANTA_BARBARA,0,0,0.672,0.174
SANTA_CRUZ,0,0,0,0
SANTO_DOMINGO,0,0,1.89,1.065
SARAPIQUI,0,0,0,0.024
SIQUIRRES,0,0,0.003,0
SIXAOLA,0,0,0.16,0
TALAMANCA,0.006,0,0.144,0
TARRAZU,0.108,0,0.096,2.715
TIBAS,0.063,0.012,7.002,3.204
TILARAN,0.096,0.06,0.396,0.642
TORTUGUERO,0,0,0,0.11
TURRIALBA,0.032,0,2.312,0.208
TURRUBARES,0,0,0,0
UPALA,0,0,0.016,1.736
VALVERDE_VEGA,0,0,5.19,0.021
VAZQUEZ,0.576,0.054,11.301,8.193
