ALAJUELA,0,0,73.594,2.005
ABANGARES,0.003,0,1.866,1.143
ACOSTA,0.0096,0,15.324,2.355
AGUIRRE,0,17.523,2.889,0.177
ALAJUELITA,0.0012,0,23.757,6.792
ALFARO_RUIZ,0,0,16.062,11.745
ALVARADO,0,0,0.609,0.072
ASERRI,0,0,56.04,3.48
ATENAS,0,0,21.489,0
BAGACES,0,0,0.105,0.006
BARVA,0,0,2.346,4.023
BELEN,0,0,8.079,1.059
BUENOS_AIRES,0.047,0,47.627,15.574
CANAS,0,0,1.576,4.176
CARRILLO,0,0,0.69,0.21
CARTAGO,0,0,0.654,0
CD._QUESADA,0,0,0,0
CORREDORES,0,0,16.38,10.497
COTO_BRUS,0.008,0,9.84,22.912
CURRIDABAT,0,0,40.371,11.988
DESAMPARADOS,0,0,33.489,8.034
DOTA,0,0,5.511,1.515
EL_GUARCO,0,0,0.162,0
ESPARZA,0.015,0,5.208,0.006
ESCAZU,0,0,17.805,0.39
FLORES,0,0,7.491,1.803
GARABITO,0,0,0.354,3.855
GOICOECHEA,0,0,12.357,11.139
GOLFITO,0.3216,2.312,31.576,39.248
GRECIA,0,0,27.411,1.074
GUACIMO,0,0,0.024,0.015
GUAPILES,0,0,0.456,0.24
GUATUSO,0,0,0.294,0.372
HEREDIA,0,0,0.824,0.296
HOJANCHA,0.003,0,19.533,0.003
JIMENEZ,0,0,1.569,0.153
LA_CRUZ,0.1866,0,6.537,0
LA_UNION,0,0,8.415,3.606
LEON_CORTEZ,0.0126,0,6.486,8.064
LIBERIA,0,0,0.96,0
LIMON,0,0,0,0
LOS_CHILES,0,0,0,0.008
MATINA,0,0,0,0
MONTES_DE_OCA,0,0,18.861,12.594
MONTES_DE_ORO,0.006,0,8.151,1.428
MORA,0,0,54.3,0.192
MORAVIA,0,0,7.293,9.069
NANDAYURE,0.2328,0.192,0.558,0.036
NARANJO,0,0,29.016,0.156
NICOYA,0.256,0,43.104,0
OREAMUNO,0,0,0.312,0
OROTINA,0.003,0,8.559,0.024
OSA,0.006,0.072,0.333,0.033
PALMARES,0,0,23.502,0.561
PARAISO,0,0,0.345,0
PARRITA,0.006,2.127,1.293,0.594
PAVAS,0,0,8.445,5.265
PEREZ_ZELEDON,0,0,5.382,1.572
POAS,0,0,23.736,3.312
POCOCI,0.003,0,0.219,0.171
PTO_VIEJO,0,0,0,0
PUNTARENAS,0.77,0,1.32,0
PURISCAL,0,0,15.078,0.213
QUEPOS,0,20.365,5.075,0.295
SAN_CARLOS,0.1116,0,3.117,0.882
SAN_ISIDRO,0,0,14.352,4.192
SAN_JOSE,0,0,0.894,0.12
SAN_MARCOS,0.01,0,12.695,16.14
SAN_MATEO,0.006,0,8.025,0.03
SAN_PABLO,0,0,0.354,4.581
SAN_RAFAEL,0,0,0.786,7.086
SAN_RAMON,0.0208,0,70.568,3.2
SANTA_ANA,0,0,7.323,0.573
SANTA_BARBARA,0,0,13.005,4.608
SANTA_CRUZ,1.608,0,16.944,0.008
SANTO_DOMINGO,0,0,0.693,5.409
SARAPIQUI,0,0,0,0
SIQUIRRES,0,0,0.066,0.057
SIXAOLA,0,0,0,0
TALAMANCA,0,0,0,0.012
TARRAZU,0.0036,0,6.264,5.886
TIBAS,0,0,3.645,5.316
TILARAN,0.006,0,1.038,0.072
TORTUGUERO,0,0,0,0
TURRIALBA,0.008,0,3.504,1.136
TURRUBARES,0.0324,0.642,0.414,0.204
UPALA,0,0,0.224,0.12
VALVERDE_VEGA,0,0,27.489,0.285
VAZQUEZ,0,0.042,12.33,28.728
