ALAJUELA,0,0,0,0.12
ABANGARES,0.006,0,0,0
ACOSTA,0,0,0.39,0.003
AGUIRRE,0,0,0.03,0.006
ALAJUELITA,0.003,0,2.097,0.468
ALFARO_RUIZ,0.948,0.705,2.253,1.059
ALVARADO,0.045,0.027,0.096,0.015
ASERRI,0.306,0.078,10.674,0.96
ATENAS,0,0,0.012,0.045
BAGACES,0,0,0,0
BARVA,0.102,0.027,0.09,0.207
BELEN,0,0,0,0.06
BUENOS_AIRES,0.027,0,10.584,0.494
CANAS,0,0,0,0
CARRILLO,0,0,0,0
CARTAGO,0.084,0,0.306,0
CD._QUESADA,0,3.288,3.472,30.496
CORREDORES,0.138,0.009,6.885,0.15
COTO_BRUS,1.592,0.016,8.064,0.488
CURRIDABAT,0,0,2.829,1.176
DESAMPARADOS,0.024,0,3.594,0.762
DOTA,0,0,0,0
EL_GUARCO,0.027,0,0.072,0
ESPARZA,0,0,0,0
ESCAZU,0,0,0,0
FLORES,0,0,0,0.093
GARABITO,0,0,0.261,0
GOICOECHEA,0,0.027,0.597,1.077
GOLFITO,1.112,0,0.424,0.272
GRECIA,0,0,0.132,0.093
GUACIMO,0,0.003,0.048,2.568
GUAPILES,0.008,0,0.816,5.4
GUATUSO,1.512,0.117,0.702,0.207
HEREDIA,0,0,4.64,8.824
HOJANCHA,0,0,0,0
JIMENEZ,0.006,0,0.192,0.003
LA_CRUZ,0,0,0,0
LA_UNION,0,0,0.489,0.993
LEON_CORTEZ,0,0,0.006,0.105
LIBERIA,0,0,0,0
LIMON,0,0.36,0,0
LOS_CHILES,8.176,3.744,0.024,0
MATINA,0,0.183,0.006,0.003
MONTES_DE_OCA,0,0,1.164,1.062
MONTES_DE_ORO,0.006,0,0,0.024
MORA,0,0,0,0.012
MORAVIA,0.042,0.135,0.627,1.056
NANDAYURE,0,0,0.015,0
NARANJO,0,0,0.012,0.468
NICOYA,0,0,0,0
OREAMUNO,0.309,0,0.183,0
OROTINA,0,0,0,0.036
OSA,0.006,0,0.306,0.354
PALMARES,0,0,0.003,0.663
PARAISO,0,0,0,0
PARRITA,0,0,0.063,0.057
PAVAS,0,0,0,0.28
PEREZ_ZELEDON,0,0,3.309,2.589
POAS,0,0,0.042,0.189
POCOCI,0.012,0,0.246,2.139
PTO_VIEJO,0.024,0,9.584,21.296
PUNTARENAS,0,0,0,0
PURISCAL,0,0,0.057,0.078
QUEPOS,0,0,0.09,0.07
SAN_CARLOS,0.213,0,2.121,3.468
SAN_ISIDRO,0,0,8.824,6.904
SAN_JOSE,0.114,0.162,0.138,0.078
SAN_MARCOS,0,0,0.025,0.4
SAN_MATEO,0,0,0,0.075
SAN_PABLO,0,0,0,0.201
SAN_RAFAEL,0.618,0.216,0.78,0.351
SAN_RAMON,0.016,0,0.368,0.968
SANTA_ANA,0,0,0.012,0.069
SANTA_BARBARA,0.174,0.036,0.066,0.216
SANTA_CRUZ,0,0,0,0
SANTO_DOMINGO,0,0,0,0.225
SARAPIQUI,0.024,0,9.584,21.296
SIQUIRRES,0,0.129,0.006,0.294
SIXAOLA,0,0.168,0,0
TALAMANCA,0.015,0.006,0,0
TARRAZU,0,0,0.033,0.432
TIBAS,0.144,0.357,0.039,0.525
TILARAN,1.086,0.255,0.852,0.087
TORTUGUERO,0,0.14,1.365,19.725
TURRIALBA,0,0,0.064,0.224
TURRUBARES,0,0,0.009,0
UPALA,4.136,1.328,0.12,0.168
VALVERDE_VEGA,0,0,0.051,0.786
VAZQUEZ,0.006,0.036,4.572,4.278
