ALAJUELA,0,0,0,0
ABANGARES,0,0,0,0
ACOSTA,0,0,0.045,0
AGUIRRE,2.295,0.0543,2.958,0
ALAJUELITA,0.003,0,1.986,0
ALFARO_RUIZ,0,0,1.386,0.213
ALVARADO,0,0,0.249,0
ASERRI,0,0,3.492,0
ATENAS,0,0,0.042,0
BAGACES,0,0,0,0
BARVA,0,0,0.012,0
BELEN,0,0,0,0
BUENOS_AIRES,0.146,0,44.84,8.008
CANAS,0,0,0,0
CARRILLO,0,0,0,0
CARTAGO,0,0,0.042,0
CD._QUESADA,0.008,0.1456,0,0
CORREDORES,0.276,0,3.936,0.291
COTO_BRUS,1.704,0.0592,4.8,1.256
CURRIDABAT,0.018,0,3.048,0.006
DESAMPARADOS,0,0,2.847,0
DOTA,0,0,0.204,0.243
EL_GUARCO,0,0,0,0
ESPARZA,0,0,0.183,0.003
ESCAZU,0,0,0.264,0
FLORES,0,0,0,0
GARABITO,1.122,4.0683,1.17,0
GOICOECHEA,0.066,0,2.058,0.201
GOLFITO,0.496,0,4.304,0.792
GRECIA,0.003,0,5.118,0
GUACIMO,0,0,0,0
GUAPILES,0,0,0,0
GUATUSO,0.048,0.069,0,0
HEREDIA,0.032,0,0.488,0
HOJANCHA,0,0,0.006,0
JIMENEZ,0,0,0.09,0
LA_CRUZ,0,0,0,0
LA_UNION,0,0,0.276,0
LEON_CORTEZ,0,0,0.192,2.238
LIBERIA,0,0,0,0
LIMON,0,0,0,0
LOS_CHILES,0,0,0,0
MATINA,0,0,0,0
MONTES_DE_OCA,0.009,0,2.469,0.021
MONTES_DE_ORO,0,0,0.006,0
MORA,0,0,0.018,0
MORAVIA,0.048,0,2.343,0.636
NANDAYURE,0,0,0,0
NARANJO,0.003,0,3.441,0
NICOYA,0,0,0,0
OREAMUNO,0,0,0.018,0
OROTINA,0,0,0.483,0
OSA,0.003,0,4.059,0.063
PALMARES,0,0,1.356,0
PARAISO,0,0,0,0
PARRITA,8.163,4.1802,2.874,0
PAVAS,0.025,0,0.025,0
PEREZ_ZELEDON,0.063,0.033,3.738,1.32
POAS,0.012,0,1.068,0
POCOCI,0,0,0.009,0
PTO_VIEJO,0,0,0,0
PUNTARENAS,0.33,0,0.979,0
PURISCAL,0,0,3.063,0.897
QUEPOS,4.715,0.051,4.985,0
SAN_CARLOS,0,0,1.125,0
SAN_ISIDRO,0.168,0.088,9.968,3.52
SAN_JOSE,0,0,0.234,0
SAN_MARCOS,0,0,0.245,1.74
SAN_MATEO,0,0,0.267,0
SAN_PABLO,0,0,0.033,0
SAN_RAFAEL,0,0,0.111,0
SAN_RAMON,0.032,0,0.176,0.008
SANTA_ANA,0.009,0,0.099,0
SANTA_BARBARA,0,0,0.024,0
SANTA_CRUZ,0,0,0,0
SANTO_DOMINGO,0,0,0.033,0
SARAPIQUI,0,0,0,0
SIQUIRRES,0,0,0,0
SIXAOLA,0,0,0,0
TALAMANCA,0,0,0,0
TARRAZU,0,0,0.087,0.363
TIBAS,0.03,0,0.348,0
TILARAN,0.297,0.1926,0.138,0
TORTUGUERO,0,0.07,0,0
TURRIALBA,0,0,0.432,0.064
TURRUBARES,0.006,0,0,0
UPALA,0.032,0.1824,0,0
VALVERDE_VEGA,0,0,3.405,0
VAZQUEZ,0.036,0,6.672,1.326
