ALAJUELA,0,0,0,0
ABANGARES,0,0.003,0,0
ACOSTA,0,0,0,0
AGUIRRE,0,0,0,0
ALAJUELITA,0,0,0.798,0.156
ALFARO_RUIZ,0,0,0,0
ALVARADO,0,0,0,0
ASERRI,0,0,0.006,0
ATENAS,0,0,0,0
BAGACES,0,0,0,0
BARVA,0,0,0,0
BELEN,0,0,0,0
BUENOS_AIRES,0.218,0.159,4.928,0.155
CANAS,0,0,0,0
CARRILLO,0,0,0,0
CARTAGO,0,0.006,0,0
CD._QUESADA,0.008,1.184,0,1.104
CORREDORES,0.441,0.639,0.798,0.156
COTO_BRUS,0.168,0.032,0.888,0.44
CURRIDABAT,0,0,0.621,0.99
DESAMPARADOS,0,0,0.597,0.282
DOTA,0,0,0.048,0
EL_GUARCO,0,0,0,0
ESPARZA,0,0,2.082,0.996
ESCAZU,0,0,0,0
FLORES,0,0,0,0
GARABITO,0,0.003,0,0
GOICOECHEA,0.108,0,1.542,0.747
GOLFITO,0.232,0,0.96,0.552
GRECIA,0,0,0,0
GUACIMO,0,1.719,0,0.003
GUAPILES,0,4.808,0,0.016
GUATUSO,0.003,0.87,0,0.693
HEREDIA,0,1.856,0,0
HOJANCHA,0,0,0,0
JIMENEZ,0,0.015,0.12,0.018
LA_CRUZ,0,0,0,0
LA_UNION,0,0,0,0
LEON_CORTEZ,0,0,0.906,0.009
LIBERIA,0,0,0,0.072
LIMON,0,7.096,0,0
LOS_CHILES,0.104,1.248,0,2.28
MATINA,0,1.14,0,0
MONTES_DE_OCA,0.003,0,0.72,0.837
MONTES_DE_ORO,0,0,0.075,0.066
MORA,0,0,0,0
MORAVIA,0.36,0.024,3.024,0.72
NANDAYURE,0,0,0,0
NARANJO,0,0,0.003,0.003
NICOYA,0,0,0,0
OREAMUNO,0,0.012,0,0
OROTINA,0,0,0.486,0.102
OSA,1.011,0.882,1.575,0.57
PALMARES,0,0,0,0
PARAISO,0,0,0,0
PARRITA,0,0,0.054,0.255
PAVAS,0,0,0,0
PEREZ_ZELEDON,0.021,0,1.05,2.73
POAS,0,0,0,0
POCOCI,0,1.713,0,0.009
PTO_VIEJO,0,6.448,0,0.032
PUNTARENAS,0,0,4.411,0
PURISCAL,0,0,0.063,0
QUEPOS,0,0,0,0
SAN_CARLOS,0,0.135,0,0
SAN_ISIDRO,0.056,0,2.8,7.28
SAN_JOSE,0,0.006,0,0
SAN_MARCOS,0,0,0.385,0.005
SAN_MATEO,0,0,0.678,0.216
SAN_PABLO,0.024,0.021,0.066,0.006
SAN_RAFAEL,0.225,0.27,0.432,0.036
SAN_RAMON,0,0,0,0.008
SANTA_ANA,0,0,0.222,0
SANTA_BARBARA,0,0,0,0
SANTA_CRUZ,0,0,0,0
SANTO_DOMINGO,0.033,0.03,0.078,0.012
SARAPIQUI,0,6.448,0,0.032
SIQUIRRES,0,2.244,0,0
SIXAOLA,0.008,13.264,0,0
TALAMANCA,0.009,3.543,0,0
TARRAZU,0,0,0,0
TIBAS,0.111,0.039,0.543,0.057
TILARAN,0,0,0,0
TORTUGUERO,0.02,0.875,0,0.315
TURRIALBA,0.008,0.208,0.152,0.16
TURRUBARES,0,0,0.849,0
UPALA,0.28,1.248,0,6.408
VALVERDE_VEGA,0,0,0,0
VAZQUEZ,0.144,0.066,2.508,1.155
