ALAJUELA,0,0,0.094,0
ABANGARES,0,0,0,0
ACOSTA,0.021,0,0,0
AGUIRRE,0,0,0,0
ALAJUELITA,0.003,0,0.168,0.021
ALFARO_RUIZ,0.381,0.039,0.843,0.819
ALVARADO,0.15,0,0.966,0.039
ASERRI,0.228,0,0.486,0.084
ATENAS,0,0,0,0
BAGACES,0,0,0,0
BARVA,0.117,0,0.159,0
BELEN,0.003,0,0.027,0
BUENOS_AIRES,0,0,1.234,0.003
CANAS,0,0,0,0
CARRILLO,0,0,0,0
CARTAGO,0.15,0,1.02,0
CD._QUESADA,0.232,31.048,24.968,27.952
CORREDORES,0.033,0.003,7.608,0.504
COTO_BRUS,2.152,0.464,0.704,0.152
CURRIDABAT,0.003,0,0.717,0.351
DESAMPARADOS,0.021,0,0.525,0.102
DOTA,0,0,0,0.006
EL_GUARCO,0.009,0,0.039,0
ESPARZA,0,0,0,0
ESCAZU,0,0,0,0
FLORES,0.003,0,0.075,0
GARABITO,0,0,0,0
GOICOECHEA,0,0,0.267,0.168
GOLFITO,0,0,0,0.256
GRECIA,0,0,0,0
GUACIMO,0.006,0.036,0.582,0.021
GUAPILES,0.208,0.16,3.008,0.072
GUATUSO,0.462,0.423,0.105,0.009
HEREDIA,3.176,1.44,3.128,0.032
HOJANCHA,0,0,0,0
JIMENEZ,0.006,0,0.15,0
LA_CRUZ,0,0,0,0
LA_UNION,0.003,0,0.6,0.117
LEON_CORTEZ,0,0,0,1.032
LIBERIA,0,0,0,0
LIMON,0,1.84,0,0
LOS_CHILES,0.696,2.584,0.008,0
MATINA,0,0,0,0
MONTES_DE_OCA,0,0,0.492,0.183
MONTES_DE_ORO,0,0,0,0
MORA,0.012,0,0,0
MORAVIA,0,0,0.252,0.108
NANDAYURE,0,0,0,0
NARANJO,0,0,0,0
NICOYA,0,0,0,0
OREAMUNO,0.024,0,0.963,0.033
OROTINA,0,0,0,0
OSA,0.012,0,0,0.003
PALMARES,0,0,0,0
PARAISO,0,0,0,0
PARRITA,0,0,0,0
PAVAS,0.015,0,0.08,0
PEREZ_ZELEDON,0,0,0.138,0.003
POAS,0.003,0,0.012,0
POCOCI,0.084,0.03,0.861,0.018
PTO_VIEJO,1.08,10.752,14.088,0.008
PUNTARENAS,0,0,0,0
PURISCAL,0,0,0,0
QUEPOS,0,0,0,0
SAN_CARLOS,0.159,0,0.282,0.213
SAN_ISIDRO,0,0,0.368,0.008
SAN_JOSE,0.33,0,2.772,0.108
SAN_MARCOS,0,0,0,0.545
SAN_MATEO,0,0,0,0
SAN_PABLO,0.072,0.003,0.174,0
SAN_RAFAEL,0.378,0.006,0.495,0.033
SAN_RAMON,0,0,0,0
SANTA_ANA,0.024,0,0.003,0
SANTA_BARBARA,0.033,0,0.132,0
SANTA_CRUZ,0,0,0,0
SANTO_DOMINGO,0.024,0,0.135,0.006
SARAPIQUI,1.08,10.752,14.088,0.008
SIQUIRRES,0,0,0.099,0
SIXAOLA,0.008,0.888,0,0
TALAMANCA,0,0.201,0,0
TARRAZU,0,0,0,0.216
TIBAS,0.003,0,0.111,0.003
TILARAN,0.09,0.351,0.087,0.111
TORTUGUERO,0.095,9.165,9.6,9.545
TURRIALBA,0.04,0,0.088,0.008
TURRUBARES,0,0,0,0
UPALA,1.64,3.696,0.176,0
VALVERDE_VEGA,0,0,0,0
VAZQUEZ,0.012,0,0.738,3.012
