ALAJUELA,0.003,0,0.086,1.056
ABANGARES,0.003,0,0.024,0.003
ACOSTA,0,0,0.072,0.036
AGUIRRE,0,1.707,8.688,0
ALAJUELITA,0.003,0,0.45,0.279
ALFARO_RUIZ,0,0,1.536,2.829
ALVARADO,0,0,0,0
ASERRI,0,0,0.72,0.048
ATENAS,0,0,0.006,0.276
BAGACES,0,0,0,0
BARVA,0,0,0.018,0.024
BELEN,0,0,0.075,1.653
BUENOS_AIRES,0.512,0,94.715,12.517
CANAS,0,0,0,0
CARRILLO,0,0.003,0,0
CARTAGO,0,0,0,0
CD._QUESADA,0,41.072,0,0
CORREDORES,0.765,0,8.901,11.874
COTO_BRUS,0.248,0.008,0.512,0.432
CURRIDABAT,0.021,0,0.168,0.192
DESAMPARADOS,0.003,0,0.336,0.222
DOTA,0,0,0.015,2.607
EL_GUARCO,0,0,0,0
ESPARZA,0,0,11.472,3.171
ESCAZU,0,0,0.125,0.006
FLORES,0,0,0.006,0.366
GARABITO,12.138,0.084,4.308,0.147
GOICOECHEA,0.111,0.066,1.833,4.179
GOLFITO,1.336,58.008,2.904,31.496
GRECIA,0.003,0,0.777,0.84
GUACIMO,0,0.018,0,0
GUAPILES,0,0.088,0,0
GUATUSO,0.285,1.908,0.006,0.042
HEREDIA,0.056,0.224,0.36,0.344
HOJANCHA,0,0,2.868,0.012
JIMENEZ,0,0,0.006,0
LA_CRUZ,0,0,4.881,0.237
LA_UNION,0,0,0,0
LEON_CORTEZ,0,0.039,0.006,3.189
LIBERIA,0,0,0,0
LIMON,0,0,0,0
LOS_CHILES,0,0,0,3.104
MATINA,0,0,0,0
MONTES_DE_OCA,0.018,0,0.615,1.47
MONTES_DE_ORO,0,0,1.251,0.477
MORA,0,0,0.438,0.66
MORAVIA,0.297,0.255,3.093,7.113
NANDAYURE,0,0,1.404,0
NARANJO,0.006,0,1.278,3.972
NICOYA,0,0,19.928,0.264
OREAMUNO,0,0,0,0
OROTINA,0,0,1.542,7.119
OSA,0.246,0,3.927,0.129
PALMARES,0,0,0.027,0.111
PARAISO,0,0,0,0
PARRITA,0.225,0.855,4.614,0.003
PAVAS,0,0,0.92,8.535
PEREZ_ZELEDON,0.357,0,5.757,3.204
POAS,0.012,0,0.255,0.69
POCOCI,0,0.021,0,0
PTO_VIEJO,0,4.328,0,0
PUNTARENAS,0,0,15.532,0.022
PURISCAL,0,0,0.603,2.199
QUEPOS,0,3.125,10.895,0.01
SAN_CARLOS,0,0,0.459,0.018
SAN_ISIDRO,0.952,0,15.352,8.544
SAN_JOSE,0,0,0,0
SAN_MARCOS,0.02,0.01,0.025,6.145
SAN_MATEO,0,0,0.78,7.395
SAN_PABLO,0,0,0.12,0.207
SAN_RAFAEL,0.015,0.003,0.153,0.087
SAN_RAMON,0.008,0,3.072,1.312
SANTA_ANA,0.018,0,0.948,1.383
SANTA_BARBARA,0,0,0,0
SANTA_CRUZ,0,0,1.608,0
SANTO_DOMINGO,0,0,0.216,1.629
SARAPIQUI,0,4.328,0,0
SIQUIRRES,0,0,0,0
SIXAOLA,0,0.28,0,0
TALAMANCA,0,0,0,0
TARRAZU,0.033,0.006,0.054,5.808
TIBAS,0.03,0.015,1.425,6.285
TILARAN,0.111,0.024,0.402,0.18
TORTUGUERO,0,22.125,0,0
TURRIALBA,0.056,0,0.44,0.024
TURRUBARES,0.015,0,1.482,0.003
UPALA,0.04,0.376,0.4,1.168
VALVERDE_VEGA,0.003,0,0.771,5.625
VAZQUEZ,0.15,0.198,5.556,9.192
