ALAJUELA,0,0,0,0
ABANGARES,0,0,0,0
ACOSTA,0,0,0,0
AGUIRRE,0,0,0.003,0
ALAJUELITA,0,0,0,0
ALFARO_RUIZ,0.273,2.865,0.327,0.687
ALVARADO,0,0.093,0,0
ASERRI,0,0,0,0
ATENAS,0,0,0,0
BAGACES,0,0,0,0
BARVA,0,0,0,0
BELEN,0,0,0,0
BUENOS_AIRES,0.017,0,0,0
CANAS,0,0,0,0
CARRILLO,0,0,0,0
CARTAGO,0,0.138,0,0
CD._QUESADA,28.688,7.088,0.128,0.9016
CORREDORES,0.03,0.057,0.003,0.0513
COTO_BRUS,0.024,0,0.008,0
CURRIDABAT,0,0,0,0.015
DESAMPARADOS,0,0,0,0.009
DOTA,0,0,0,0
EL_GUARCO,0,0,0,0
ESPARZA,0,0,0,0
ESCAZU,0,0,0,0
FLORES,0,0,0,0
GARABITO,0,0,0,0
GOICOECHEA,0,0.003,0.006,0.066
GOLFITO,0.056,0,1.184,0.108
GRECIA,0,0,0,0
GUACIMO,0.018,0.54,0,0.0222
GUAPILES,2.984,2.6,0,0.088
GUATUSO,7.923,0.363,0.003,0.012
HEREDIA,10.352,16.6,0.008,0.128
HOJANCHA,0,0,0,0
JIMENEZ,0,0.009,0,0
LA_CRUZ,0,0,0,0
LA_UNION,0,0,0,0
LEON_CORTEZ,0,0,0,0
LIBERIA,0,0,0,0
LIMON,0,0,0,0
LOS_CHILES,0.096,0,9.736,3.0944
MATINA,0.357,0,0,0.0627
MONTES_DE_OCA,0,0,0,0.06
MONTES_DE_ORO,0,0.003,0,0
MORA,0,0,0,0
MORAVIA,0,0.006,0,0
NANDAYURE,0,0,0,0
NARANJO,0,0,0,0
NICOYA,0,0,0,0
OREAMUNO,0,0.201,0,0
OROTINA,0,0,0,0
OSA,0,0,0.066,0.078
PALMARES,0,0,0,0
PARAISO,0,0,0,0
PARRITA,0,0,0.609,0.36
PAVAS,0,0,0,0
PEREZ_ZELEDON,0,0,0.669,0.117
POAS,0,0,0,0
POCOCI,0.876,0.789,0,0.0231
PTO_VIEJO,24.344,22.352,0,0.3336
PUNTARENAS,0,0,0,0
PURISCAL,0,0,0,0
QUEPOS,0,0,0.005,0
SAN_CARLOS,2.268,8.949,0.042,0.003
SAN_ISIDRO,0,0,1.784,0.312
SAN_JOSE,0,0.276,0,0
SAN_MARCOS,0,0,0,0
SAN_MATEO,0,0,0,0
SAN_PABLO,0,0,0,0
SAN_RAFAEL,0,0,0,0
SAN_RAMON,0,0,0,0
SANTA_ANA,0,0,0,0
SANTA_BARBARA,0,0,0,0
SANTA_CRUZ,0,0,0,0
SANTO_DOMINGO,0,0,0,0
SARAPIQUI,24.344,22.352,0,0.3336
SIQUIRRES,0.018,0.066,0,0.0033
SIXAOLA,0,0.504,0,0
TALAMANCA,0,0.099,0,0
TARRAZU,0,0,0,0
TIBAS,0,0,0,0
TILARAN,0.93,0.828,0.468,0
TORTUGUERO,17.035,7.245,0,1.4735
TURRIALBA,0,0,0,0.016
TURRUBARES,0,0,0,0
UPALA,2.8,0,3.76,1.704
VALVERDE_VEGA,0,0,0,0
VAZQUEZ,0,0.036,0.483,1.3428
