ALAJUELA,0,0,0.009,0.051
ABANGARES,0.009,0.018,0.642,0.129
ACOSTA,0,0,0.114,0.138
AGUIRRE,10.263,7.026,5.487,0.027
ALAJUELITA,0,0,3.777,11.337
ALFARO_RUIZ,0,0,3.309,1.932
ALVARADO,0,0,0,0
ASERRI,0,0,0.15,1.314
ATENAS,0,0,8.667,0.03
BAGACES,0,0,0.006,0.018
BARVA,0.003,0,0.036,0.006
BELEN,0,0,0,0
BUENOS_AIRES,0.033,0,56.606,5.329
CANAS,0,0,0,0
CARRILLO,0,0,0.033,0.027
CARTAGO,0,0,0,0
CD._QUESADA,0.52,0,0,0
CORREDORES,1.503,0,2.496,0.966
COTO_BRUS,0.152,0,0.672,9.528
CURRIDABAT,0,0,2.19,11.97
DESAMPARADOS,0,0,2.556,9.576
DOTA,0.018,0,0.879,0.342
EL_GUARCO,0,0,0,0
ESPARZA,0.03,0,18,9.459
ESCAZU,0,0,0.066,0.198
FLORES,0,0,0,0
GARABITO,11.997,13.269,0.456,3.213
GOICOECHEA,0.021,0.003,3.918,9.537
GOLFITO,2.688,0.768,6.736,33.808
GRECIA,0.015,0,1.647,1.149
GUACIMO,0,0,0,0
GUAPILES,0,0,0,0
GUATUSO,0.006,0.027,0,2.079
HEREDIA,0,0,0.208,1.112
HOJANCHA,0.024,0,7.347,0
JIMENEZ,0,0,0.015,0
LA_CRUZ,0,0,5.85,0.09
LA_UNION,0,0,0.003,0.048
LEON_CORTEZ,0.003,0,0.597,8.205
LIBERIA,0,0,0,0.272
LIMON,0,0,0,0
LOS_CHILES,0.776,0,0,0.24
MATINA,0,0,0,0
MONTES_DE_OCA,0.003,0,4.578,14.472
MONTES_DE_ORO,0,0,2.244,0.666
MORA,0,0,1.338,0.102
MORAVIA,0.084,0.015,3.201,6.051
NANDAYURE,0.015,0,20.319,0
NARANJO,0,0,20.097,4.986
NICOYA,0,0,6.04,0
OREAMUNO,0,0,0,0
OROTINA,0,0,23.895,0.444
OSA,1.434,0.03,15.663,0.12
PALMARES,0,0,6.909,0.123
PARAISO,0,0,0,0
PARRITA,3.669,1.062,5.229,12.153
PAVAS,0,0,0.565,0.29
PEREZ_ZELEDON,4.266,0.093,2.301,2.967
POAS,0,0,0.102,0.594
POCOCI,0,0,0,0
PTO_VIEJO,0,0.152,0,0
PUNTARENAS,0.033,0,39.479,1.199
PURISCAL,0,0,1.116,0.387
QUEPOS,20.18,9.24,10.075,0.1
SAN_CARLOS,0,0,0.633,0.435
SAN_ISIDRO,11.376,0.248,6.136,7.912
SAN_JOSE,0,0,0,0
SAN_MARCOS,0.005,0,0.435,7.445
SAN_MATEO,0.003,0,16.38,1.341
SAN_PABLO,0.003,0,0.081,0.003
SAN_RAFAEL,0.036,0,0.432,0.15
SAN_RAMON,0,0,31.368,0.336
SANTA_ANA,0.012,0,1.278,0.924
SANTA_BARBARA,0,0,0,0.015
SANTA_CRUZ,0,0,2.768,0.008
SANTO_DOMINGO,0.015,0,0.129,0.069
SARAPIQUI,0,0.152,0,0
SIQUIRRES,0,0,0,0
SIXAOLA,0,0,0,0
TALAMANCA,0,0,0,0
TARRAZU,0,0,0.129,1.245
TIBAS,0.378,0.06,1.461,1.617
TILARAN,0.12,0.447,0.336,0.672
TORTUGUERO,0.32,0.17,0,0
TURRIALBA,0,0,0.248,0.112
TURRUBARES,0.084,0.006,2.475,0.072
UPALA,0.176,0.008,0,1.776
VALVERDE_VEGA,0,0,11.736,6.06
VAZQUEZ,0.132,0.006,7.71,19.71
