ALAJUELA,0,0,2.1,1.143
ABANGARES,0.027,0,0.27,0.396
ACOSTA,0,0,0.201,0.087
AGUIRRE,19.701,6.243,0.729,3.153
ALAJUELITA,0.015,0,2.157,0.687
ALFARO_RUIZ,0.003,0,1.743,2.409
ALVARADO,0,0,0,0
ASERRI,0,0,0.612,0.282
ATENAS,0,0,0.315,0
BAGACES,0,0,0,0
BARVA,0,0,0.015,0
BELEN,0,0,0.168,0.195
BUENOS_AIRES,0.052,0,26.422,1.562
CANAS,0,0,0,0
CARRILLO,0,0,0,0
CARTAGO,0,0,0,0
CD._QUESADA,1.368,1.32,0,0
CORREDORES,0.333,0.12,1.164,5.313
COTO_BRUS,0.384,0,3.976,4.28
CURRIDABAT,0,0,1.188,0.342
DESAMPARADOS,0.03,0,1.392,0.546
DOTA,0,0,0.531,8.562
EL_GUARCO,0,0,0,0
ESPARZA,0.033,0,10.065,2.673
ESCAZU,0,0,0.519,0.243
FLORES,0,0,0.018,0.054
GARABITO,1.242,0.219,0.321,23.25
GOICOECHEA,0.018,0,2.382,2.271
GOLFITO,0.056,0,3.224,2.584
GRECIA,0.102,0,1.767,0.279
GUACIMO,0,0,0,0
GUAPILES,0,0,0,0
GUATUSO,0,0,0,0
HEREDIA,0.192,0,1.144,0.448
HOJANCHA,0.033,0,17.289,0
JIMENEZ,0,0,0.024,0
LA_CRUZ,0,0,1.44,0
LA_UNION,0,0,0,0
LEON_CORTEZ,0,0,0.204,4.887
LIBERIA,0,0,0,0
LIMON,0,0,0,0
LOS_CHILES,0,0,0,0
MATINA,0,0,0,0
MONTES_DE_OCA,0.012,0,1.92,1.83
MONTES_DE_ORO,0,0,0.537,0.234
MORA,0.024,0,0.69,0.12
MORAVIA,0.057,0,3.213,2.856
NANDAYURE,0.132,0,4.509,0
NARANJO,0.003,0,7.704,0.429
NICOYA,0,0,19.448,0
OREAMUNO,0,0,0,0
OROTINA,0,0,0.099,0.027
OSA,0.201,0.102,4.263,0.801
PALMARES,0.021,0,2.49,0.006
PARAISO,0,0,0,0
PARRITA,9.672,39.642,0.195,5.4
PAVAS,0,0,0.415,0.655
PEREZ_ZELEDON,0.81,0.789,3.033,4.458
POAS,0,0,1.599,0.621
POCOCI,0,0,0.003,0
PTO_VIEJO,0,0,0,0
PUNTARENAS,7.018,0.055,18.667,3.894
PURISCAL,0,0,0.552,1.902
QUEPOS,23.8,11.62,1.585,3.89
SAN_CARLOS,0,0,1.317,0.012
SAN_ISIDRO,2.16,2.104,8.088,11.888
SAN_JOSE,0,0,0,0
SAN_MARCOS,0,0,0.155,9.71
SAN_MATEO,0,0,0.174,0.144
SAN_PABLO,0.009,0,0.195,0.198
SAN_RAFAEL,0.021,0,0.24,0.09
SAN_RAMON,0.048,0,3.088,0.016
SANTA_ANA,0.123,0,0.963,0.306
SANTA_BARBARA,0,0,0,0
SANTA_CRUZ,0,0,2.52,0
SANTO_DOMINGO,0.015,0,0.276,0.324
SARAPIQUI,0,0,0,0
SIQUIRRES,0,0,0,0
SIXAOLA,0,0,0,0
TALAMANCA,0.003,0,0,0
TARRAZU,0,0.012,0,8.637
TIBAS,0.072,0,0.996,1.014
TILARAN,0.21,0.075,0.255,0.282
TORTUGUERO,0,0.745,0,0
TURRIALBA,0,0,0.952,0.136
TURRUBARES,0.156,0.207,0.165,0.159
UPALA,0,0,0,0.136
VALVERDE_VEGA,0.003,0,12.603,1.203
VAZQUEZ,0.126,0,12.69,9.768
