ALAJUELA,0,0,0.335,0.254
ABANGARES,0.021,0.006,0,6.942
ACOSTA,0,0,0.255,0.603
AGUIRRE,0.423,14.478,2.031,8.535
ALAJUELITA,0,0,2.076,1.164
ALFARO_RUIZ,0,0,0.873,4.677
ALVARADO,0,0,0,0.021
ASERRI,0,0,0.03,1.83
ATENAS,0,0,0.369,0.111
BAGACES,0,0,0,0.009
BARVA,0,0,0.03,0.003
BELEN,0,0,0.09,0.147
BUENOS_AIRES,0.018,0,64.469,55.275
CANAS,0,0,0.056,0.296
CARRILLO,0,0,0,0.012
CARTAGO,0,0,0,0
CD._QUESADA,0.016,0.032,0,0.096
CORREDORES,0.084,0,16.923,3.657
COTO_BRUS,0,0,6.376,4.056
CURRIDABAT,0.012,0,2.721,2.256
DESAMPARADOS,0,0,1.494,1.461
DOTA,0,0,0.054,2.25
EL_GUARCO,0,0,0,0
ESPARZA,0,0,10.881,16.029
ESCAZU,0,0,0.335,0.81
FLORES,0,0,0.015,0.006
GARABITO,0,0.264,0.603,0.072
GOICOECHEA,0.003,0,3.708,2.223
GOLFITO,7.8,2.52,2.704,0.016
GRECIA,0,0,5.034,4.899
GUACIMO,0,0,0,0.042
GUAPILES,0,0,0,0.064
GUATUSO,0,0.909,0.015,0.885
HEREDIA,0,0,0.312,1.12
HOJANCHA,0,0,0.192,9.033
JIMENEZ,0,0,0.012,0.03
LA_CRUZ,0,0,0.183,0.636
LA_UNION,0,0,0,0.027
LEON_CORTEZ,0,0.006,0.189,8.046
LIBERIA,0,0.008,0,0.16
LIMON,0,0.392,0,0
LOS_CHILES,0.72,0,1.064,17.048
MATINA,0,0,0,0
MONTES_DE_OCA,0.003,0,3.99,2.334
MONTES_DE_ORO,0,0,7.956,6.798
MORA,0,0,0.852,1.398
MORAVIA,0.003,0,3.003,2.538
NANDAYURE,0,0,2.424,6.006
NARANJO,0,0,7.23,5.412
NICOYA,0,0,0.424,9.112
OREAMUNO,0,0,0,0
OROTINA,0,0,7.941,6.855
OSA,12.258,16.863,3.705,6.141
PALMARES,0,0,3.18,0.054
PARAISO,0,0,0,0.003
PARRITA,0.057,20.541,3.465,3.744
PAVAS,0,0,2,0.625
PEREZ_ZELEDON,0.045,0.105,0.696,3.504
POAS,0,0,5.562,2.766
POCOCI,0,0,0,0.03
PTO_VIEJO,0,0.272,0,0.536
PUNTARENAS,0,0,37.136,35.2
PURISCAL,0,0.006,2.445,1.263
QUEPOS,0.23,23.145,3.99,16.97
SAN_CARLOS,0,0,0.519,1.722
SAN_ISIDRO,0.12,0.28,1.856,9.344
SAN_JOSE,0,0,0,0.06
SAN_MARCOS,0,0,0.26,6.47
SAN_MATEO,0,0,6.672,5.412
SAN_PABLO,0,0,0.162,0.213
SAN_RAFAEL,0.021,0,0.303,0.138
SAN_RAMON,0,0,8.912,0.168
SANTA_ANA,0,0,1.554,0.273
SANTA_BARBARA,0,0,0.003,0
SANTA_CRUZ,0,0,0.352,0.808
SANTO_DOMINGO,0,0,0.306,0.465
SARAPIQUI,0,0.272,0,0.536
SIQUIRRES,0,0,0,0
SIXAOLA,0,0,0,0
TALAMANCA,0,0,0,0
TARRAZU,0,0,0.219,1.827
TIBAS,0,0,1.65,1.113
TILARAN,0.183,0.108,0.417,0.915
TORTUGUERO,0,0.455,0,0.015
TURRIALBA,0,0,0.288,0.104
TURRUBARES,0,0,1.167,0.048
UPALA,0.344,0.12,4.288,15.808
VALVERDE_VEGA,0,0,6.177,7.869
VAZQUEZ,0.024,0,4.74,5.277
