ALAJUELA,0,0,0.003,0
ABANGARES,0,0,0,0
ACOSTA,0,0,0.435,0.042
AGUIRRE,0,0,0,0
ALAJUELITA,0.003,0,0.015,0
ALFARO_RUIZ,0,0,0.168,0
ALVARADO,0,0,0.192,0.135
ASERRI,0,0,0,0
ATENAS,0,0,0.012,0
BAGACES,0,0,0,0
BARVA,0,0,0.009,0
BELEN,0,0,0,0
BUENOS_AIRES,2.153,0.637,0.204,0.014
CANAS,0,0,0,0
CARRILLO,0,0,0,0
CARTAGO,0.048,0,0.018,0
CD._QUESADA,0,0,0,0
CORREDORES,2.553,0.348,0.084,0
COTO_BRUS,2.392,0.264,0.256,0.016
CURRIDABAT,0,0,0.078,0
DESAMPARADOS,0.003,0,0.039,0
DOTA,0.003,0,0.648,0.411
EL_GUARCO,0,0,0,0
ESPARZA,0,0,0,0
ESCAZU,0,0,0.006,0
FLORES,0,0,0,0
GARABITO,0,0,0,0
GOICOECHEA,0.003,0,0.093,0
GOLFITO,0,0,0,0.008
GRECIA,0,0,0.069,0
GUACIMO,0.072,0.51,0,0
GUAPILES,0.16,2.344,0.256,0.024
GUATUSO,0,0,0.021,0
HEREDIA,0.312,0.44,1.608,0.32
HOJANCHA,0,0,0,0
JIMENEZ,0.003,0,0.021,0
LA_CRUZ,0,0,0,0
LA_UNION,0,0,0,0
LEON_CORTEZ,0.057,0.003,0.132,0.189
LIBERIA,0,0,0,0
LIMON,1.496,0.032,0,0
LOS_CHILES,0,0,0,0
MATINA,0.855,0.075,0.003,0
MONTES_DE_OCA,0.012,0,0.231,0
MONTES_DE_ORO,0,0,0,0
MORA,0,0,0.006,0
MORAVIA,0,0,0,0
NANDAYURE,0,0,0,0
NARANJO,0,0,0.06,0
NICOYA,0,0,0,0
OREAMUNO,0.015,0,0.084,0.018
OROTINA,0,0,0,0
OSA,0,0,0,0.003
PALMARES,0,0,0,0
PARAISO,0,0,0,0
PARRITA,0,0,0,0
PAVAS,0.25,0,0.08,0
PEREZ_ZELEDON,0.141,0.003,0.081,0.054
POAS,0,0,0.057,0
POCOCI,0.051,1.26,0.087,0.009
PTO_VIEJO,1.24,0.04,0,0
PUNTARENAS,0,0,0,0
PURISCAL,0,0,0.234,0.048
QUEPOS,0,0,0,0
SAN_CARLOS,0.024,0,0.003,0
SAN_ISIDRO,0.376,0.008,0.216,0.144
SAN_JOSE,0,0,0.6,0.642
SAN_MARCOS,0.02,0,0.455,0.745
SAN_MATEO,0,0,0,0
SAN_PABLO,0.003,0,0.063,0
SAN_RAFAEL,0,0,0.03,0
SAN_RAMON,0,0.04,0,0
SANTA_ANA,0,0,0,0
SANTA_BARBARA,0.009,0,0.036,0
SANTA_CRUZ,0,0,0,0
SANTO_DOMINGO,0,0,0.021,0
SARAPIQUI,1.24,0.04,0,0
SIQUIRRES,0.504,0.681,0.015,0.012
SIXAOLA,0.056,0.024,0.008,0
TALAMANCA,0.837,0.03,0,0
TARRAZU,0.045,0,0.231,0.468
TIBAS,0.003,0,0.003,0
TILARAN,0,0,0,0
TORTUGUERO,0,0,0,0
TURRIALBA,0.264,0.064,0.64,0.032
TURRUBARES,0,0,0,0
UPALA,0,0,0,0
VALVERDE_VEGA,0,0,0.057,0
VAZQUEZ,0.018,0,0.096,0
