ALAJUELA,0,0,0,0
ABANGARES,0,0,0,0
ACOSTA,0,0,0,0
AGUIRRE,0,0,0,0
ALAJUELITA,0,0,0.483,0.021
ALFARO_RUIZ,0,0,0.327,0.114
ALVARADO,0,0,0,0
ASERRI,0,0,0.024,0
ATENAS,0,0,0.03,0
BAGACES,0,0,0,0
BARVA,0,0,0,0
BELEN,0,0,0,0
BUENOS_AIRES,0.067,0,1.945,0.981
CANAS,0,0,0,0
CARRILLO,0,0,0,0
CARTAGO,0,0,0,0
CD._QUESADA,0,13.248,0,0.016
CORREDORES,0.354,0.003,3.108,0.195
COTO_BRUS,0.48,0.008,2.352,0.712
CURRIDABAT,0,0,0.492,0.117
DESAMPARADOS,0,0,0.33,0.033
DOTA,0.039,0,0.789,0.255
EL_GUARCO,0,0,0,0
ESPARZA,0,0,0,0
ESCAZU,0,0,0,0
FLORES,0,0,0,0
GARABITO,2.181,0.174,0.021,0
GOICOECHEA,0,0,0.984,0.432
GOLFITO,0.24,0.136,1,1.304
GRECIA,0,0,0.003,0
GUACIMO,0.063,0.072,0,0.009
GUAPILES,0.08,0.008,0,0
GUATUSO,0.003,0,0.018,0.231
HEREDIA,0.352,0,0.152,0.04
HOJANCHA,0,0,0.003,0
JIMENEZ,0,0,0.003,0
LA_CRUZ,0,0,0,0
LA_UNION,0,0,0,0
LEON_CORTEZ,0.006,0,0.195,0.03
LIBERIA,0,0,0,0
LIMON,0,2.344,0,7.816
LOS_CHILES,0.976,0,0,1.048
MATINA,0,0.645,0,0
MONTES_DE_OCA,0,0,0.825,0.171
MONTES_DE_ORO,0,0,0,0
MORA,0,0,0,0
MORAVIA,0,0,1.29,0.762
NANDAYURE,0,0,0,0
NARANJO,0,0,0.024,0
NICOYA,0,0,0,0
OREAMUNO,0,0,0,0
OROTINA,0,0,0.138,0
OSA,0.009,0,0.093,0.135
PALMARES,0,0,0,0
PARAISO,0,0,0,0
PARRITA,0,0.522,0.432,0
PAVAS,0,0,0.04,0
PEREZ_ZELEDON,0.018,0,0.651,0.063
POAS,0,0,0,0
POCOCI,0.012,0,0,0
PTO_VIEJO,0.064,0.008,0,0
PUNTARENAS,0,0,0,0
PURISCAL,0,0,0,0
QUEPOS,0,0,0,0
SAN_CARLOS,0,0,0,0
SAN_ISIDRO,0.048,0,1.736,0.168
SAN_JOSE,0,0,0,0
SAN_MARCOS,0.015,0,0.57,0.005
SAN_MATEO,0,0,0.492,0
SAN_PABLO,0,0,0,0
SAN_RAFAEL,0,0,0,0
SAN_RAMON,0,0,0,0
SANTA_ANA,0,0,0.255,0
SANTA_BARBARA,0,0,0,0
SANTA_CRUZ,0,0,0,0
SANTO_DOMINGO,0,0,0.003,0
SARAPIQUI,0.064,0.008,0,0
SIQUIRRES,0,0,0,0
SIXAOLA,0.872,3.512,0.024,0.12
TALAMANCA,0,0.492,0,0.018
TARRAZU,0,0,0.354,0.006
TIBAS,0,0,0.537,0.036
TILARAN,0.162,0.003,0.453,0.048
TORTUGUERO,0,1.275,0,0
TURRIALBA,0,0,0.352,0.056
TURRUBARES,0,0,0,0
UPALA,4.352,1.272,0.128,7.224
VALVERDE_VEGA,0,0,0.051,0.03
VAZQUEZ,0,0,4.566,3.228
