ALAJUELA,0,0,0,0
ABANGARES,0,0,0,0
ACOSTA,0,0,0,0
AGUIRRE,0,0,0.018,0.006
ALAJUELITA,0,0,0,0
ALFARO_RUIZ,0,0,0.171,0
ALVARADO,0.336,0,0.501,0
ASERRI,0,0,0,0
ATENAS,0,0,0,0
BAGACES,0,0,0,0
BARVA,0,0,0,0
BELEN,0,0,0,0
BUENOS_AIRES,0.006,0,0,0
CANAS,0,0,0,0
CARRILLO,0,0,0,0
CARTAGO,0.048,0,0,0
CD._QUESADA,13.96,3.488,7.392,0.88
CORREDORES,0,0,0,0
COTO_BRUS,0.024,0,0.104,0
CURRIDABAT,0,0,0,0
DESAMPARADOS,0,0,0,0
DOTA,0,0,0,0
EL_GUARCO,0.09,0,0,0
ESPARZA,0,0,0,0
ESCAZU,0,0,0,0
FLORES,0,0,0,0
GARABITO,0,0,0.027,0.042
GOICOECHEA,0.012,0,0,0.069
GOLFITO,0,0,0,0
GRECIA,0,0,0,0
GUACIMO,0,0.18,0.888,0.387
GUAPILES,0,0.32,2.816,1.104
GUATUSO,1.257,0.483,1.545,0.339
HEREDIA,0.192,1.32,4.096,2.144
HOJANCHA,0,0,0,0
JIMENEZ,0.546,0,0.498,0
LA_CRUZ,0,0,0,0
LA_UNION,0,0,0,0
LEON_CORTEZ,0,0,0,0
LIBERIA,0,0,0,0
LIMON,1.072,2.816,0.136,0.984
LOS_CHILES,19.216,0.104,6.712,0.184
MATINA,0.414,0.012,0.246,0.195
MONTES_DE_OCA,0,0,0,0
MONTES_DE_ORO,0,0,0,0
MORA,0,0,0,0
MORAVIA,0.051,0,0.015,0.27
NANDAYURE,0,0,0,0
NARANJO,0,0,0,0
NICOYA,0,0,0,0
OREAMUNO,0.093,0,0.015,0
OROTINA,0,0,0,0
OSA,0,0,0.042,0.003
PALMARES,0,0,0,0
PARAISO,0.021,0,0,0
PARRITA,0,0,0.294,0.024
PAVAS,0,0,0,0
PEREZ_ZELEDON,0,0,0.87,0.009
POAS,0,0,0,0
POCOCI,0,0.141,1.263,0.249
PTO_VIEJO,2.672,2.36,3.544,2.12
PUNTARENAS,0,0,0,0
PURISCAL,0,0,0,0
QUEPOS,0,0,0.01,0.005
SAN_CARLOS,0,0,0.228,0
SAN_ISIDRO,0,0,2.32,0.024
SAN_JOSE,0.606,0,1.35,0
SAN_MARCOS,0,0,0,0
SAN_MATEO,0,0,0,0
SAN_PABLO,0,0,0,0
SAN_RAFAEL,0,0,0,0
SAN_RAMON,0,0,0,0
SANTA_ANA,0,0,0,0
SANTA_BARBARA,0,0,0,0
SANTA_CRUZ,0,0,0,0
SANTO_DOMINGO,0,0,0,0
SARAPIQUI,2.672,2.36,3.544,2.12
SIQUIRRES,0.039,0.21,0.108,0.096
SIXAOLA,2.512,8.632,2.248,0.944
TALAMANCA,0.036,3.972,0.786,0.531
TARRAZU,0,0,0,0
TIBAS,0,0,0.045,0.168
TILARAN,0.036,0,0.699,0.024
TORTUGUERO,13.54,1.87,0.16,1.18
TURRIALBA,0.992,0,2.016,0.024
TURRUBARES,0,0,0,0
UPALA,7.888,0.352,2.984,0.008
VALVERDE_VEGA,0,0,0,0
VAZQUEZ,0.036,0,0.003,0.177
