ALAJUELA,0,0,0,0
ABANGARES,0,0,0,0
ACOSTA,0,0,0,0
AGUIRRE,0,0,0,0
ALAJUELITA,0,0,0,0.015
ALFARO_RUIZ,3.561,0.51,0.39,0.09
ALVARADO,0.729,1.488,0.429,0.21
ASERRI,0,0,0,0
ATENAS,0,0,0,0
BAGACES,0,0,0,0
BARVA,0,0,0.048,0.042
BELEN,0,0,0,0
BUENOS_AIRES,0,0,0,0
CANAS,0,0,0,0
CARRILLO,0,0,0,0
CARTAGO,0.492,1.716,0,0.012
CD._QUESADA,8.848,1.56,0,0.36
CORREDORES,0,0,0,0.006
COTO_BRUS,0.024,0,0.192,0
CURRIDABAT,0,0,0,0
DESAMPARADOS,0,0,0,0
DOTA,0,0,0,0
EL_GUARCO,0.105,0.033,0,0
ESPARZA,0,0,0,0
ESCAZU,0,0,0,0
FLORES,0,0,0,0
GARABITO,0,0,0,0
GOICOECHEA,0,0,0.081,0.12
GOLFITO,0,0,0.024,0.208
GRECIA,0,0,0,0
GUACIMO,3.723,2.691,2.583,1.047
GUAPILES,14.36,5.824,8.904,1.936
GUATUSO,0.336,1.242,0.561,3.132
HEREDIA,9.056,15.216,28.56,5.816
HOJANCHA,0,0,0,0
JIMENEZ,0.852,1.506,0.228,0.084
LA_CRUZ,0,0,0,0
LA_UNION,0,0,0,0
LEON_CORTEZ,0,0,0.435,0.033
LIBERIA,0,0,0,0
LIMON,7.224,1.56,7.248,0.36
LOS_CHILES,1.152,0.016,0.408,0.072
MATINA,0.297,3.516,0.963,0.225
MONTES_DE_OCA,0,0,0.003,0.006
MONTES_DE_ORO,0,0,0,0
MORA,0,0,0,0
MORAVIA,0.006,0.006,0.246,0.321
NANDAYURE,0,0,0,0
NARANJO,0,0,0,0
NICOYA,0,0,0,0
OREAMUNO,0.429,1.029,0.003,0.006
OROTINA,0,0,0,0
OSA,0,0,0,0
PALMARES,0,0,0,0
PARAISO,0.159,0.027,0.024,0.012
PARRITA,0,0,0,0
PAVAS,0,0,0,0
PEREZ_ZELEDON,0,0,0.216,0.057
POAS,0,0,0,0
POCOCI,4.239,1.749,2.298,0.678
PTO_VIEJO,0.192,24.808,2.968,4.76
PUNTARENAS,0,0,0,0
PURISCAL,0,0,0,0
QUEPOS,0,0,0,0
SAN_CARLOS,5.94,3.624,4.176,0.138
SAN_ISIDRO,0,0,0.576,0.152
SAN_JOSE,1.752,2.916,0.366,0.198
SAN_MARCOS,0,0,0,0
SAN_MATEO,0,0,0,0
SAN_PABLO,0,0,0.117,0.021
SAN_RAFAEL,0.552,0.159,0.57,0.978
SAN_RAMON,0,0,0,0
SANTA_ANA,0,0,0,0
SANTA_BARBARA,0,0,0,0
SANTA_CRUZ,0,0,0,0
SANTO_DOMINGO,0.021,0.006,0.108,0.132
SARAPIQUI,0.192,24.808,2.968,4.76
SIQUIRRES,0.609,1.479,0.018,2.04
SIXAOLA,4.56,2.264,0.176,0.04
TALAMANCA,2.406,1.269,2.541,1.371
TARRAZU,0,0,0,0
TIBAS,0,0.009,0.009,0.039
TILARAN,0.168,1.548,1.878,1.824
TORTUGUERO,2.37,0.22,0.03,0.56
TURRIALBA,1.336,3.808,0.056,0.032
TURRUBARES,0,0,0,0
UPALA,2.512,0.024,0.032,1.832
VALVERDE_VEGA,0,0,0,0
VAZQUEZ,0,0.066,0.303,0.351
