ALAJUELA,0,0,0,0
ABANGARES,0,0,0,0
ACOSTA,0.003,0.042,0.051,0.234
AGUIRRE,7.116,26.544,1.116,0
ALAJUELITA,0,0.048,0.498,0.03
ALFARO_RUIZ,0.015,2.619,1.575,0.354
ALVARADO,0,4.893,0.513,0
ASERRI,0.006,0.072,2.49,0
ATENAS,0,0,0,0
BAGACES,0,0,0,0
BARVA,0,0,0.015,0
BELEN,0,0,0.003,0
BUENOS_AIRES,0.318,0.036,26.602,0.018
CANAS,0,0,0,0
CARRILLO,0,0,0,0
CARTAGO,0,3.9,0.234,0
CD._QUESADA,1.04,4.032,0,0
CORREDORES,0.141,0.102,1.404,0.06
COTO_BRUS,0.72,0.008,0.96,0.064
CURRIDABAT,0,0.219,0.663,0.255
DESAMPARADOS,0,0.084,0.876,0.078
DOTA,0,0.21,0.012,0.252
EL_GUARCO,0,1.776,0.063,0
ESPARZA,0,0,0,0
ESCAZU,0,0,0,0
FLORES,0,0,0.006,0
GARABITO,0,0,0,0.009
GOICOECHEA,0,0.789,0.735,0.153
GOLFITO,0.144,0.024,0,0.352
GRECIA,0,0,0.003,0
GUACIMO,0,8.796,0,0.006
GUAPILES,0,21.832,0,0.072
GUATUSO,0.3,0.039,0,0
HEREDIA,0,5.976,0.008,0
HOJANCHA,0,0,0,0.009
JIMENEZ,0,7.398,0.255,0
LA_CRUZ,0,0,0,0
LA_UNION,0,0.366,0.426,0.024
LEON_CORTEZ,0.003,0.291,0.531,0.027
LIBERIA,0,0,0,0
LIMON,0,8.728,0,0
LOS_CHILES,0,0,0,0
MATINA,0,6.399,0,0
MONTES_DE_OCA,0,0.366,0.393,0.132
MONTES_DE_ORO,0,0,0,0
MORA,0,0,0,0
MORAVIA,0,1.239,1.239,0.183
NANDAYURE,0,0,0.048,0
NARANJO,0,0,0.069,0
NICOYA,0,0,0,0
OREAMUNO,0,2.262,0.174,0.006
OROTINA,0,0,0,0
OSA,0,0,0,0
PALMARES,0,0,0.042,0
PARAISO,0,3.123,0.042,0
PARRITA,1.305,1.902,0.075,0
PAVAS,0,0,0.01,0
PEREZ_ZELEDON,1.143,0.144,2.67,0.036
POAS,0,0,0.003,0
POCOCI,0,8.376,0.006,0.012
PTO_VIEJO,0,4.272,0,0
PUNTARENAS,0,0,0,0
PURISCAL,0,0,0.147,0.018
QUEPOS,9.695,43.53,2.5,0
SAN_CARLOS,0,2.121,0.747,0.222
SAN_ISIDRO,3.048,0.384,7.12,0.096
SAN_JOSE,0,8.376,0.996,0
SAN_MARCOS,0,0.305,0.465,0.355
SAN_MATEO,0,0,0,0
SAN_PABLO,0,0,0.219,0
SAN_RAFAEL,0,0.564,0.27,0
SAN_RAMON,0,0,0.328,0
SANTA_ANA,0,0,0.081,0
SANTA_BARBARA,0,0,0,0
SANTA_CRUZ,0,0,0,0
SANTO_DOMINGO,0,0.207,0.144,0.003
SARAPIQUI,0,4.272,0,0
SIQUIRRES,0,7.542,0,0.012
SIXAOLA,0,16.2,0,0
TALAMANCA,0,3.492,0,0
TARRAZU,0,0.042,0.141,0.09
TIBAS,0,0.444,0.156,0.024
TILARAN,0,0.651,0.006,0.003
TORTUGUERO,1.035,3.875,0,0
TURRIALBA,0.008,18.736,0.392,0.064
TURRUBARES,0,0,0.063,0.012
UPALA,0,0,0,0
VALVERDE_VEGA,0,0,0.078,0
VAZQUEZ,0,8.628,5.766,2.928
