ALAJUELA,0,0,0,0
ABANGARES,0,0,0,0
ACOSTA,0,0,0,0
AGUIRRE,0,0,0,0
ALAJUELITA,0,0,0.57,0
ALFARO_RUIZ,0,0,0.432,0.003
ALVARADO,0,0,0.003,0
ASERRI,0.06,0,0.552,0
ATENAS,0,0,0,0
BAGACES,0,0,0,0
BARVA,0,0,0.006,0
BELEN,0,0,0,0
BUENOS_AIRES,0,0,0,0
CANAS,0,0,0,0
CARRILLO,0,0,0,0
CARTAGO,0,0,0,0
CD._QUESADA,0.16,0.288,0,1.0416
CORREDORES,0,0,0,0
COTO_BRUS,0,0,0.2,0
CURRIDABAT,0,0,2.772,0.048
DESAMPARADOS,0,0,1.227,0
DOTA,0,0,0.012,0.018
EL_GUARCO,0,0,0,0
ESPARZA,0,0,0,0
ESCAZU,0,0,0,0
FLORES,0,0,0,0
GARABITO,0,0,0,0
GOICOECHEA,0.03,0,0.642,0.405
GOLFITO,0,0,0,0
GRECIA,0,0,0,0
GUACIMO,0,0.003,0,0.0009
GUAPILES,0,0,0,0
GUATUSO,0,0,0.03,0.5835
HEREDIA,0.88,0,0.2,2.532
HOJANCHA,0,0,0,0
JIMENEZ,0,0,0,0
LA_CRUZ,0,0,0,0
LA_UNION,0,0,0,0
LEON_CORTEZ,0,0,0,1.29
LIBERIA,0,0,0,0
LIMON,1.28,0.008,0,0.1888
LOS_CHILES,0,0.016,0,0.0824
MATINA,0,0,0,0.0048
MONTES_DE_OCA,0,0,1.011,0.174
MONTES_DE_ORO,0,0,0,0
MORA,0,0,0,0
MORAVIA,0.15,0.003,0.45,0.606
NANDAYURE,0,0,0,0
NARANJO,0,0,0,0
NICOYA,0,0,0,0
OREAMUNO,0,0,0.027,0
OROTINA,0,0,0,0
OSA,0,0,0,0
PALMARES,0,0,0,0
PARAISO,0,0,0,0
PARRITA,0,0,0,0
PAVAS,0,0,0,0
PEREZ_ZELEDON,0,0,0.519,0
POAS,0,0,0,0
POCOCI,0,0,0,0
PTO_VIEJO,0,0.488,0,0.3888
PUNTARENAS,0,0,0,0
PURISCAL,0,0,2.949,0
QUEPOS,0,0,0,0
SAN_CARLOS,0,0,2.13,0
SAN_ISIDRO,0,0,1.384,0
SAN_JOSE,0,0,0.024,0
SAN_MARCOS,0,0,0,0.45
SAN_MATEO,0,0,0,0
SAN_PABLO,0,0,0.006,0
SAN_RAFAEL,0.03,0,0.033,0
SAN_RAMON,0,0,0,0
SANTA_ANA,0,0,0,0
SANTA_BARBARA,0,0,0,0
SANTA_CRUZ,0,0,0,0
SANTO_DOMINGO,0,0,0.036,0.003
SARAPIQUI,0,0.488,0,0.3888
SIQUIRRES,0,0,0,0
SIXAOLA,0.88,0,0,0
TALAMANCA,0,0,0,0
TARRAZU,0,0,0,0.096
TIBAS,0,0,0.033,0.081
TILARAN,0.18,0.006,0.495,0.5898
TORTUGUERO,0.1,1.35,0,0.382
TURRIALBA,0,0,0.264,0
TURRUBARES,0,0,0,0
UPALA,0,0.856,0,0.0496
VALVERDE_VEGA,0,0,0,0
VAZQUEZ,0.6,0,2.514,2.5599
