ALAJUELA,0,0,0.01,0
ABANGARES,0,0,0,0
ACOSTA,0,0,0,0
AGUIRRE,0,0,0.054,0
ALAJUELITA,0,0,0.705,0
ALFARO_RUIZ,0,0,1.446,0.006
ALVARADO,0,0,0.021,0
ASERRI,0,0,0.174,0.006
ATENAS,0,0,0.024,0
BAGACES,0,0,0,0
BARVA,0,0,0,0
BELEN,0,0,0.009,0
BUENOS_AIRES,0.038,0,3.888,3.399
CANAS,0,0,0,0
CARRILLO,0,0,0,0
CARTAGO,0,0,0,0
CD._QUESADA,0.0608,11.04,0,0.032
CORREDORES,1.1328,0,1.233,0
COTO_BRUS,0,0,0.112,0.016
CURRIDABAT,0,0,1.434,0.054
DESAMPARADOS,0,0,0.639,0.012
DOTA,0,0,0.018,9.375
EL_GUARCO,0,0,0,0
ESPARZA,0,0,0,0
ESCAZU,0,0,0,0.045
FLORES,0,0,0,0
GARABITO,0,0,0,0
GOICOECHEA,0.009,0,0.687,0.042
GOLFITO,11.3696,0,14.32,0.152
GRECIA,0,0,0.081,0.012
GUACIMO,0,0,0,0
GUAPILES,0,0,0.32,0.528
GUATUSO,0,0,0,0
HEREDIA,0,0,1.384,0.392
HOJANCHA,0,0,0,0
JIMENEZ,0,0,0.315,0
LA_CRUZ,0,0,0,0
LA_UNION,0,0,0.003,0
LEON_CORTEZ,0,0,0.966,17.07
LIBERIA,0,0,0,0
LIMON,0,0,0,0
LOS_CHILES,0,4.856,0,0.024
MATINA,0,0,0,0
MONTES_DE_OCA,0.003,0,0.612,0.09
MONTES_DE_ORO,0,0,0.003,0
MORA,0,0,0,0
MORAVIA,0.021,0,0.618,0.003
NANDAYURE,0,0,0,0
NARANJO,0,0,0.141,0
NICOYA,0,0,0,0
OREAMUNO,0,0,0,0
OROTINA,0,0,0,0
OSA,0.534,0,11.109,0.039
PALMARES,0,0,0.024,0
PARAISO,0,0,0,0
PARRITA,0,0,0.009,0
PAVAS,0,0,0.15,0
PEREZ_ZELEDON,0.099,0,7.971,1.182
POAS,0,0,0.081,0
POCOCI,0,0,0.285,0.12
PTO_VIEJO,0,0,0,0
PUNTARENAS,0,0,0,0
PURISCAL,0,0,0.978,0.594
QUEPOS,0,0,0.095,0
SAN_CARLOS,0.285,0.015,0.006,0
SAN_ISIDRO,0.264,0,21.256,3.152
SAN_JOSE,0,0,0.03,0
SAN_MARCOS,0,0,0.445,27.85
SAN_MATEO,0,0,0,0
SAN_PABLO,0,0,0.003,0
SAN_RAFAEL,0,0,0,0
SAN_RAMON,0,0,0.024,0
SANTA_ANA,0,0,0.012,0
SANTA_BARBARA,0.003,0,0.012,0
SANTA_CRUZ,0,0,0,0
SANTO_DOMINGO,0,0,0.033,0
SARAPIQUI,0,0,0,0
SIQUIRRES,0,0,0.015,0
SIXAOLA,0,0,0,0
TALAMANCA,0,0,0,0
TARRAZU,0,0,0.18,20.586
TIBAS,0.006,0,0.219,0
TILARAN,0,0,0,0
TORTUGUERO,0.072,0.21,0,0.465
TURRIALBA,0,0,1.544,0.768
TURRUBARES,0,0,0,0
UPALA,0,0.008,0,0
VALVERDE_VEGA,0,0,0.099,0.003
VAZQUEZ,0.012,0,3.696,1.476
