ALAJUELA,0.013,0,1.2721,0.003
ABANGARES,0,0,0.336,0.021
ACOSTA,0,0,0,0
AGUIRRE,0,0,0,0
ALAJUELITA,0.003,0,1.1502,0.003
ALFARO_RUIZ,0,0,3.9666,0.618
ALVARADO,0,0,0,0
ASERRI,0,0,2.0418,0
ATENAS,0,0,0.0513,0.003
BAGACES,0,0,0,0
BARVA,0,0,0.3999,0.048
BELEN,0,0,0.1965,0
BUENOS_AIRES,0,0,1.7064,0
CANAS,0,0,0.496,0.248
CARRILLO,0,0,0,0
CARTAGO,0,0,0,0
CD._QUESADA,0,16.712,0,0
CORREDORES,0.258,0.039,1.3512,0
COTO_BRUS,0.024,0,0.1096,0.008
CURRIDABAT,0.003,0,2.4567,0.012
DESAMPARADOS,0.003,0,1.6659,0.003
DOTA,0.006,0,1.1514,1.431
EL_GUARCO,0,0,0,0
ESPARZA,0,0,0.0048,0
ESCAZU,0,0,3.2375,0.006
FLORES,0,0,0.1059,0
GARABITO,0.006,0.012,0,0
GOICOECHEA,0.078,0,0.7482,0.009
GOLFITO,0,0,0,0
GRECIA,0.03,0,2.3946,0
GUACIMO,0.534,0.051,0,0
GUAPILES,0.592,0.112,0,0
GUATUSO,0,1.632,0.0165,0.033
HEREDIA,0,2.248,0.0096,0
HOJANCHA,0,0,0.7785,0.018
JIMENEZ,0,0,0,0
LA_CRUZ,0,0,0.0183,0
LA_UNION,0,0,0.792,0
LEON_CORTEZ,0,0,6.2538,3.564
LIBERIA,0,0,0,0
LIMON,6.48,0.072,0,0
LOS_CHILES,0,0.016,0,0.016
MATINA,2.583,0,0,0
MONTES_DE_OCA,0.051,0,1.0317,0
MONTES_DE_ORO,0,0,0.0438,0.477
MORA,0,0,0.1482,0.09
MORAVIA,0.102,0,0.5592,0.036
NANDAYURE,0,0,0.0099,0
NARANJO,0.006,0,1.7298,0.009
NICOYA,0,0,0.392,0
OREAMUNO,0,0,0,0
OROTINA,0,0,0.0018,0
OSA,0.003,0.021,0,0
PALMARES,0,0,0.012,0
PARAISO,0,0,0,0
PARRITA,0,0,0,0
PAVAS,0.005,0,0.055,0.005
PEREZ_ZELEDON,0,0,1.008,0.291
POAS,0,0,5.3304,0.051
POCOCI,0.153,0.03,0,0
PTO_VIEJO,0.32,0.984,0,0
PUNTARENAS,0,0,0.4004,0
PURISCAL,0.003,0,7.8903,0.084
QUEPOS,0,0,0,0
SAN_CARLOS,0,0.003,0.3132,0
SAN_ISIDRO,0,0,2.688,0.776
SAN_JOSE,0,0,0,0
SAN_MARCOS,0,0,12.02,5.72
SAN_MATEO,0,0,0.015,0.003
SAN_PABLO,0,0,0.003,0
SAN_RAFAEL,0,0,0.0621,0.003
SAN_RAMON,0.008,0,0.0392,0.016
SANTA_ANA,0,0,0.4194,0.018
SANTA_BARBARA,0,0,7.1865,0.039
SANTA_CRUZ,0,0,0,0
SANTO_DOMINGO,0,0,0.012,0
SARAPIQUI,0.32,0.984,0,0
SIQUIRRES,0.378,0.012,0,0
SIXAOLA,2.296,1.264,0,0
TALAMANCA,0.564,0,0,0
TARRAZU,0.009,0,2.3856,1.095
TIBAS,0.015,0,0.042,0
TILARAN,0.141,0.144,0.4896,0
TORTUGUERO,0.335,0.095,0,0
TURRIALBA,0,0,0.0856,0
TURRUBARES,0,0,0,0
UPALA,0,0,0.0176,0.008
VALVERDE_VEGA,0.021,0,2.4801,0
VAZQUEZ,0.156,0,4.0536,0.963
