ALAJUELA,0,0,0,0
ABANGARES,0,0,0,0
ACOSTA,0,0,0,0
AGUIRRE,0.018,0.135,0.024,0
ALAJUELITA,0,0,0,0
ALFARO_RUIZ,0,0,0,0
ALVARADO,0,0,0,0
ASERRI,0,0,0,0
ATENAS,0,0,0,0
BAGACES,0,0,0,0
BARVA,0,0,0,0
BELEN,0,0,0,0
BUENOS_AIRES,0.041,0,0.155,0.022
CANAS,0,0,0,0
CARRILLO,0,0,0,0
CARTAGO,0,0,0,0
CD._QUESADA,0,0,0,0.016
CORREDORES,0.162,0.003,0.09,0.021
COTO_BRUS,0.664,0.032,0.568,0
CURRIDABAT,0,0,0,0
DESAMPARADOS,0,0,0,0
DOTA,0,0,0,0
EL_GUARCO,0,0,0,0
ESPARZA,0,0,0,0
ESCAZU,0,0,0,0
FLORES,0,0,0,0
GARABITO,0.261,1.65,0,0
GOICOECHEA,0,0,0,0
GOLFITO,0.184,0.016,0.752,0.024
GRECIA,0,0,0,0
GUACIMO,0.516,1.32,0.006,0
GUAPILES,0.512,2.024,0.056,0
GUATUSO,0.045,0.003,0,0
HEREDIA,2.648,2.424,2.112,0.272
HOJANCHA,0,0,0,0
JIMENEZ,0.105,0,0.381,0
LA_CRUZ,0,0,0,0
LA_UNION,0,0,0,0
LEON_CORTEZ,0,0,0,0.078
LIBERIA,0,0,0,0
LIMON,0.216,0.44,0,0
LOS_CHILES,0,0,0,0
MATINA,0.291,0.102,0,0
MONTES_DE_OCA,0,0,0,0
MONTES_DE_ORO,0,0,0,0
MORA,0,0,0,0
MORAVIA,0.081,0.003,0.246,0.084
NANDAYURE,0,0,0,0
NARANJO,0,0,0,0
NICOYA,0,0,0.04,0
OREAMUNO,0,0,0,0
OROTINA,0,0,0,0
OSA,0.174,0,0.003,0.021
PALMARES,0,0,0,0
PARAISO,0,0,0,0
PARRITA,0.003,0.492,0.156,0
PAVAS,0,0,0,0
PEREZ_ZELEDON,0.528,0.09,0.69,0.243
POAS,0,0,0,0
POCOCI,0.072,0.546,0.042,0
PTO_VIEJO,3.496,1.368,0,0
PUNTARENAS,0,0,0,0
PURISCAL,0,0,0,0
QUEPOS,0.025,0.275,0.055,0
SAN_CARLOS,0.21,0,1.266,0
SAN_ISIDRO,1.408,0.24,1.84,0.648
SAN_JOSE,0,0,0,0
SAN_MARCOS,0.005,0,0,0.14
SAN_MATEO,0,0,0.009,0
SAN_PABLO,0,0,0,0
SAN_RAFAEL,0.24,0,0.498,0.48
SAN_RAMON,0,0,0,0
SANTA_ANA,0.003,0,0.003,0
SANTA_BARBARA,0,0,0,0
SANTA_CRUZ,0,0,0,0
SANTO_DOMINGO,0.033,0,0.102,0.117
SARAPIQUI,3.496,1.368,0,0
SIQUIRRES,0.384,0.462,0,0
SIXAOLA,0.096,0.296,0,0
TALAMANCA,0.414,0.213,0,0
TARRAZU,0.03,0,0.012,0.177
TIBAS,0.003,0,0.009,0.009
TILARAN,0,0.432,0,0
TORTUGUERO,0.005,0.005,0,0.065
TURRIALBA,0.376,0,2.36,0.208
TURRUBARES,0,0,0,0
UPALA,0.072,0,0,0
VALVERDE_VEGA,0,0,0,0
VAZQUEZ,2.67,0.06,9.138,2.622
