ALAJUELA,0,0,0,0
ABANGARES,0,0,0,0
ACOSTA,0,0,0,0
AGUIRRE,0.0006,0,0,0
ALAJUELITA,0,0,0,0
ALFARO_RUIZ,0,0,0,0
ALVARADO,0,0,0,0
ASERRI,0,0,0,0
ATENAS,0,0,0,0
BAGACES,0,0,0,0
BARVA,0,0,0,0
BELEN,0,0,0,0
BUENOS_AIRES,0.0451,0.0016,0.0932,0
CANAS,0,0,0,0
CARRILLO,0,0,0,0
CARTAGO,0,0,0,0
CD._QUESADA,0,0,0,0
CORREDORES,0.1242,0.0663,0.0564,0.0207
COTO_BRUS,0.356,0.0976,2.1992,0
CURRIDABAT,0,0,0,0
DESAMPARADOS,0,0,0,0
DOTA,0,0,0.102,0.8982
EL_GUARCO,0,0,0,0
ESPARZA,0,0,0.0111,0.0051
ESCAZU,0,0,0,0
FLORES,0,0,0,0
GARABITO,0.2556,1.6935,0.0327,0.0786
GOICOECHEA,0,0,0.0063,0
GOLFITO,0.0152,1.336,0.0048,0.2152
GRECIA,0,0,0,0
GUACIMO,0,0,0,0
GUAPILES,0,0,0,0
GUATUSO,0,0,0,0.0069
HEREDIA,0,0,0,0
HOJANCHA,0,0,0,0
JIMENEZ,0,0,0,0
LA_CRUZ,0,0,0,0
LA_UNION,0,0,0,0
LEON_CORTEZ,0,0,0.4698,0.8526
LIBERIA,0,0,0,0
LIMON,0,0,0,0
LOS_CHILES,0,0,0,0
MATINA,0,0,0,0
MONTES_DE_OCA,0,0,0.0012,0
MONTES_DE_ORO,0,0,0,0
MORA,0,0,0,0
MORAVIA,0,0,0.0012,0
NANDAYURE,0,0,0,0
NARANJO,0,0,0,0
NICOYA,0,0,0,0
OREAMUNO,0,0,0,0
OROTINA,0,0,0.7515,0.0105
OSA,0.0003,0,0.2538,0.6516
PALMARES,0,0,0,0
PARAISO,0,0,0,0
PARRITA,0.0009,1.842,0.0312,0.0033
PAVAS,0,0,0,0
PEREZ_ZELEDON,0,0,0.009,0
POAS,0,0,0,0
POCOCI,0,0,0,0
PTO_VIEJO,0,0,0,0
PUNTARENAS,0,0,0,0
PURISCAL,0,0,0.0864,0
QUEPOS,0,0,0,0
SAN_CARLOS,0,0,0,0
SAN_ISIDRO,0,0,0.024,0
SAN_JOSE,0,0,0,0
SAN_MARCOS,0,0,0.5495,0.83
SAN_MATEO,0,0,1.6488,0.0321
SAN_PABLO,0,0,0,0
SAN_RAFAEL,0,0,0,0
SAN_RAMON,0,0,0,0
SANTA_ANA,0,0,0,0
SANTA_BARBARA,0,0,0,0
SANTA_CRUZ,0,0,0,0
SANTO_DOMINGO,0,0,0,0
SARAPIQUI,0,0,0,0
SIQUIRRES,0,0,0,0
SIXAOLA,0,0,0,0
TALAMANCA,0,0,0,0
TARRAZU,0,0,0.3171,0.2685
TIBAS,0,0,0,0
TILARAN,0,0,0,0
TORTUGUERO,0,0,0,0
TURRIALBA,0,0,0,0
TURRUBARES,0,0,0,0
UPALA,0,0,0,0.0064
VALVERDE_VEGA,0,0,0,0
VAZQUEZ,0,0,0.0819,0
