ALAJUELA,0,0,6.6998,10.2666
ABANGARES,0,0,0.015,0
ACOSTA,0,0,8.0391,0.8202
AGUIRRE,0.0312,0,1.1019,1.035
ALAJUELITA,0,0,1.7724,0.213
ALFARO_RUIZ,0,0,0.1368,3.264
ALVARADO,0,0,0.2034,0.249
ASERRI,0,0,1.3446,0.0432
ATENAS,0,0,0.2628,0
BAGACES,0,0,0,0
BARVA,0,0,4.2489,5.2086
BELEN,0,0,2.0166,3.537
BUENOS_AIRES,0.8041,0.006,5.3455,10.938
CANAS,0,0,0.14,0
CARRILLO,0,0,0,0
CARTAGO,0.006,0,0.1296,0.042
CD._QUESADA,0,0,0,0
CORREDORES,1.6989,0.027,1.5747,0.7122
COTO_BRUS,0,0,7.6192,15.7728
CURRIDABAT,0,0,4.8102,0.3468
DESAMPARADOS,0,0,3.5007,0.0246
DOTA,0,0,0.537,4.7208
EL_GUARCO,0,0,0.0276,0
ESPARZA,0,0,0.0162,0
ESCAZU,0,0,0.2775,0.003
FLORES,0,0,6.1473,7.6524
GARABITO,0,0,0.0195,0
GOICOECHEA,0,0,5.7438,0.2028
GOLFITO,39.5344,65.404,1.1528,4.7296
GRECIA,0,0,2.4453,1.7004
GUACIMO,0,0,0,0.003
GUAPILES,0,0,0.024,0.0032
GUATUSO,0,0,0.0324,0
HEREDIA,0,0,1.38,0.0352
HOJANCHA,0,0,0,0
JIMENEZ,0,0,0.0678,0.078
LA_CRUZ,0,0,0,0
LA_UNION,0.015,0,3.6093,0.6606
LEON_CORTEZ,0,0,0.3261,2.4198
LIBERIA,0,0,0.0032,0
LIMON,0,0,0,0
LOS_CHILES,0,0,0,0
MATINA,0,0,0,0
MONTES_DE_OCA,0,0,4.9842,0.0828
MONTES_DE_ORO,0,0,0.1596,0.144
MORA,0,0,2.8452,8.5656
MORAVIA,0,0,8.1618,0.2238
NANDAYURE,0,0,0,0
NARANJO,0,0,0.5148,1.5336
NICOYA,0,0,0,0
OREAMUNO,0,0,0.108,0.102
OROTINA,0,0,4.0197,0.0516
OSA,0,0.0018,0,0.0108
PALMARES,0,0,0.2247,0.0036
PARAISO,0,0,0.0054,0
PARRITA,0,0,1.6341,0.348
PAVAS,0,0,6.681,11.7
PEREZ_ZELEDON,0.2514,0.003,1.4784,3.6792
POAS,0,0,9.9615,12.8652
POCOCI,0,0,0.0216,0.0042
PTO_VIEJO,0,0,0,0
PUNTARENAS,0,0,0.0198,0
PURISCAL,0,0,1.3017,1.641
QUEPOS,0.0755,0.005,1.691,1.9
SAN_CARLOS,0.0006,0,0,0.006
SAN_ISIDRO,0.6704,0.008,3.9424,9.8112
SAN_JOSE,0,0,0.3876,0.918
SAN_MARCOS,0,0,0.2395,8.915
SAN_MATEO,0,0,4.1718,0.291
SAN_PABLO,0,0,12.9093,1.3956
SAN_RAFAEL,0,0,6.6672,2.259
SAN_RAMON,0,0,0.3408,0.0176
SANTA_ANA,0,0,3.8193,3.1326
SANTA_BARBARA,0,0,4.6329,9.912
SANTA_CRUZ,0,0,0,0
SANTO_DOMINGO,0,0,8.0532,1.4232
SARAPIQUI,0,0,0,0
SIQUIRRES,0,0,0,0
SIXAOLA,0,0,0,0
TALAMANCA,0,0,0,0
TARRAZU,0,0,0.1224,7.692
TIBAS,0,0,1.8582,0.288
TILARAN,0,0,0.111,0.0006
TORTUGUERO,0,0,0,0.002
TURRIALBA,0,0,0.0312,0.048
TURRUBARES,0,0,0,0
UPALA,0,0,0,0
VALVERDE_VEGA,0,0,0.9912,1.8528
VAZQUEZ,0,0,18.0546,8.934
