ALAJUELA,0,0,0,0
ABANGARES,0,0,0,0
ACOSTA,0,0,0,0
AGUIRRE,7.539,2.538,2.295,1.4949
ALAJUELITA,0,0,0.021,0
ALFARO_RUIZ,0,0,0.159,0
ALVARADO,0,0,0,0
ASERRI,0,0,0,0
ATENAS,0,0,0,0
BAGACES,0,0,0,0
BARVA,0,0,0,0
BELEN,0,0,0,0
BUENOS_AIRES,0.032,0.021,0,0
CANAS,0,0,0,0
CARRILLO,0,0,0,0
CARTAGO,0,0,0,0
CD._QUESADA,0,0,0,0.0688
CORREDORES,0.186,0.069,0.516,0.0462
COTO_BRUS,0.248,0.016,0.296,0
CURRIDABAT,0,0,0,0
DESAMPARADOS,0,0,0,0
DOTA,0,0,0,0
EL_GUARCO,0,0,0,0
ESPARZA,0,0,0.846,0.09
ESCAZU,0,0,0,0
FLORES,0,0,0,0
GARABITO,4.656,0.759,0.018,0.0258
GOICOECHEA,0,0,0.387,0.06
GOLFITO,0.04,0.08,1.448,0.7896
GRECIA,0,0,0,0
GUACIMO,0,0.027,0,0
GUAPILES,0,0.032,0,0
GUATUSO,0,0,0,2.553
HEREDIA,0.024,0,0.448,0.216
HOJANCHA,0,0,0,0
JIMENEZ,0,0,0.093,0
LA_CRUZ,0,0,0,0
LA_UNION,0,0,0,0
LEON_CORTEZ,0,0,0.708,0
LIBERIA,0,0,0,0
LIMON,0,0.072,0,0
LOS_CHILES,0,0.128,2.328,1.4496
MATINA,0,0.078,0,0
MONTES_DE_OCA,0,0,0.033,0.003
MONTES_DE_ORO,0,0,0,0
MORA,0,0,0,0
MORAVIA,0,0,0.96,0.165
NANDAYURE,0,0,0,0
NARANJO,0,0,0,0
NICOYA,0,0,0,0
OREAMUNO,0,0,0,0
OROTINA,0,0,0,0
OSA,0.492,0.153,0.51,0.0603
PALMARES,0,0,0,0
PARAISO,0,0,0,0
PARRITA,6.93,4.827,4.458,3.3171
PAVAS,0,0,0,0
PEREZ_ZELEDON,0,0.003,0.081,0.108
POAS,0,0,0,0
POCOCI,0,0.009,0,0
PTO_VIEJO,0,0.128,0,0.0008
PUNTARENAS,0,0,0,0
PURISCAL,0,0,0,0
QUEPOS,10.37,6.285,3.44,3.5765
SAN_CARLOS,0,0,0,0
SAN_ISIDRO,0,0.008,0.216,0.288
SAN_JOSE,0,0,0,0
SAN_MARCOS,0,0,0,0
SAN_MATEO,0,0,0,0
SAN_PABLO,0.009,0,0.75,0.258
SAN_RAFAEL,0.027,0,1.236,0.444
SAN_RAMON,0,0,0,0
SANTA_ANA,0,0,0,0
SANTA_BARBARA,0,0,0,0
SANTA_CRUZ,0,0,0,0
SANTO_DOMINGO,0.003,0,0.219,0.075
SARAPIQUI,0,0.128,0,0.0008
SIQUIRRES,0,0.015,0,0
SIXAOLA,0,0,0,0
TALAMANCA,0,0,0,0
TARRAZU,0,0,0,0
TIBAS,0,0,0.72,0.111
TILARAN,0,0,0,0.0012
TORTUGUERO,0,0.28,0,0
TURRIALBA,0.016,0.008,0.272,0.024
TURRUBARES,0,0,0,0
UPALA,0,0,0.112,0.164
VALVERDE_VEGA,0,0,0,0
VAZQUEZ,0,0,1.62,0.642
