ALAJUELA,0.003,0,0.0554,0
ABANGARES,0.033,0,0,0
ACOSTA,0,0,0.009,0.012
AGUIRRE,0.003,0,0.0012,0
ALAJUELITA,0.012,0,0.5664,0
ALFARO_RUIZ,0.036,0,1.4352,0.279
ALVARADO,0.087,0,0.36,0
ASERRI,0,0,0.9084,0
ATENAS,0.003,0,0.4386,0
BAGACES,0,0,0,0
BARVA,0,0,0.054,0
BELEN,0,0,0.0912,0
BUENOS_AIRES,0.448,0,5.1252,0.009
CANAS,0,0,0.008,0
CARRILLO,0,0,0,0
CARTAGO,0.084,0,0.1428,0
CD._QUESADA,0,0.392,0,0.0024
CORREDORES,0.003,0,5.1276,6.6462
COTO_BRUS,0.536,0,1.4704,1.752
CURRIDABAT,0.003,0,4.6182,0.009
DESAMPARADOS,0.009,0,1.8702,0
DOTA,0.714,0,3.369,7.644
EL_GUARCO,0.051,0,0.0102,0
ESPARZA,1.23,0,0.7524,0.024
ESCAZU,0.081,0,1.91,0.003
FLORES,0,0,0.1458,0
GARABITO,0,0,0,0
GOICOECHEA,0.057,0,1.8702,0.039
GOLFITO,0.064,0,0.2928,38.0632
GRECIA,0.024,0,1.6896,0.015
GUACIMO,0,0.186,0,0
GUAPILES,0,0.152,0.08,0.008
GUATUSO,0,0,0.0576,0.3309
HEREDIA,0.44,0,1.6192,0
HOJANCHA,0,0,0,0
JIMENEZ,0.06,0,0.1998,0
LA_CRUZ,0,0,0,0
LA_UNION,0.003,0,2.7366,0.018
LEON_CORTEZ,0.033,0,2.7438,4.0047
LIBERIA,0,0,0,0
LIMON,0,2.056,0,0
LOS_CHILES,0,0,0,0.9952
MATINA,0,0.267,0,0
MONTES_DE_OCA,0.027,0,2.4144,0.021
MONTES_DE_ORO,0.06,0,0.4674,0
MORA,0,0,0.978,0.414
MORAVIA,0.087,0,1.569,0.054
NANDAYURE,0,0,0,0
NARANJO,0,0,2.2734,0.015
NICOYA,0,0.208,0,0
OREAMUNO,0.048,0,0.1866,0
OROTINA,0.645,0,3.7404,0
OSA,0.003,0,0.1398,0.282
PALMARES,0,0,0.5718,0
PARAISO,0.006,0,0.0144,0
PARRITA,0,0,0.0138,0
PAVAS,0.025,0,0.193,0
PEREZ_ZELEDON,0.096,0,0.0516,0
POAS,0.003,0,2.1888,0.006
POCOCI,0,0.024,0.0354,0
PTO_VIEJO,0,0,0.12,0.016
PUNTARENAS,2.596,0,0.4466,0
PURISCAL,0.591,0,4.2552,0.882
QUEPOS,0.005,0,0.002,0.002
SAN_CARLOS,0.363,0,1.509,0
SAN_ISIDRO,0.256,0,0.1376,0
SAN_JOSE,0.138,0,0.81,0
SAN_MARCOS,0.045,0.01,3.618,4.0495
SAN_MATEO,1.446,0,5.6676,0
SAN_PABLO,0.003,0,0.0516,0
SAN_RAFAEL,0.087,0,0.1482,0
SAN_RAMON,0.208,0.04,1.592,0
SANTA_ANA,0.15,0,0.0282,0
SANTA_BARBARA,0.15,0,0.4488,0.012
SANTA_CRUZ,0,0,0,0
SANTO_DOMINGO,0.009,0,0.1932,0
SARAPIQUI,0,0,0.12,0.016
SIQUIRRES,0,0.192,0,0
SIXAOLA,0,5.664,0,0
TALAMANCA,0,0.207,0,0
TARRAZU,0.081,0.012,1.0614,0.9951
TIBAS,0.096,0,0.8748,0
TILARAN,0.039,0,0.0366,0.1917
TORTUGUERO,0.015,0.345,0,0
TURRIALBA,0.024,0.016,0.3376,0
TURRUBARES,0.321,0.75,0,0
UPALA,0,0,0,0.0912
VALVERDE_VEGA,0.012,0,1.6878,0.003
VAZQUEZ,0.498,0.054,3.9444,0.7695
