ALAJUELA,0,0,0.29,0
ABANGARES,0,0,0,0
ACOSTA,0,0,0.555,0.072
AGUIRRE,0.318,0.513,0,0
ALAJUELITA,0.003,0,2.751,0.255
ALFARO_RUIZ,0.042,0,0.666,0.087
ALVARADO,0.708,0.219,1.197,0.804
ASERRI,0.006,0,15.246,2.04
ATENAS,0,0,0.009,0
BAGACES,0,0,0,0
BARVA,0,0,0.453,0.066
BELEN,0,0,0.261,0.018
BUENOS_AIRES,0.124,0,0.902,0
CANAS,0,0,0,0
CARRILLO,0,0,0,0
CARTAGO,0.768,0.546,1.23,0.378
CD._QUESADA,0,0,0,0
CORREDORES,1.38,0,3.069,0.033
COTO_BRUS,0.032,0,0.648,9.592
CURRIDABAT,0.168,0.114,2.571,0.021
DESAMPARADOS,0.018,0.021,3.009,0.054
DOTA,0,0,0.747,0.408
EL_GUARCO,0.189,0.096,0.402,0.018
ESPARZA,0,0,0,0
ESCAZU,0,0,0.7,0
FLORES,0,0,0.261,0.021
GARABITO,0,0,0,0
GOICOECHEA,0.018,0,1.812,0
GOLFITO,0,0,0,0.888
GRECIA,0,0,0,0
GUACIMO,0.633,0.252,0.243,0.594
GUAPILES,1.52,1.44,1.512,1.632
GUATUSO,0,0.123,0.09,0.162
HEREDIA,0.744,4.744,7.896,2.944
HOJANCHA,0,0,0.012,0
JIMENEZ,0.936,0.129,0.879,0.138
LA_CRUZ,0,0,0,0
LA_UNION,0.075,0.063,0.783,0
LEON_CORTEZ,0,0,3.066,2.259
LIBERIA,0,0,0,0
LIMON,0.048,0.072,0.016,0
LOS_CHILES,0,0.016,0,0.008
MATINA,0.042,0.309,0.024,0.174
MONTES_DE_OCA,0.027,0.009,3.735,0
MONTES_DE_ORO,0,0,0.006,0
MORA,0,0,0.972,0.618
MORAVIA,0.006,0,0.519,0
NANDAYURE,0,0,0,0
NARANJO,0.003,0,0,0
NICOYA,0,0,0.04,0
OREAMUNO,0.558,0.318,0.624,0.168
OROTINA,0,0,0.084,0
OSA,0,0,0,0
PALMARES,0.003,0,0.006,0
PARAISO,0.03,0.03,0.141,0.009
PARRITA,0,0,0,0
PAVAS,0,0,0.18,0.275
PEREZ_ZELEDON,0,0,0,0.003
POAS,0.114,0,0.177,0.003
POCOCI,0.534,0.834,0.675,0.645
PTO_VIEJO,0.424,0.512,0.832,6.296
PUNTARENAS,0,0,0,0
PURISCAL,0.051,0,1.632,0.432
QUEPOS,0.2,0.5,0,0
SAN_CARLOS,0.153,0.369,1.131,1.032
SAN_ISIDRO,0,0,0,0.008
SAN_JOSE,1.446,0.432,2.934,2.502
SAN_MARCOS,0.025,0,5.11,1.36
SAN_MATEO,0,0,0.105,0
SAN_PABLO,0.048,0.063,0.825,0.099
SAN_RAFAEL,0.135,0.183,0.915,0.114
SAN_RAMON,0.416,0.224,0.072,0
SANTA_ANA,0.006,0,0.063,0.117
SANTA_BARBARA,0,0,0.459,0
SANTA_CRUZ,0,0,0,0
SANTO_DOMINGO,0.018,0.018,0.627,0.138
SARAPIQUI,0.424,0.512,0.832,6.296
SIQUIRRES,0.207,0.843,0.204,0.993
SIXAOLA,0.704,1.208,0.008,0
TALAMANCA,2.067,6.471,0.042,0
TARRAZU,0.006,0,0.744,0.699
TIBAS,0.003,0,0.81,0.03
TILARAN,0,0,0,0.042
TORTUGUERO,0,0,0,0
TURRIALBA,0.888,0.064,0.432,0.064
TURRUBARES,0,0,0,0
UPALA,0,0.008,0.08,0.056
VALVERDE_VEGA,0.015,0,0.018,0
VAZQUEZ,0.084,0,0.345,0.021
