ALAJUELA,0,0,0.022,0
ABANGARES,0,0,0.423,0
ACOSTA,0,0,4.848,0.333
AGUIRRE,0,0,0,0
ALAJUELITA,0.009,0,3.393,0.0363
ALFARO_RUIZ,0,0,0.276,0.0348
ALVARADO,0,0,0.726,0.1626
ASERRI,0,0,44.574,1.9824
ATENAS,0,0,0,0
BAGACES,0,0,0,0
BARVA,0.006,0,0.186,0.0045
BELEN,0,0,0.006,0
BUENOS_AIRES,0.003,0,1.561,0
CANAS,0,0,0.008,0
CARRILLO,0,0,0,0
CARTAGO,0.048,0.0006,4.164,0.2892
CD._QUESADA,0,0,0,0
CORREDORES,0,0,2.187,0.0033
COTO_BRUS,0.168,0,13.08,0
CURRIDABAT,0.009,0,0.048,0
DESAMPARADOS,0,0,1.659,0
DOTA,0,0,0.435,4.2309
EL_GUARCO,0,0,0.264,0.0474
ESPARZA,0,0,0.024,0
ESCAZU,0,0,0,0
FLORES,0,0,0.012,0.0027
GARABITO,0,0,0,0
GOICOECHEA,0,0,0.099,0
GOLFITO,0.152,0.008,0.224,0.1952
GRECIA,0,0,0.114,0
GUACIMO,0,0,0.501,0.0222
GUAPILES,0,0,0.768,0.5704
GUATUSO,0,0,0,0.0369
HEREDIA,0.496,0,2.6,0.2608
HOJANCHA,0,0,0.006,0.4902
JIMENEZ,0.006,0,0.504,0.018
LA_CRUZ,0,0,0,0.0576
LA_UNION,0.015,0,0.474,0.1539
LEON_CORTEZ,0,0,5.886,6.1632
LIBERIA,0,0,0,0
LIMON,0,0,0,0
LOS_CHILES,0,0,0,0
MATINA,0,0,0,0
MONTES_DE_OCA,0,0,0.195,0
MONTES_DE_ORO,0,0,0.06,0
MORA,0,0,3.954,3.0648
MORAVIA,0.003,0,0.051,0
NANDAYURE,0,0,0,0.0267
NARANJO,0,0,0,0.0021
NICOYA,0,0,0,0.4552
OREAMUNO,0.015,0,2.316,0.1725
OROTINA,0,0,0.003,0
OSA,0,0,0.039,0.0828
PALMARES,0,0,0.009,0.0003
PARAISO,0.012,0.003,1.428,0.0021
PARRITA,0,0,0,0
PAVAS,0,0,0.055,0.0665
PEREZ_ZELEDON,0,0,0.033,0.0042
POAS,0.003,0,0.327,0.0273
POCOCI,0,0,0.351,0.141
PTO_VIEJO,0,0,0,0.056
PUNTARENAS,0,0,0.011,0
PURISCAL,0,0,0.954,0.5664
QUEPOS,0,0,0.005,0
SAN_CARLOS,0.24,0.4083,0.24,0.3843
SAN_ISIDRO,0,0,0.088,0.0112
SAN_JOSE,0,0,1.584,0.5034
SAN_MARCOS,0,0,9.335,7.353
SAN_MATEO,0,0,0,0
SAN_PABLO,0,0,0.12,0.0003
SAN_RAFAEL,0,0,0.246,0.003
SAN_RAMON,0,0,0.328,0.0288
SANTA_ANA,0,0,1.434,1.1463
SANTA_BARBARA,0,0,0.288,0.0027
SANTA_CRUZ,0,0,0,0
SANTO_DOMINGO,0.003,0,0.075,0
SARAPIQUI,0,0,0,0.056
SIQUIRRES,0,0,0.009,0.0093
SIXAOLA,0,0,0,0
TALAMANCA,0,0,0,0.0054
TARRAZU,0,0,0.474,0.3591
TIBAS,0,0,0.051,0
TILARAN,0,0,0,0
TORTUGUERO,0,0,0,0.015
TURRIALBA,0,0,0.008,0.0008
TURRUBARES,0,0,0.006,0.051
UPALA,0,0,0,0.048
VALVERDE_VEGA,0.006,0,0.054,0.0102
VAZQUEZ,0,0,1.443,0.0072
