ALAJUELA,0,0,0.526,0
ABANGARES,0,0,0,0
ACOSTA,0,0,0.003,0.4005
AGUIRRE,0.009,0,0,0
ALAJUELITA,0,0,0.102,0
ALFARO_RUIZ,0.054,0,0.555,0.0114
ALVARADO,0.009,0,0.492,0.0297
ASERRI,0.018,0.006,0.072,0
ATENAS,0,0,0.048,0.0444
BAGACES,0,0,0,0
BARVA,0.003,0,0.048,0
BELEN,0,0,0.039,0
BUENOS_AIRES,0.031,0,0.938,0.5525
CANAS,0,0,0,0
CARRILLO,0,0,0,0
CARTAGO,0.018,0.006,0.114,0
CD._QUESADA,0,0,0,0
CORREDORES,0.222,0.021,0,0.0075
COTO_BRUS,0.656,0.2232,0.536,0.7912
CURRIDABAT,0,0,0.54,0.0081
DESAMPARADOS,0.003,0,0.159,0
DOTA,0,0,0.957,1.1433
EL_GUARCO,0.015,0.0075,0.006,0
ESPARZA,0,0,0,0
ESCAZU,0,0,0.01,0.0126
FLORES,0,0,0.024,0
GARABITO,0,0,0.003,0
GOICOECHEA,0.51,0.006,0.36,0.009
GOLFITO,0,0,0,0.2184
GRECIA,0.009,0,0.921,0.1035
GUACIMO,0,0,0,0
GUAPILES,0.008,0,0.136,0
GUATUSO,0,0,0,0
HEREDIA,0.616,0,0.88,0.0752
HOJANCHA,0,0,0.117,0
JIMENEZ,0.102,0,0.15,0.0024
LA_CRUZ,0,0,0,0
LA_UNION,0,0,0.003,0
LEON_CORTEZ,0,0,5.874,1.5405
LIBERIA,0,0,0,0
LIMON,0,0,0,0
LOS_CHILES,0,0,0,0
MATINA,0,0,0,0
MONTES_DE_OCA,0.018,0,0.192,0.0096
MONTES_DE_ORO,0,0,0,0
MORA,0,0,0,0.0036
MORAVIA,1.497,0.021,0.753,0
NANDAYURE,0,0,0,0
NARANJO,0,0,0.141,0
NICOYA,0,0,0.088,0
OREAMUNO,0.006,0,0.093,0.0288
OROTINA,0,0,0.003,0
OSA,0,0,0.09,0.0162
PALMARES,0,0,0,0
PARAISO,0,0,0.09,0
PARRITA,0,0,0.033,0
PAVAS,0,0,0,0
PEREZ_ZELEDON,1.497,0.5997,1.029,0.3864
POAS,0,0,1.08,0.1569
POCOCI,0.018,0,0.135,0.0156
PTO_VIEJO,0,0,0,0.0008
PUNTARENAS,0,0,0,0
PURISCAL,0,0,0.333,0.3456
QUEPOS,0,0,0,0
SAN_CARLOS,0,0,0,0
SAN_ISIDRO,3.992,1.5992,2.744,1.0304
SAN_JOSE,0,0,0.894,0.096
SAN_MARCOS,0,0,8.38,1.7185
SAN_MATEO,0,0,0.027,0
SAN_PABLO,0.003,0,0.009,0
SAN_RAFAEL,0.111,0,0.396,0
SAN_RAMON,0,0,0,0
SANTA_ANA,0,0,0,0
SANTA_BARBARA,0,0,0.282,0
SANTA_CRUZ,0,0,0,0
SANTO_DOMINGO,0.006,0,0.06,0
SARAPIQUI,0,0,0,0.0008
SIQUIRRES,0,0,0.006,0.0018
SIXAOLA,0,0,0,0
TALAMANCA,0,0,0,0
TARRAZU,0.006,0,4.605,0.888
TIBAS,0,0,0,0
TILARAN,0,0,0,0
TORTUGUERO,0,0,0,0.001
TURRIALBA,0.184,0.0736,0.608,0.0208
TURRUBARES,0,0,0,0
UPALA,0,0,0,0
VALVERDE_VEGA,0,0,0.702,0.009
VAZQUEZ,2.508,0,0.897,0.3138
