ALAJUELA,0.005,0,0,0
ABANGARES,0,0,0,0
ACOSTA,0,0,0,0
AGUIRRE,0,0,0,0
ALAJUELITA,0.24,0,0.018,0
ALFARO_RUIZ,4.623,1.5,1.713,0.231
ALVARADO,1.326,5.073,0.558,0.006
ASERRI,0.228,0.18,0.006,0
ATENAS,0.072,0,0,0
BAGACES,0,0.045,0,0
BARVA,0.336,0.228,0.021,0
BELEN,0.009,0,0,0
BUENOS_AIRES,0,0,0,0
CANAS,0.016,0,0,0
CARRILLO,0,0,0,0
CARTAGO,1.542,5.034,0.084,0
CD._QUESADA,2.984,7.544,0.112,0.072
CORREDORES,0.015,0,0.054,0.012
COTO_BRUS,0,0,0,0
CURRIDABAT,0.042,0,0.045,0
DESAMPARADOS,0.126,0,0.027,0
DOTA,0,0,0,0
EL_GUARCO,0.291,0.468,0,0
ESPARZA,0,0,0,0
ESCAZU,0,0,0,0
FLORES,0.015,0,0,0
GARABITO,0,0,0,0
GOICOECHEA,0.408,0,0.108,0
GOLFITO,0,0,0,0.032
GRECIA,0.06,0,0,0
GUACIMO,7.653,3.216,9.993,0.006
GUAPILES,18.848,14.224,26.728,0
GUATUSO,1.929,12.438,0.036,0.189
HEREDIA,19.744,10.896,3.704,5.264
HOJANCHA,0,0,0,0
JIMENEZ,0.642,4.839,0.879,0.021
LA_CRUZ,0,0,0,0
LA_UNION,0.039,0,0.021,0
LEON_CORTEZ,0,0,0,0
LIBERIA,0,0.208,0,0
LIMON,6.888,22.392,8.352,1.272
LOS_CHILES,0.064,0.016,0,0.008
MATINA,9.219,6.936,5.46,1.665
MONTES_DE_OCA,0.354,0,0.084,0
MONTES_DE_ORO,0,0,0,0
MORA,0.012,0,0,0
MORAVIA,0.477,0.003,0.216,0.036
NANDAYURE,0,0,0,0
NARANJO,0.093,0,0,0
NICOYA,0,0,0,0
OREAMUNO,1.653,4.299,0.084,0
OROTINA,0,0,0,0
OSA,0,0,0,0
PALMARES,0.102,0,0,0
PARAISO,0.222,0.732,0.033,0
PARRITA,0,0,0,0
PAVAS,0.37,0,0,0
PEREZ_ZELEDON,0,0,0.003,0
POAS,0.087,0,0,0
POCOCI,6.408,3.798,9.603,0.006
PTO_VIEJO,14.48,10.536,0.192,4.344
PUNTARENAS,0,0,0,0
PURISCAL,0.006,0,0,0
QUEPOS,0,0,0,0
SAN_CARLOS,1.557,0.042,3.138,0.867
SAN_ISIDRO,0,0,0.008,0
SAN_JOSE,4.02,10.206,1.368,0
SAN_MARCOS,0,0,0,0
SAN_MATEO,0,0,0,0
SAN_PABLO,1.017,0.09,0.03,0
SAN_RAFAEL,1.932,0.741,0.993,0.585
SAN_RAMON,0.344,0,0,0
SANTA_ANA,0.294,0,0,0
SANTA_BARBARA,0.363,0.48,0,0
SANTA_CRUZ,0,0,0,0
SANTO_DOMINGO,0.693,0.036,0.048,0
SARAPIQUI,14.48,10.536,0.192,4.344
SIQUIRRES,9.54,3.342,7.473,0.18
SIXAOLA,8.8,0.008,0.184,7.592
TALAMANCA,8.559,2.76,0.396,1.416
TARRAZU,0,0,0,0
TIBAS,0.534,0,0.408,0.168
TILARAN,1.836,3.144,1.032,0.438
TORTUGUERO,4.085,6.395,0.615,1.82
TURRIALBA,0.784,10.528,3.056,0.288
TURRUBARES,0,0,0,0
UPALA,0.256,1.28,0.032,0.248
VALVERDE_VEGA,0.12,0,0,0
VAZQUEZ,2.016,0.126,3.246,2.379
