ALAJUELA,0,0,0,0
ABANGARES,0,0,0,0
ACOSTA,0,0,0,0.51
AGUIRRE,0,0,0,0
ALAJUELITA,0,0,0.027,0
ALFARO_RUIZ,0.003,0,0.207,0
ALVARADO,0,0,0.393,0
ASERRI,0.09,0,0.156,0
ATENAS,0,0,0.111,0
BAGACES,0,0,0,0
BARVA,0,0,0,0
BELEN,0,0,0,0
BUENOS_AIRES,0,0,0.785,0
CANAS,0,0,0,0
CARRILLO,0,0,0,0
CARTAGO,0,0,0.078,0
CD._QUESADA,0.008,0.016,0,1.04
CORREDORES,0,0,0.159,0
COTO_BRUS,0,0,0.184,0.104
CURRIDABAT,0,0,0.117,0
DESAMPARADOS,0,0,0.042,0
DOTA,0,0,0,0.54
EL_GUARCO,0.009,0,0.006,0.009
ESPARZA,0,0,0,0
ESCAZU,0,0,0,0
FLORES,0,0,0,0
GARABITO,0,0,0,0
GOICOECHEA,0.048,0,0.072,0
GOLFITO,0,0,0,0.024
GRECIA,0,0,0.003,0
GUACIMO,0,0,0,0
GUAPILES,0,0,0,0
GUATUSO,0,0.03,0.024,0
HEREDIA,0.008,0,0.68,0.016
HOJANCHA,0,0,0,0
JIMENEZ,0.027,0,0.102,0
LA_CRUZ,0,0,0,0
LA_UNION,0,0,0.039,0
LEON_CORTEZ,0,0,0,0.93
LIBERIA,0,0,0,0
LIMON,0,0,0,0
LOS_CHILES,0,0,0,0.216
MATINA,0,0,0,0
MONTES_DE_OCA,0,0,0.036,0
MONTES_DE_ORO,0,0,0,0
MORA,0,0,0,0
MORAVIA,0.144,0,0.123,0
NANDAYURE,0,0,0,0
NARANJO,0,0,0.036,0
NICOYA,0,0,0,0
OREAMUNO,0,0,0.129,0
OROTINA,0,0,0,0
OSA,0,0,0,0.024
PALMARES,0,0,0,0
PARAISO,0,0,0.018,0
PARRITA,0,0,0,0
PAVAS,0,0,0,0
PEREZ_ZELEDON,0,0,0.012,0.009
POAS,0,0,0.117,0.003
POCOCI,0,0,0.015,0
PTO_VIEJO,0,0,0,0
PUNTARENAS,0,0,0,0
PURISCAL,0,0,0.024,0.099
QUEPOS,0,0,0,0
SAN_CARLOS,0.003,0.018,0,0
SAN_ISIDRO,0,0,0.032,0.024
SAN_JOSE,0,0,0.864,0
SAN_MARCOS,0,0,0,1.705
SAN_MATEO,0,0,0,0
SAN_PABLO,0,0,0,0
SAN_RAFAEL,0,0,0,0
SAN_RAMON,0,0,0,0
SANTA_ANA,0,0,0,0
SANTA_BARBARA,0,0,0,0
SANTA_CRUZ,0,0,0,0
SANTO_DOMINGO,0,0,0,0
SARAPIQUI,0,0,0,0
SIQUIRRES,0,0,0,0
SIXAOLA,0,0,0,0
TALAMANCA,0,0,0,0
TARRAZU,0,0,0,0.159
TIBAS,0,0,0,0
TILARAN,0.075,0.015,0.057,0
TORTUGUERO,0.01,0.57,0,0.39
TURRIALBA,0.008,0,0.112,0
TURRUBARES,0,0,0,0
UPALA,0,0,0,0.04
VALVERDE_VEGA,0,0,0.132,0
VAZQUEZ,0.996,0,3.486,0.24
