ALAJUELA,0,0,0,0
ABANGARES,0,0,0,0
ACOSTA,0,0,0,0
AGUIRRE,0,0,0,0
ALAJUELITA,0,0,0,0
ALFARO_RUIZ,0.645,6.582,1.629,0.447
ALVARADO,1.437,10.056,0.831,0.24
ASERRI,0,0,0,0
ATENAS,0,0,0,0
BAGACES,0,0,0,0
BARVA,0,0.666,0,0
BELEN,0,0,0,0
BUENOS_AIRES,0,0,0,0
CANAS,0,0,0,0
CARRILLO,0,0,0,0
CARTAGO,1.434,11.364,1.29,0.588
CD._QUESADA,0.04,0.24,0.736,3.24
CORREDORES,0.081,0.045,0.21,0
COTO_BRUS,0,0,0,0
CURRIDABAT,0,0,0,0
DESAMPARADOS,0,0,0,0
DOTA,0,0,0,0
EL_GUARCO,0.279,2.07,0,0
ESPARZA,0,0,0,0
ESCAZU,0,0,0,0
FLORES,0,0,0,0
GARABITO,0,0,0,0
GOICOECHEA,0.006,0.108,0.06,0
GOLFITO,0,0,0,0
GRECIA,0,0,0,0
GUACIMO,5.253,6.291,6.258,1.056
GUAPILES,12.536,31.4,14.64,2.248
GUATUSO,2.913,0.195,10.731,1.698
HEREDIA,24.176,50.096,9.168,12.256
HOJANCHA,0,0,0,0
JIMENEZ,1.191,9.396,0.591,0.648
LA_CRUZ,0,0,0,0
LA_UNION,0,0,0,0
LEON_CORTEZ,0,0,0,0
LIBERIA,0,0,0,0.008
LIMON,7.712,6.328,0,11.672
LOS_CHILES,0.072,0.072,0.008,1.36
MATINA,2.955,1.767,5.481,0.333
MONTES_DE_OCA,0,0.003,0.003,0
MONTES_DE_ORO,0,0,0,0
MORA,0,0,0,0
MORAVIA,0.036,0.384,0.213,0
NANDAYURE,0,0,0,0
NARANJO,0,0,0,0
NICOYA,0,0,0,0
OREAMUNO,1.338,7.443,1.392,0.789
OROTINA,0,0,0,0
OSA,0,0,0,0
PALMARES,0,0,0,0
PARAISO,0.264,2.778,0.225,0.144
PARRITA,0,0,0,0
PAVAS,0,0,0,0
PEREZ_ZELEDON,0,0,0.018,0.009
POAS,0,0,0,0
POCOCI,4.452,9.942,5.637,0.684
PTO_VIEJO,11.064,11.392,5.928,71.208
PUNTARENAS,0,0,0,0
PURISCAL,0,0,0,0
QUEPOS,0,0,0,0
SAN_CARLOS,3.549,17.496,0.249,0.696
SAN_ISIDRO,0,0,0.048,0.024
SAN_JOSE,2.136,18.06,1.668,0.528
SAN_MARCOS,0,0,0,0
SAN_MATEO,0,0,0,0
SAN_PABLO,0,0.507,0,0
SAN_RAFAEL,0.945,1.626,0.678,0.366
SAN_RAMON,0,0,0,0
SANTA_ANA,0,0,0,0
SANTA_BARBARA,0,1.209,0,0
SANTA_CRUZ,0,0,0,0
SANTO_DOMINGO,0.018,0.309,0,0.003
SARAPIQUI,11.064,11.392,5.928,71.208
SIQUIRRES,4.413,1.572,2.871,0.093
SIXAOLA,2.776,3.456,0.808,0
TALAMANCA,2.826,9.753,0,0
TARRAZU,0,0,0,0
TIBAS,0.03,0.207,0.153,0
TILARAN,1.899,2.583,2.37,4.155
TORTUGUERO,0.985,0.275,4.045,5.495
TURRIALBA,2.408,20.984,0.16,0.288
TURRUBARES,0,0,0,0
UPALA,1.888,0.712,0.52,0.872
VALVERDE_VEGA,0,0,0,0
VAZQUEZ,0.042,1.74,0.402,0.018
