ALAJUELA,0,0,0,0
ABANGARES,0,0,0,0
ACOSTA,0,0,0,0
AGUIRRE,0,0,0.012,0
ALAJUELITA,0,0,0,0
ALFARO_RUIZ,0.12,0,1.302,0
ALVARADO,0,0,0,0
ASERRI,0,0,0,0
ATENAS,0,0,0,0
BAGACES,0,0,0,0
BARVA,0,0,0,0
BELEN,0,0,0,0
BUENOS_AIRES,0,0,0,0
CANAS,0,0,0,0
CARRILLO,0,0,0,0
CARTAGO,0,0,0,0
CD._QUESADA,0,0,0,0
CORREDORES,0.231,0.78,0.006,0
COTO_BRUS,0.184,0.016,0.072,0
CURRIDABAT,0,0,0,0
DESAMPARADOS,0,0,0,0
DOTA,0,0,0,0
EL_GUARCO,0,0,0,0
ESPARZA,0,0,0,0
ESCAZU,0,0,0,0
FLORES,0,0,0,0
GARABITO,0.009,0,0,0
GOICOECHEA,0.015,0,0.384,0.519
GOLFITO,0,0,0.152,0
GRECIA,0,0,0,0
GUACIMO,0.762,0.093,0.084,0.015
GUAPILES,1.096,0.224,0.832,0.168
GUATUSO,0.018,0,0,0.039
HEREDIA,3.2,1.432,1.744,1.952
HOJANCHA,0,0,0,0
JIMENEZ,0.009,0,0.372,0.084
LA_CRUZ,0,0,0,0
LA_UNION,0,0,0,0
LEON_CORTEZ,0,0,0,0
LIBERIA,0,0,0,0
LIMON,2.048,0,0,0
LOS_CHILES,0,0.216,0,0.648
MATINA,0.447,0.048,0,0
MONTES_DE_OCA,0,0,0.015,0.024
MONTES_DE_ORO,0,0,0,0
MORA,0,0,0,0
MORAVIA,0.087,0.015,1.197,1.398
NANDAYURE,0,0,0,0
NARANJO,0,0,0,0
NICOYA,0,0,0,0
OREAMUNO,0,0,0,0
OROTINA,0,0,0,0
OSA,0.009,0.009,0,0
PALMARES,0,0,0,0
PARAISO,0,0,0,0
PARRITA,0.015,0.222,0,0
PAVAS,0,0,0,0
PEREZ_ZELEDON,0.393,0.039,0.807,0.003
POAS,0,0,0,0
POCOCI,0.255,0.114,0.246,0.099
PTO_VIEJO,0.84,0.112,0,1.288
PUNTARENAS,0,0,0,0
PURISCAL,0,0,0,0
QUEPOS,0.035,0.005,0.01,0
SAN_CARLOS,0.201,0,3.108,0.171
SAN_ISIDRO,1.048,0.104,2.152,0.008
SAN_JOSE,0,0,0,0
SAN_MARCOS,0,0,0,0
SAN_MATEO,0,0,0,0
SAN_PABLO,0,0,0,0
SAN_RAFAEL,0.87,0.351,1.695,0.054
SAN_RAMON,0,0,0,0
SANTA_ANA,0,0,0,0
SANTA_BARBARA,0,0,0,0
SANTA_CRUZ,0,0,0,0
SANTO_DOMINGO,0.177,0.078,0.345,0
SARAPIQUI,0.84,0.112,0,1.288
SIQUIRRES,0.573,0.012,0.12,0.006
SIXAOLA,2.984,0.128,0,0
TALAMANCA,0.702,0.324,0,0
TARRAZU,0,0,0,0
TIBAS,0.153,0.009,1.104,0.462
TILARAN,0.174,0.312,0,0.237
TORTUGUERO,0,0.03,0,0
TURRIALBA,0.16,0.032,1.952,1.576
TURRUBARES,0,0,0,0
UPALA,0.008,0.136,0,0
VALVERDE_VEGA,0,0,0,0
VAZQUEZ,0.072,0.054,2.214,2.508
