ALAJUELA,0,0,1.344,8.1572
ABANGARES,0.0612,2.706,0.021,0
ACOSTA,0,0,0,0.813
AGUIRRE,1.3878,0.7266,0.03,0
ALAJUELITA,0,0,1.347,2.406
ALFARO_RUIZ,0.003,0,0.354,0.027
ALVARADO,0.4074,0,2.124,0.2448
ASERRI,0,0,1.92,10.3176
ATENAS,0,0,1.584,0.1044
BAGACES,0,0,0.015,0
BARVA,0,0,0.408,3.0474
BELEN,0,0,1.041,6.9522
BUENOS_AIRES,0.003,0,0.186,0.0116
CANAS,0,0,0.048,0
CARRILLO,0,0,0,0
CARTAGO,0.1278,0,0.6,0.39
CD._QUESADA,0,1.3856,0,0
CORREDORES,0,0,0.447,7.5024
COTO_BRUS,0,0,8.528,0.9312
CURRIDABAT,0.0207,0,0.753,1.8138
DESAMPARADOS,0.003,0,0.819,2.613
DOTA,0.063,0.0135,0.03,0.3102
EL_GUARCO,0.012,0.0003,0.258,0.3174
ESPARZA,0.006,0,0,0
ESCAZU,0,0,1.626,8.1168
FLORES,0,0,0.876,5.199
GARABITO,0.0165,0,0,0
GOICOECHEA,0,0,0.792,1.3554
GOLFITO,0.2104,0.3528,0.384,83.6304
GRECIA,0.033,0,2.112,0.0588
GUACIMO,0,0,0,0
GUAPILES,0,0,0.016,0.048
GUATUSO,0,0,0,0
HEREDIA,0,0,1.008,1.048
HOJANCHA,0,0,0,0
JIMENEZ,0.0393,0,1.641,0.0366
LA_CRUZ,0,0,0,0
LA_UNION,0.0333,0.0012,0.279,0.741
LEON_CORTEZ,1.7715,0.2772,3.168,5.9052
LIBERIA,0,0,0.08,0
LIMON,0,0,0,0
LOS_CHILES,0,0,0,0
MATINA,0,0,0,0
MONTES_DE_OCA,0,0,1.206,1.821
MONTES_DE_ORO,1.0233,0,0.618,0
MORA,0,0,13.296,12.0156
MORAVIA,0,0,0.483,1.557
NANDAYURE,0,0,0,0
NARANJO,0.042,0,0.636,0.0744
NICOYA,0,0,0,0
OREAMUNO,0.072,0,0.6,0.3816
OROTINA,3.753,0.0675,0.522,0
OSA,0.0153,0.0327,0.015,0.003
PALMARES,0.042,0,4.569,1.0362
PARAISO,0.0057,0,0.21,0.2292
PARRITA,1.2201,0.3186,0.012,0
PAVAS,0.005,0,1.88,5.598
PEREZ_ZELEDON,1.5555,0.0564,0.129,0.0024
POAS,0.057,0,1.29,0.6522
POCOCI,0,0,0.111,0.018
PTO_VIEJO,0,0,0,0
PUNTARENAS,0,0,0.011,0
PURISCAL,0.09,0,6.552,6.6654
QUEPOS,1.7945,1.4515,0.035,0
SAN_CARLOS,0,0,0.021,0.0174
SAN_ISIDRO,4.148,0.1504,0.344,0.0064
SAN_JOSE,0.5412,0.0036,6.474,0.8364
SAN_MARCOS,0.1155,0.468,5.99,6.609
SAN_MATEO,4.674,0.0795,0.462,0
SAN_PABLO,0,0,0.618,2.889
SAN_RAFAEL,0,0,0.573,2.4504
SAN_RAMON,0.008,0,4.28,0.5568
SANTA_ANA,0,0,4.977,7.0308
SANTA_BARBARA,0,0,0.567,1.1472
SANTA_CRUZ,0,0,0,0
SANTO_DOMINGO,0,0,0.579,2.7594
SARAPIQUI,0,0,0,0
SIQUIRRES,0,0,0.003,0
SIXAOLA,0,0,0,0
TALAMANCA,0,0,0,0
TARRAZU,0.0378,0.5064,0.774,1.0554
TIBAS,0,0,0.702,2.526
TILARAN,0.009,0,0.021,0
TORTUGUERO,0,0,0,0
TURRIALBA,0.0224,0,1.216,0.0096
TURRUBARES,0,0,0,0
UPALA,0,0,0,0
VALVERDE_VEGA,0.108,0,0.699,0.003
VAZQUEZ,0.012,0,1.428,3.3648
