ALAJUELA,0,0,0,0
ABANGARES,0,0,0,0
ACOSTA,0,0,0,0
AGUIRRE,0,0,0,0
ALAJUELITA,0,0,0,0
ALFARO_RUIZ,0,0,0.354,0
ALVARADO,0,0,0,0
ASERRI,0,0,0,0
ATENAS,0,0,0,0
BAGACES,0,0,0,0
BARVA,0,0,0,0
BELEN,0,0,0,0
BUENOS_AIRES,17.4336,1.122,8.774,0.1
CANAS,0,0,0,0
CARRILLO,0,0,0,0
CARTAGO,0,0,0,0
CD._QUESADA,0,0,0,0
CORREDORES,0.0012,0,0.261,0.2166
COTO_BRUS,0.04,0,0.008,0.0336
CURRIDABAT,0,0,0.039,0
DESAMPARADOS,0,0,0,0
DOTA,0,0,0,0
EL_GUARCO,0,0,0,0
ESPARZA,0,0,0.003,0
ESCAZU,0,0,0,0
FLORES,0,0,0,0
GARABITO,0.2646,0,0,0
GOICOECHEA,0.0276,0,0.036,0
GOLFITO,0.0016,0,0.32,0.7808
GRECIA,0,0,0,0
GUACIMO,0,2.76,0,0
GUAPILES,0.0416,7.72,0.056,0
GUATUSO,0.0006,0.201,0,0
HEREDIA,0.1136,3.832,0.168,0
HOJANCHA,0,0,0,0
JIMENEZ,0,0,0,0
LA_CRUZ,0,0,0,0
LA_UNION,0,0,0,0
LEON_CORTEZ,0.0042,0,0,0.147
LIBERIA,0,0,0,0
LIMON,1.1856,0.592,0,0
LOS_CHILES,0,0,0,0
MATINA,0.0354,0.9,0,0
MONTES_DE_OCA,0.0006,0,0.006,0
MONTES_DE_ORO,0,0,0,0
MORA,0,0,0,0
MORAVIA,0.0936,0,0.069,0
NANDAYURE,0,0,0,0
NARANJO,0,0,0.081,0
NICOYA,0,0,0,0
OREAMUNO,0,0,0,0
OROTINA,0,0,0,0
OSA,0,0,0.552,0.012
PALMARES,0,0,0,0
PARAISO,0,0,0,0
PARRITA,0.0006,0,0.405,0.021
PAVAS,0,0,0,0
PEREZ_ZELEDON,0.0144,0,4.536,1.0863
POAS,0.0084,0,0.027,0
POCOCI,0.0084,1.887,0.069,0
PTO_VIEJO,0.0464,1.864,0,0
PUNTARENAS,0,0,0,0
PURISCAL,0,0,0.195,0.039
QUEPOS,0,0,0,0
SAN_CARLOS,0.024,0,0,0
SAN_ISIDRO,0.0384,0,12.096,2.8968
SAN_JOSE,0,0,0,0
SAN_MARCOS,0.002,0,0,0.335
SAN_MATEO,0,0,0,0
SAN_PABLO,0,0,0,0
SAN_RAFAEL,0,0,0,0
SAN_RAMON,0,0,0,0
SANTA_ANA,0,0,0,0
SANTA_BARBARA,0,0,0,0
SANTA_CRUZ,0,0,0,0
SANTO_DOMINGO,0,0,0,0
SARAPIQUI,0.0464,1.864,0,0
SIQUIRRES,0,2.847,0,0
SIXAOLA,18.4912,5.408,0,0
TALAMANCA,1.1616,1.254,0,0
TARRAZU,0.0042,0.006,0,0.1248
TIBAS,0,0,0,0
TILARAN,0,0,0,0
TORTUGUERO,0.166,0,0,0
TURRIALBA,0.2736,0.032,0.064,0
TURRUBARES,0,0,0,0
UPALA,0.0176,1.016,0,0
VALVERDE_VEGA,0,0,0.015,0
VAZQUEZ,0.018,0,0.405,0.078
