ALAJUELA,0,0,0,0
ABANGARES,0,0,0,0
ACOSTA,0,0,0,0
AGUIRRE,0,0,0,0
ALAJUELITA,0,0,0,0
ALFARO_RUIZ,0.813,0.171,1.293,1.542
ALVARADO,0.903,0.696,0.345,1.749
ASERRI,0,0,0,0
ATENAS,0,0,0,0
BAGACES,0,0,0,0
BARVA,0.264,0.054,0.33,0.357
BELEN,0,0,0,0
BUENOS_AIRES,0,0,0,0
CANAS,0,0,0,0
CARRILLO,0,0,0,0
CARTAGO,0.498,0.264,0.078,1.734
CD._QUESADA,2.192,0,5.792,0.248
CORREDORES,0,0,0.057,0
COTO_BRUS,0,0,0,0
CURRIDABAT,0,0,0,0
DESAMPARADOS,0,0,0,0
DOTA,0,0,0,0
EL_GUARCO,0.048,0.048,0.003,0.183
ESPARZA,0,0,0,0
ESCAZU,0,0,0,0
FLORES,0,0,0,0
GARABITO,0,0,0,0
GOICOECHEA,0.012,0,0.069,0
GOLFITO,0,0,0,0
GRECIA,0,0,0,0
GUACIMO,4.248,0.507,1.047,1.107
GUAPILES,7.64,0.752,2.896,3.04
GUATUSO,0.063,0.033,0.309,1.512
HEREDIA,10.28,4.24,16.912,3.712
HOJANCHA,0,0,0,0
JIMENEZ,0.789,0.498,0.018,0.981
LA_CRUZ,0,0,0,0
LA_UNION,0,0,0,0
LEON_CORTEZ,0,0,0,0
LIBERIA,0,0,0,0
LIMON,4.152,1.616,2.112,0.136
LOS_CHILES,0,3.472,0.008,0.016
MATINA,1.767,1.062,2.763,0.069
MONTES_DE_OCA,0,0,0.006,0
MONTES_DE_ORO,0,0,0,0
MORA,0,0,0,0
MORAVIA,0.039,0,0.141,0.006
NANDAYURE,0,0,0,0
NARANJO,0,0,0,0
NICOYA,0,0,0,0
OREAMUNO,0.447,0.594,0.279,1.263
OROTINA,0,0,0,0
OSA,0,0,0,0
PALMARES,0,0,0,0
PARAISO,0.156,0.303,0.003,0.162
PARRITA,0,0,0,0
PAVAS,0,0,0,0
PEREZ_ZELEDON,0,0,0.018,0
POAS,0,0,0,0
POCOCI,2.973,0.216,0.579,0.993
PTO_VIEJO,15.312,18.848,13.272,24.024
PUNTARENAS,0,0,0,0
PURISCAL,0,0,0,0
QUEPOS,0,0,0,0
SAN_CARLOS,1.173,0.531,2.499,1.365
SAN_ISIDRO,0,0,0.048,0
SAN_JOSE,2.19,1.818,0.27,2.802
SAN_MARCOS,0,0,0,0
SAN_MATEO,0,0,0,0
SAN_PABLO,0.309,0.024,0.258,0.234
SAN_RAFAEL,1.143,0.423,1.851,1.773
SAN_RAMON,0,0,0,0
SANTA_ANA,0,0,0.009,0
SANTA_BARBARA,0,0,0,0
SANTA_CRUZ,0,0,0,0
SANTO_DOMINGO,0.105,0.003,0.18,0.045
SARAPIQUI,15.312,18.848,13.272,24.024
SIQUIRRES,1.173,0.975,2.607,0.216
SIXAOLA,6.88,2.232,0.008,0.672
TALAMANCA,3.309,0.333,0.456,0.078
TARRAZU,0,0,0,0
TIBAS,0.033,0,0.234,0
TILARAN,4.344,0.576,2.508,1.707
TORTUGUERO,12.4,1.635,4.975,2.73
TURRIALBA,1.752,0.456,0.016,1.16
TURRUBARES,0,0,0,0
UPALA,0,0.16,0.112,0.176
VALVERDE_VEGA,0,0,0,0
VAZQUEZ,0.174,0.006,0.015,0.099
