ALAJUELA,0,0,0,0
ABANGARES,0,0,0,0
ACOSTA,0.006,0.009,0.36,0.003
AGUIRRE,0,0,0,0.051
ALAJUELITA,0,0,0,0
ALFARO_RUIZ,0.681,0.156,1.41,1.605
ALVARADO,0.12,0.123,0.39,0.84
ASERRI,0.09,0.024,0.12,0.012
ATENAS,0,0,0,0
BAGACES,0,0,0,0
BARVA,0,0.012,0,0
BELEN,0,0,0,0
BUENOS_AIRES,0,0,67.45,1.838
CANAS,0,0,0,0
CARRILLO,0,0,0,0
CARTAGO,0.096,0.096,0.66,1.662
CD._QUESADA,0,0,0,0.056
CORREDORES,0.033,0,0.66,0.015
COTO_BRUS,0.008,0,10,7.08
CURRIDABAT,0,0,0.12,0.015
DESAMPARADOS,0,0,0,0.009
DOTA,0,0,0.54,0.48
EL_GUARCO,0.03,0.024,0.36,0.312
ESPARZA,0,0,0,0
ESCAZU,0,0,0,0
FLORES,0,0,0,0
GARABITO,1.074,1.209,0.12,0
GOICOECHEA,0,0,0.15,0.162
GOLFITO,0,0,0.32,5.72
GRECIA,0,0,0,0
GUACIMO,0.075,0.168,0,0.696
GUAPILES,3.12,15.84,0.16,3.536
GUATUSO,0,0,0,0.003
HEREDIA,1.92,4.784,1.2,2.032
HOJANCHA,0,0,0,0
JIMENEZ,0.291,0.783,0.33,0.18
LA_CRUZ,0,0,0,0
LA_UNION,0,0,0.24,0.003
LEON_CORTEZ,0,0,1.56,0.549
LIBERIA,0,0,0,0
LIMON,0.36,0.208,0.72,21.792
LOS_CHILES,0,0,0,0
MATINA,0.105,0.906,0,0.783
MONTES_DE_OCA,0,0,0.06,0.093
MONTES_DE_ORO,0,0,0,0
MORA,0,0,0,0
MORAVIA,0.033,0.006,0.12,0.192
NANDAYURE,0,0,0,0
NARANJO,0,0,0,0
NICOYA,0,0,0,0
OREAMUNO,0.042,0.075,0.45,0.903
OROTINA,0,0,0,0.006
OSA,0.12,0,20.13,3.9
PALMARES,0,0,0,0
PARAISO,0.024,0.033,0.09,0.015
PARRITA,0,0,0,0
PAVAS,0,0,0.05,0
PEREZ_ZELEDON,0,0,9.27,0.204
POAS,0,0,0,0
POCOCI,1.899,5.895,0.18,1.176
PTO_VIEJO,0,1.48,0.16,0.208
PUNTARENAS,0,0,0,0
PURISCAL,0,0,0,0
QUEPOS,0,0,0,0.105
SAN_CARLOS,2.754,2.355,1.2,3.288
SAN_ISIDRO,0,0,24.72,0.544
SAN_JOSE,0.12,0.162,0.54,1.998
SAN_MARCOS,0,0,1.5,1.635
SAN_MATEO,0,0,0,0
SAN_PABLO,0,0.045,0,0
SAN_RAFAEL,0.39,0.222,0.48,0.507
SAN_RAMON,0,0.096,0,0
SANTA_ANA,0,0,0,0
SANTA_BARBARA,0,0,0,0
SANTA_CRUZ,0,0,0,0
SANTO_DOMINGO,0.036,0.024,0.09,0.033
SARAPIQUI,0,1.48,0.16,0.208
SIQUIRRES,1.095,1.812,0,0.729
SIXAOLA,0,0.768,0,8.744
TALAMANCA,0.201,0.819,0,4.713
TARRAZU,0,0,0.9,1.581
TIBAS,0.036,0,0.06,0.051
TILARAN,0,0,0,0
TORTUGUERO,0,0,0,0.45
TURRIALBA,0.904,1.048,1.6,0.528
TURRUBARES,0,0,0,0
UPALA,0,0,0.16,0
VALVERDE_VEGA,0,0,0,0
VAZQUEZ,0.354,0.024,0.57,0.798
