ALAJUELA,0,0,0,0
ABANGARES,0,0,0,0
ACOSTA,0,0,0,0
AGUIRRE,0,0,0,0
ALAJUELITA,0,0,0.162,0.819
ALFARO_RUIZ,2.145,0,1.923,0.054
ALVARADO,0.414,0.075,0,0
ASERRI,0,0,0,0.006
ATENAS,0,0,0,0
BAGACES,0,0,0,0
BARVA,0,0,0,0
BELEN,0,0,0,0
BUENOS_AIRES,0,0,0.027,0.036
CANAS,0,0,0,0
CARRILLO,0,0,0,0
CARTAGO,1.212,0.072,0,0
CD._QUESADA,12.36,7.312,2.648,4.36
CORREDORES,0.108,0.006,0.114,0.054
COTO_BRUS,0.072,0,0.08,0.552
CURRIDABAT,0,0,0.096,0.282
DESAMPARADOS,0,0,0.084,0.522
DOTA,0,0,0,0
EL_GUARCO,0.138,0,0,0
ESPARZA,0,0,0,0
ESCAZU,0,0,0,0
FLORES,0,0,0,0
GARABITO,0,0,0,0
GOICOECHEA,0,0,0.714,1.23
GOLFITO,0,0,0.096,0.056
GRECIA,0,0,0,0
GUACIMO,3.042,0.747,0.711,0
GUAPILES,5.968,2.024,1.616,0.072
GUATUSO,1.245,1.392,0.015,0.606
HEREDIA,10.536,1.08,4.672,0.096
HOJANCHA,0,0.021,0,0
JIMENEZ,0.156,0.033,0.123,0
LA_CRUZ,0,0,0,0
LA_UNION,0,0,0,0
LEON_CORTEZ,0,0,0,0.036
LIBERIA,0,0,0,0
LIMON,0.72,1.576,3.384,3.712
LOS_CHILES,0,1.848,0,0.608
MATINA,2.868,0.705,0.126,1.284
MONTES_DE_OCA,0,0,0.294,1.119
MONTES_DE_ORO,0.201,0,0,0
MORA,0,0,0.024,0.108
MORAVIA,0,0,1.35,1.485
NANDAYURE,0,0.108,0,0
NARANJO,0,0,0,0
NICOYA,0,0.112,0,0
OREAMUNO,0.813,0.096,0,0
OROTINA,0,0,0,0
OSA,0,0,0,0.012
PALMARES,0,0,0,0
PARAISO,0.012,0,0.072,0
PARRITA,0,0,0,0
PAVAS,0,0,0.06,0.045
PEREZ_ZELEDON,0,0,1.098,0.012
POAS,0,0,0,0
POCOCI,2.175,0.414,0.45,0.015
PTO_VIEJO,11.856,1.384,22.368,3.752
PUNTARENAS,0,0,0,0
PURISCAL,0,0,0,0
QUEPOS,0,0,0,0
SAN_CARLOS,5.289,0,1.89,0
SAN_ISIDRO,0,0,2.928,0.032
SAN_JOSE,1.32,0.186,0,0
SAN_MARCOS,0,0,0,0.11
SAN_MATEO,0,0,0,0
SAN_PABLO,0,0,0,0
SAN_RAFAEL,0.306,0,1.254,0.135
SAN_RAMON,0.048,0,0,0
SANTA_ANA,0,0,0.192,0.078
SANTA_BARBARA,0,0,0,0
SANTA_CRUZ,0,0,0,0
SANTO_DOMINGO,0.015,0,0.303,0.267
SARAPIQUI,11.856,1.384,22.368,3.752
SIQUIRRES,2.16,0.507,0.024,0.015
SIXAOLA,2.248,5.536,0.536,5.616
TALAMANCA,0.009,1.191,1.377,0.153
TARRAZU,0,0,0,0.099
TIBAS,0.006,0,0.585,0.915
TILARAN,0.672,0.033,1.071,0.327
TORTUGUERO,8.7,5.355,21.95,0.465
TURRIALBA,0.904,0.072,1.176,0.24
TURRUBARES,0,0,0,0
UPALA,0,3.696,0.008,1.976
VALVERDE_VEGA,0,0,0,0
VAZQUEZ,0.024,0,4.146,2.886
