ALAJUELA,0,0,22.537,36.34
ABANGARES,0,0,0.054,0.081
ACOSTA,0,0,0.909,5.754
AGUIRRE,0.1977,0.498,0.036,0
ALAJUELITA,0,0,1.995,12.498
ALFARO_RUIZ,0,0,1.134,2.31
ALVARADO,0.0012,0,3.639,2.886
ASERRI,0,0,5.406,33.63
ATENAS,0,0,4.026,9.762
BAGACES,0,0,0.075,0.015
BARVA,0,0,3.744,14.715
BELEN,0,0,7.911,13.242
BUENOS_AIRES,0.0152,0,72.076,0.018
CANAS,0,0,0.048,0
CARRILLO,0,0,0.003,0.063
CARTAGO,0.0168,0.006,10.86,8.79
CD._QUESADA,0,0,0,0
CORREDORES,0,0,5.673,0.408
COTO_BRUS,0.7176,0,54.184,16.52
CURRIDABAT,0.003,0.006,6.246,8.412
DESAMPARADOS,0,0,3.882,15.669
DOTA,0,0,0.633,17.637
EL_GUARCO,0.0024,0.003,5.04,9.615
ESPARZA,0,0,0.612,0
ESCAZU,0,0,20.045,10.827
FLORES,0,0,4.497,16.008
GARABITO,0.0033,0,1.371,0
GOICOECHEA,0,0,2.526,15.075
GOLFITO,0,0,0.568,0
GRECIA,0,0,5.544,4.59
GUACIMO,0,0,0.003,0.003
GUAPILES,0,0,0.056,0.144
GUATUSO,0,0,0.012,0
HEREDIA,0,0,1.672,0.88
HOJANCHA,0,0,0.054,0.687
JIMENEZ,0.0129,0,1.626,0.354
LA_CRUZ,0,0,0.207,0.099
LA_UNION,0.006,0,12.501,15.234
LEON_CORTEZ,0,0,8.112,25.767
LIBERIA,0,0,0.032,0.104
LIMON,0,0,0,0
LOS_CHILES,0,0,0,0
MATINA,0,0,0,0
MONTES_DE_OCA,0,0,3.432,18.078
MONTES_DE_ORO,0,0,0.408,0.693
MORA,0,0,12.426,8.904
MORAVIA,0,0,1.827,8.61
NANDAYURE,0,0,0.015,1.038
NARANJO,0,0,5.403,2.4
NICOYA,0,0,0.208,1.664
OREAMUNO,0.0156,0.015,5.319,6.03
OROTINA,0,0,10.986,0.036
OSA,0,0,21.414,12.33
PALMARES,0,0,3.291,8.325
PARAISO,0.0015,0,2.748,0.774
PARRITA,17.1087,8.508,0.081,0
PAVAS,0,0,3.71,13.28
PEREZ_ZELEDON,0,0,36.906,0.144
POAS,0,0,5.193,2.862
POCOCI,0,0,0.075,0.099
PTO_VIEJO,0,0,0,0
PUNTARENAS,0,0,0.066,0
PURISCAL,0,0,23.478,12.372
QUEPOS,0.2985,0.78,0.125,0
SAN_CARLOS,0.0744,0.201,0.033,0.522
SAN_ISIDRO,0,0,98.416,0.384
SAN_JOSE,0,0,5.232,9.486
SAN_MARCOS,0,0,5.905,27.295
SAN_MATEO,0,0,12.594,0.147
SAN_PABLO,0,0,2.448,10.932
SAN_RAFAEL,0,0,3.201,19.446
SAN_RAMON,0.0016,0,10.32,8.152
SANTA_ANA,0,0,3.951,3.105
SANTA_BARBARA,0,0,3.198,9.534
SANTA_CRUZ,0,0,0.464,0.424
SANTO_DOMINGO,0,0,1.827,20.847
SARAPIQUI,0,0,0,0
SIQUIRRES,0,0,0.009,0.036
SIXAOLA,0,0,0,0
TALAMANCA,0,0,0,0.006
TARRAZU,0.0003,0,3.258,14.343
TIBAS,0,0,1.845,26.568
TILARAN,0,0,0.06,0.03
TORTUGUERO,0,0,0,0
TURRIALBA,0.0064,0,0.776,0.456
TURRUBARES,0,0,0.003,0.906
UPALA,0,0,0,0
VALVERDE_VEGA,0,0,11.208,3.162
VAZQUEZ,0,0,2.523,11.64
