ALAJUELA,0,0,5.762,7.54
ABANGARES,0,0,0,0
ACOSTA,0.036,0,5.538,1.389
AGUIRRE,0.003,0.651,0,0
ALAJUELITA,0.147,0,0.402,0
ALFARO_RUIZ,0.126,0,0.765,0.108
ALVARADO,0.087,0,0.342,0.129
ASERRI,0.39,0,7.392,0
ATENAS,0,0,0,0
BAGACES,0,0,0,0
BARVA,0.003,0,0.705,0
BELEN,0,0,0.057,0
BUENOS_AIRES,0.293,0.917,31.303,0
CANAS,0,0,0,0
CARRILLO,0,0,0,0
CARTAGO,0.486,0.066,0.462,0
CD._QUESADA,0,0,0,0.048
CORREDORES,3.609,0.003,22.794,0.273
COTO_BRUS,0.624,0,94.112,36.72
CURRIDABAT,0.162,0,3.207,0.054
DESAMPARADOS,0.066,0,1.404,0
DOTA,0,0,0.582,6.675
EL_GUARCO,0.015,0.009,0.009,0
ESPARZA,0,0,0,0
ESCAZU,0,0,0.04,0
FLORES,0,0,0.072,0
GARABITO,9.63,1.269,0,0
GOICOECHEA,0.009,0,0.219,0.009
GOLFITO,0,0,0.08,1
GRECIA,0,0,0.468,0.003
GUACIMO,0,0,0.153,0.273
GUAPILES,0,0,0.968,1.112
GUATUSO,0,0,0,0.003
HEREDIA,0.008,0,3.176,0.744
HOJANCHA,0,0,0.153,0
JIMENEZ,0.114,0,0.459,0
LA_CRUZ,0,0,0.006,0
LA_UNION,0.03,0,11.904,0.06
LEON_CORTEZ,0,0.012,7.536,0.924
LIBERIA,0,0,0,0
LIMON,0,0,0,0.008
LOS_CHILES,0,0,0,0.008
MATINA,0,0,0,0.018
MONTES_DE_OCA,0.03,0,0.468,0.018
MONTES_DE_ORO,0.471,1.491,0,0
MORA,0,0,8.034,4.668
MORAVIA,0.003,0,0.174,0
NANDAYURE,0,0,0.009,0
NARANJO,0,0,0.21,0
NICOYA,0,0,0.76,0
OREAMUNO,0.249,0.045,0.279,0.03
OROTINA,0,0,0,0
OSA,0,0,0,0.009
PALMARES,0,0,0.042,0
PARAISO,0.174,0.021,0.012,0
PARRITA,0,0.633,0.081,0
PAVAS,0,0,0.455,0
PEREZ_ZELEDON,0.822,0.249,0.006,0
POAS,0,0,0.273,0.039
POCOCI,0,0,0.438,0.474
PTO_VIEJO,0,0,0,0.008
PUNTARENAS,0,0.693,0,0
PURISCAL,0,0,1.083,0.183
QUEPOS,0,0.665,0,0
SAN_CARLOS,0.045,0.009,0.765,0.627
SAN_ISIDRO,2.192,0.664,0.016,0
SAN_JOSE,0.144,0,1.026,0.57
SAN_MARCOS,0,0.035,15.955,3.77
SAN_MATEO,0,0,0,0
SAN_PABLO,0.027,0,0.84,0
SAN_RAFAEL,0.081,0,0.912,0.018
SAN_RAMON,0.016,0.008,0.08,0
SANTA_ANA,0.006,0,0.246,0
SANTA_BARBARA,0,0,2.688,0.084
SANTA_CRUZ,0,0,0,0
SANTO_DOMINGO,0.015,0,0.813,0
SARAPIQUI,0,0,0,0.008
SIQUIRRES,0,0,0.075,0.765
SIXAOLA,0,0,0,0
TALAMANCA,0,0,0,0.021
TARRAZU,0,0.018,14.124,6.219
TIBAS,0,0,0.294,0
TILARAN,0,0,0,0
TORTUGUERO,0,0,0,0.08
TURRIALBA,0.44,0,1.912,0.376
TURRUBARES,0,0,0,0
UPALA,0,0,0,0
VALVERDE_VEGA,0,0,0.36,0
VAZQUEZ,0.054,0.006,0.819,0.357
