ALAJUELA,0,0,0.008,0.01
ABANGARES,0,0,0,0
ACOSTA,0,0,0,0
AGUIRRE,0.012,0,0.036,0
ALAJUELITA,0,0,2.403,0.012
ALFARO_RUIZ,0,0,0.783,0.906
ALVARADO,0,0,0.132,0
ASERRI,0,0,2.046,0
ATENAS,0,0,0.051,0
BAGACES,0,0,0,0
BARVA,0,0,0.006,0
BELEN,0,0,0.006,0.009
BUENOS_AIRES,0.631,0.0008,8.723,0.45
CANAS,0,0,0,0
CARRILLO,0,0,0,0
CARTAGO,0,0,0.192,0
CD._QUESADA,0,0,0,0.016
CORREDORES,0.177,0.153,1.494,2.652
COTO_BRUS,1.008,0,10.312,31.264
CURRIDABAT,0,0,3.018,0.087
DESAMPARADOS,0,0,3.3,0.021
DOTA,0,0,0.168,0.138
EL_GUARCO,0,0,0.018,0
ESPARZA,0,0,0.006,0.006
ESCAZU,0,0,0.048,0
FLORES,0,0,0,0
GARABITO,0.462,1.185,0,0
GOICOECHEA,0.003,0,1.401,0.516
GOLFITO,0.84,0.08,3.36,6.8
GRECIA,0.003,0,0.159,0
GUACIMO,0,0,0,1.236
GUAPILES,0,0,0.072,7.08
GUATUSO,0,0,0,0
HEREDIA,0,0,2.336,4.08
HOJANCHA,0,0,0,0
JIMENEZ,0,0,0.063,0
LA_CRUZ,0,0,0,0
LA_UNION,0,0,0.018,0
LEON_CORTEZ,0,0,6.528,8.94
LIBERIA,0,0,0,0
LIMON,0,0,0,0
LOS_CHILES,0.032,0,0,0
MATINA,0,0,0,0.084
MONTES_DE_OCA,0,0,1.572,0.282
MONTES_DE_ORO,0,0,0.003,0
MORA,0,0,0,0
MORAVIA,0.015,0,1.659,0.714
NANDAYURE,0,0,0,0
NARANJO,0,0,1.188,0.009
NICOYA,0.048,0,0,0
OREAMUNO,0,0,0.099,0
OROTINA,0,0,0.219,0
OSA,0.021,0,0.333,0.108
PALMARES,0,0,0.048,0
PARAISO,0,0,0.015,0
PARRITA,1.542,1.6923,0.891,0
PAVAS,0,0,0.165,0
PEREZ_ZELEDON,0.051,0.0063,6.492,0.186
POAS,0,0,0.543,0.015
POCOCI,0,0,0.069,2.586
PTO_VIEJO,0,0,0.048,0.312
PUNTARENAS,0,0,0.957,0
PURISCAL,0,0,0.474,0.171
QUEPOS,0.005,0,0.1,0
SAN_CARLOS,0,0,2.034,1.647
SAN_ISIDRO,0.136,0.0168,17.312,0.496
SAN_JOSE,0,0,0.24,0
SAN_MARCOS,0,0,15.995,22.405
SAN_MATEO,0,0,0.573,0
SAN_PABLO,0,0,0.138,0.003
SAN_RAFAEL,0,0,0.282,0.108
SAN_RAMON,0.208,0,0.728,0.032
SANTA_ANA,0.012,0,0.276,0
SANTA_BARBARA,0,0,0.003,0
SANTA_CRUZ,0,0,0,0
SANTO_DOMINGO,0,0,0.243,0.003
SARAPIQUI,0,0,0.048,0.312
SIQUIRRES,0,0,0.006,0.54
SIXAOLA,0,0,0.016,0.152
TALAMANCA,0,0,0,0
TARRAZU,0,0,11.256,15.324
TIBAS,0,0,0.558,0.108
TILARAN,0,0,0.123,0.129
TORTUGUERO,0,0,0,0
TURRIALBA,0.12,0.024,0.544,0.008
TURRUBARES,0,0,0,0
UPALA,0.064,0.1312,0,0
VALVERDE_VEGA,0,0,1.083,0
VAZQUEZ,0.018,0,7.452,3.432
