ALAJUELA,0,0,0,0
ABANGARES,0,0,0,0
ACOSTA,0,0,0,0
AGUIRRE,0,0,0,0
ALAJUELITA,0,0,0.03,0
ALFARO_RUIZ,0,0,0,0
ALVARADO,0.006,0,0.12,0
ASERRI,0,0,0,0
ATENAS,0,0,0,0
BAGACES,0,0,0,0
BARVA,0,0,0,0
BELEN,0,0,0,0
BUENOS_AIRES,0,0,0,0
CANAS,0,0,0,0
CARRILLO,0,0,0,0
CARTAGO,0,0,0,0
CD._QUESADA,1.168,0.016,0,0
CORREDORES,0.012,0.003,0.003,0
COTO_BRUS,0.104,0,0.88,0.176
CURRIDABAT,0,0,0.114,0
DESAMPARADOS,0,0,0.03,0
DOTA,0,0,0,0
EL_GUARCO,0,0,0,0
ESPARZA,0,0,0.003,0
ESCAZU,0,0,0,0
FLORES,0,0,0,0
GARABITO,0,0,0,0
GOICOECHEA,0,0,0.075,0
GOLFITO,0,0,0,0
GRECIA,0,0,0,0
GUACIMO,0.045,0,0.006,0
GUAPILES,0.048,0,0.208,0
GUATUSO,0.321,0.1824,0,0
HEREDIA,0.552,0,0.44,0
HOJANCHA,0,0,0.033,0
JIMENEZ,0.003,0,0.042,0
LA_CRUZ,0,0,0,0
LA_UNION,0,0,0,0
LEON_CORTEZ,0,0,0,0
LIBERIA,0,0,0,0
LIMON,0,0,0,0
LOS_CHILES,0.008,1.0144,0,0.304
MATINA,0.219,0,0,0
MONTES_DE_OCA,0,0,0.102,0
MONTES_DE_ORO,0,0,0,0
MORA,0,0,0,0
MORAVIA,0,0,0,0
NANDAYURE,0,0,0,0
NARANJO,0,0,0,0
NICOYA,0,0,0,0
OREAMUNO,0.003,0,0,0
OROTINA,0,0,0,0
OSA,0,0,0,0
PALMARES,0,0,0,0
PARAISO,0,0,0,0
PARRITA,0,0,0,0
PAVAS,0,0,0,0
PEREZ_ZELEDON,0.033,0.2892,0.375,0
POAS,0,0,0,0
POCOCI,0.027,0,0.09,0
PTO_VIEJO,1.016,0,0,0
PUNTARENAS,0,0,0,0
PURISCAL,0,0,0,0
QUEPOS,0,0,0,0
SAN_CARLOS,0,0,0,0
SAN_ISIDRO,0.088,0.7712,1,0
SAN_JOSE,0.006,0,0.3,0
SAN_MARCOS,0,0,0,0
SAN_MATEO,0,0,0,0
SAN_PABLO,0,0,0,0
SAN_RAFAEL,0,0,0,0
SAN_RAMON,0,0,0,0
SANTA_ANA,0,0,0,0
SANTA_BARBARA,0,0,0,0
SANTA_CRUZ,0,0,0,0
SANTO_DOMINGO,0,0,0,0
SARAPIQUI,1.016,0,0,0
SIQUIRRES,0.066,0,0.018,0
SIXAOLA,0.064,0,0,4.92
TALAMANCA,1.998,0,0.003,0
TARRAZU,0,0,0,0
TIBAS,0,0,0,0
TILARAN,0,0.1374,0,0
TORTUGUERO,0.04,0.017,0,0
TURRIALBA,0.688,0.024,0.096,0
TURRUBARES,0,0,0,0
UPALA,0.008,0.1984,0,0.064
VALVERDE_VEGA,0,0,0,0
VAZQUEZ,0,0,6.93,1.908
