ALAJUELA,0,0,0,0
ABANGARES,0,0,0,0
ACOSTA,0,0,0,0
AGUIRRE,0,0,0,0
ALAJUELITA,0,0,0.051,0
ALFARO_RUIZ,0,2.118,3.417,1.146
ALVARADO,0.048,3.042,2.775,2.763
ASERRI,0,0,0,0
ATENAS,0,0,0,0
BAGACES,0,0,0,0
BARVA,0,0,0.51,0
BELEN,0,0,0,0
BUENOS_AIRES,0,0,0,0
CANAS,0,0,0,0
CARRILLO,0,0,0,0
CARTAGO,0.252,4.512,3.786,1.764
CD._QUESADA,18.96,0.12,1.824,0.92
CORREDORES,0,0,0.06,0
COTO_BRUS,0,0,0,0
CURRIDABAT,0,0,0.051,0
DESAMPARADOS,0,0,0.036,0
DOTA,0,0,0,0
EL_GUARCO,0,0.927,1.023,0.363
ESPARZA,0,0,0,0
ESCAZU,0,0,0,0
FLORES,0,0,0,0
GARABITO,0,0,0,0
GOICOECHEA,0,0.048,0.249,0.096
GOLFITO,0,0,0,0
GRECIA,0,0,0,0
GUACIMO,1.347,4.299,0.066,1.629
GUAPILES,2.816,8.176,0.296,4.96
GUATUSO,2.523,0.165,0.147,1.014
HEREDIA,5.712,7.344,2.984,8.936
HOJANCHA,0,0,0,0
JIMENEZ,0,2.49,2.673,4.299
LA_CRUZ,0,0,0,0
LA_UNION,0,0,0,0
LEON_CORTEZ,0,0,0,0
LIBERIA,0,0,0,0
LIMON,3.312,10.552,0.152,4.584
LOS_CHILES,0,0,0.04,0.208
MATINA,0.651,2.517,0,1.611
MONTES_DE_OCA,0,0.003,0.12,0
MONTES_DE_ORO,0,0,0,0
MORA,0,0,0,0
MORAVIA,0,0.135,0.582,0.339
NANDAYURE,0,0,0,0
NARANJO,0,0,0,0
NICOYA,0,0,0,0
OREAMUNO,0.105,2.796,2.871,1.323
OROTINA,0,0,0,0
OSA,0,0,0,0
PALMARES,0,0,0,0
PARAISO,0.003,0.489,1.737,1.224
PARRITA,0,0,0,0
PAVAS,0,0.015,0.06,0
PEREZ_ZELEDON,0.006,0,2.055,0.033
POAS,0,0,0,0
POCOCI,0.858,3.396,0.276,2.337
PTO_VIEJO,18.04,3.168,3.608,1.528
PUNTARENAS,0,0,0,0
PURISCAL,0,0,0,0
QUEPOS,0,0,0.005,0
SAN_CARLOS,0.105,3.399,1.674,1.836
SAN_ISIDRO,0.016,0,5.48,0.088
SAN_JOSE,0.072,5.532,5.646,4.644
SAN_MARCOS,0,0,0,0
SAN_MATEO,0,0,0,0
SAN_PABLO,0,0.309,0.075,0
SAN_RAFAEL,0,1.596,2.061,0.693
SAN_RAMON,0,0,0,0
SANTA_ANA,0,0.003,0.042,0
SANTA_BARBARA,0,0,0.105,0
SANTA_CRUZ,0,0,0,0
SANTO_DOMINGO,0,0.306,0.405,0
SARAPIQUI,18.04,3.168,3.608,1.528
SIQUIRRES,0.015,3.429,0.141,1.443
SIXAOLA,1.216,3.864,0.304,0.672
TALAMANCA,2.703,1.164,0.174,2.976
TARRAZU,0,0,0,0
TIBAS,0,0.153,0.498,0
TILARAN,2.652,1.056,4.518,2.829
TORTUGUERO,10.025,0.07,1.725,0.09
TURRIALBA,0,6.104,6.112,8.288
TURRUBARES,0,0,0,0
UPALA,0.008,0.024,0.016,0.024
VALVERDE_VEGA,0,0,0,0
VAZQUEZ,0,2.196,1.548,2.628
