ALAJUELA,0,0,0,0
ABANGARES,0,0,0,0
ACOSTA,0,0,0,0
AGUIRRE,0,0,0,0
ALAJUELITA,0,0,0,0
ALFARO_RUIZ,0.129,0.9,0.54,0.717
ALVARADO,0.09,0.534,0.366,0.006
ASERRI,0,0,0,0
ATENAS,0,0,0,0
BAGACES,0,0,0,0
BARVA,0,0,0,0
BELEN,0,0,0,0
BUENOS_AIRES,0,0,0,0
CANAS,0,0,0,0
CARRILLO,0,0,0,0
CARTAGO,0,0.222,0.138,0
CD._QUESADA,0.144,0.024,0.112,1.456
CORREDORES,0,0,0,0
COTO_BRUS,0,0,0.04,0.032
CURRIDABAT,0,0,0,0
DESAMPARADOS,0,0,0,0
DOTA,0,0,0,0
EL_GUARCO,0,0.075,0.009,0
ESPARZA,0,0,0,0
ESCAZU,0,0,0,0
FLORES,0,0,0,0
GARABITO,0,0,0,0
GOICOECHEA,0,0,0.207,0.201
GOLFITO,0,0,0,0
GRECIA,0,0,0,0
GUACIMO,1.137,2.658,0.222,4.233
GUAPILES,4.44,5.176,1.912,5.368
GUATUSO,0.021,0.168,0.105,0.468
HEREDIA,9.136,3.584,7.376,9.144
HOJANCHA,0,0,0,0
JIMENEZ,0.042,0.834,0.558,0.042
LA_CRUZ,0,0,0,0
LA_UNION,0,0,0,0
LEON_CORTEZ,0,0,0,0
LIBERIA,0,0,0,0
LIMON,12.504,2.12,0.488,14.624
LOS_CHILES,0.04,0.272,0,0.384
MATINA,1.74,0.015,0.063,4.644
MONTES_DE_OCA,0,0,0,0.006
MONTES_DE_ORO,0,0,0,0
MORA,0,0,0,0
MORAVIA,0.003,0.006,0.711,0.519
NANDAYURE,0,0,0,0
NARANJO,0,0,0,0
NICOYA,0,0,0,0
OREAMUNO,0.027,0.297,0.114,0
OROTINA,0,0,0,0
OSA,0,0,0,0
PALMARES,0,0,0,0
PARAISO,0,0.168,0.102,0
PARRITA,0,0,0,0
PAVAS,0,0,0,0
PEREZ_ZELEDON,0,0,1.062,0
POAS,0,0,0,0
POCOCI,1.395,1.854,0.747,1.995
PTO_VIEJO,9.064,1.592,2.032,1.368
PUNTARENAS,0,0,0,0
PURISCAL,0,0,0,0
QUEPOS,0,0,0,0
SAN_CARLOS,1.422,0.717,0.261,1.065
SAN_ISIDRO,0,0,2.832,0
SAN_JOSE,0.258,0.522,0.636,0.03
SAN_MARCOS,0,0,0,0
SAN_MATEO,0,0,0,0
SAN_PABLO,0,0,0,0
SAN_RAFAEL,0,0,0,0
SAN_RAMON,0,0,0,0
SANTA_ANA,0,0,0,0
SANTA_BARBARA,0,0,0,0
SANTA_CRUZ,0,0,0,0
SANTO_DOMINGO,0,0,0,0
SARAPIQUI,9.064,1.592,2.032,1.368
SIQUIRRES,1.077,0.498,0.186,3.309
SIXAOLA,0.872,1.136,0.712,2.8
TALAMANCA,0.813,0.105,0.207,6.06
TARRAZU,0,0,0,0
TIBAS,0.012,0,0.099,0.153
TILARAN,1.14,0.309,1.584,0.552
TORTUGUERO,1.78,0.26,0.34,0.31
TURRIALBA,0.072,1.952,1.712,0.12
TURRUBARES,0,0,0,0
UPALA,0.144,0.624,0.128,1.36
VALVERDE_VEGA,0,0,0,0
VAZQUEZ,0,0.054,1.347,1.722
