ALAJUELA,0,0,0,0
ABANGARES,0,0,0,0
ACOSTA,0,0,0,0
AGUIRRE,0,0,0.045,0.015
ALAJUELITA,0,0,0.0339,0
ALFARO_RUIZ,0,0,0.3585,0.006
ALVARADO,0.15,0.006,0.0033,0
ASERRI,0,0,0,0
ATENAS,0,0,0,0.003
BAGACES,0,0,0,0
BARVA,0,0,0,0
BELEN,0,0,0,0
BUENOS_AIRES,0,0,1.7058,0.008
CANAS,0,0,0,0
CARRILLO,0,0,0,0
CARTAGO,0,0,0,0
CD._QUESADA,1.04,0.376,0.008,0
CORREDORES,0.012,0,0.9042,0
COTO_BRUS,0.248,0,0.5896,0
CURRIDABAT,0,0,0.0036,0
DESAMPARADOS,0,0,0.0063,0
DOTA,0,0,0,0.762
EL_GUARCO,0,0,0,0
ESPARZA,0,0,0,0
ESCAZU,0,0,0.036,0.021
FLORES,0,0,0,0
GARABITO,0,0,0,0
GOICOECHEA,0,0,0.081,0
GOLFITO,0.008,0,0.9528,0.312
GRECIA,0,0,0,0
GUACIMO,1.152,2.094,0,0
GUAPILES,1.552,3.304,0,0
GUATUSO,3.816,0.081,0,0
HEREDIA,5.024,2.264,0.0136,0.008
HOJANCHA,0,0,0,0
JIMENEZ,0.15,0,0.0009,0
LA_CRUZ,0,0,0,0
LA_UNION,0,0,0,0
LEON_CORTEZ,0,0,0,1.056
LIBERIA,0,0,0,0
LIMON,1.896,1.12,0,0
LOS_CHILES,0,0.024,3.348,0.264
MATINA,1.773,0.291,0,0
MONTES_DE_OCA,0,0,0.048,0
MONTES_DE_ORO,0,0,0,0
MORA,0,0,0,0
MORAVIA,0.006,0,0.1272,0
NANDAYURE,0,0,0,0
NARANJO,0,0,0,0
NICOYA,0,0,0,0
OREAMUNO,0,0,0,0
OROTINA,0,0,0.096,0
OSA,0,0.324,0,0
PALMARES,0,0,0,0
PARAISO,0,0,0,0
PARRITA,0,0,0,0
PAVAS,0,0,0.0025,0
PEREZ_ZELEDON,0.003,0,0.7389,0.036
POAS,0,0,0,0
POCOCI,0.438,1.194,0,0
PTO_VIEJO,24.72,3.344,0,0
PUNTARENAS,0,0,0,0
PURISCAL,0,0,1.338,0.516
QUEPOS,0,0,0.075,0.015
SAN_CARLOS,0.762,0.123,0,0
SAN_ISIDRO,0.008,0,1.9704,0.096
SAN_JOSE,0.54,0.036,0,0
SAN_MARCOS,0,0,0,1.615
SAN_MATEO,0,0,0.048,0
SAN_PABLO,0,0,0,0
SAN_RAFAEL,0,0,0,0
SAN_RAMON,0,0,0,0
SANTA_ANA,0,0,0,0
SANTA_BARBARA,0,0,0,0
SANTA_CRUZ,0,0,0,0
SANTO_DOMINGO,0,0,0,0
SARAPIQUI,24.72,3.344,0,0
SIQUIRRES,1.854,1.233,0,0
SIXAOLA,0.032,0.056,0,0.072
TALAMANCA,0.363,0.006,0,0
TARRAZU,0,0,0.0147,1.407
TIBAS,0,0,0.024,0
TILARAN,0.6,0.009,0,0
TORTUGUERO,1.835,0.745,0.1365,0
TURRIALBA,0.24,0,0.1024,0
TURRUBARES,0,0,0,0
UPALA,0.184,0.024,0.016,0
VALVERDE_VEGA,0,0,0,0
VAZQUEZ,0.138,0,5.0148,1.65
