ALAJUELA,0,0,0,0
ABANGARES,0,0,0,0
ACOSTA,0,0,0,0
AGUIRRE,0,0,0,0
ALAJUELITA,0,0,0,0
ALFARO_RUIZ,0,0,0.2625,0
ALVARADO,0,0,0,0
ASERRI,0,0,0,0
ATENAS,0,0,0.108,0
BAGACES,0,0,0,0
BARVA,0,0,0,0
BELEN,0,0,0,0
BUENOS_AIRES,0,0,0.416,0.0003
CANAS,0,0,0,0
CARRILLO,0,0,0,0
CARTAGO,0,0,0,0
CD._QUESADA,0.264,0.4064,0,0
CORREDORES,0.042,0.2505,0.0843,0.0027
COTO_BRUS,0.12,0.0664,6.9168,0
CURRIDABAT,0.006,0,0.0021,0
DESAMPARADOS,0.012,0,0.009,0
DOTA,0,0,0,0.1701
EL_GUARCO,0,0,0,0
ESPARZA,0,0,0,0
ESCAZU,0,0,0.777,0
FLORES,0,0,0,0
GARABITO,0,0,0.0084,0
GOICOECHEA,0.123,0,0.1635,0
GOLFITO,0,0,0,0.00592
GRECIA,0,0,0.0576,0
GUACIMO,0,0,0,0
GUAPILES,0,0,0,0
GUATUSO,0.024,0.2745,0,0
HEREDIA,0.24,0,0.444,0
HOJANCHA,0,0,0,0
JIMENEZ,0.003,0,0.0531,0
LA_CRUZ,0,0,0,0
LA_UNION,0,0,0,0
LEON_CORTEZ,0.003,0,0.096,0.63174
LIBERIA,0,0,0,0
LIMON,0.032,0.0352,0,0
LOS_CHILES,1.672,7.6808,0,0
MATINA,0,0,0,0
MONTES_DE_OCA,0.108,0,0.0483,0
MONTES_DE_ORO,0,0,0,0
MORA,0,0,0,0
MORAVIA,0.102,0,0.2397,0
NANDAYURE,0,0,0,0
NARANJO,0,0,0.0516,0
NICOYA,0,0,0,0
OREAMUNO,0,0,0,0
OROTINA,0,0,0,0
OSA,0,0,0.003,0.03294
PALMARES,0,0,0,0
PARAISO,0,0,0,0
PARRITA,0,0,0,0.00306
PAVAS,0.04,0,0.0045,0
PEREZ_ZELEDON,0.138,0.3366,0.1908,0.10998
POAS,0,0,0.0441,0
POCOCI,0,0,0.009,0
PTO_VIEJO,0,0,0,0
PUNTARENAS,0,0,0,0
PURISCAL,0,0,0.0243,0
QUEPOS,0,0,0.0005,0.002
SAN_CARLOS,0,0,0,0
SAN_ISIDRO,0.368,0.8976,0.5088,0.29328
SAN_JOSE,0,0,0,0
SAN_MARCOS,0.01,0,0.21,0.7945
SAN_MATEO,0,0,0,0
SAN_PABLO,0,0,0,0
SAN_RAFAEL,0,0,0,0
SAN_RAMON,0,0,0,0
SANTA_ANA,0.054,0,0.0144,0
SANTA_BARBARA,0,0,0,0
SANTA_CRUZ,0,0,0,0
SANTO_DOMINGO,0.021,0,0.0012,0
SARAPIQUI,0,0,0,0
SIQUIRRES,0,0,0,0
SIXAOLA,0,0,0,0
TALAMANCA,0,0,0,0
TARRAZU,0.012,0,0.042,0.33882
TIBAS,0.234,0,0.4401,0
TILARAN,0.201,0,0.1824,0
TORTUGUERO,0.015,0.749,0,0
TURRIALBA,0.32,0,1.0312,0
TURRUBARES,0,0,0,0
UPALA,0.208,2.9288,0,0
VALVERDE_VEGA,0,0,0.0282,0
VAZQUEZ,0.432,0,0.4014,0
