ALAJUELA,0,0,0.8406,0
ABANGARES,0,0,0,0
ACOSTA,0,0,0.0597,0
AGUIRRE,5.6334,0.4644,0.7083,0.2694
ALAJUELITA,0,0,0.003,0
ALFARO_RUIZ,0,0,0.018,0
ALVARADO,0,0,0,0
ASERRI,0,0,0,0
ATENAS,0,0,0,0
BAGACES,0,0,0,0
BARVA,0,0,0.7266,0
BELEN,0,0,0.7944,0
BUENOS_AIRES,1.9592,0.5327,8.5029,0.077
CANAS,0,0,0,0
CARRILLO,0,0,0,0
CARTAGO,0,0,0.1008,0
CD._QUESADA,0,0,0,0
CORREDORES,0.6297,0.0132,4.4229,0.2706
COTO_BRUS,0.0024,0,0.18,1.152
CURRIDABAT,0,0,0,0
DESAMPARADOS,0,0,0,0
DOTA,0,0,0.084,0.594
EL_GUARCO,0,0,0,0
ESPARZA,0,0,0,0
ESCAZU,0,0,0.0185,0
FLORES,0,0,0.672,0
GARABITO,0,0,0,0
GOICOECHEA,0,0,0,0
GOLFITO,0.008,0,0.7576,1.392
GRECIA,0,0,0,0
GUACIMO,0,0,0,0
GUAPILES,0,0,0,0
GUATUSO,0,0,0,0
HEREDIA,0,0,0,0
HOJANCHA,0,0,0,0
JIMENEZ,0,0,0,0
LA_CRUZ,0,0,0,0
LA_UNION,0,0,0,0
LEON_CORTEZ,0,0,0,0
LIBERIA,0,0,0,0
LIMON,0,0,0,0.0128
LOS_CHILES,0,0,0,0
MATINA,0,0,0,0
MONTES_DE_OCA,0,0,0,0
MONTES_DE_ORO,0,0,0,0
MORA,0,0,0.2556,0.006
MORAVIA,0,0,0,0
NANDAYURE,0,0,0,0
NARANJO,0,0,0,0
NICOYA,0,0,0,0
OREAMUNO,0,0,0.0765,0
OROTINA,0,0,0.0027,0
OSA,0,0,0.054,0.0846
PALMARES,0,0,0,0
PARAISO,0,0,0,0
PARRITA,0.2808,0.0033,0.5766,0
PAVAS,0,0,0,0
PEREZ_ZELEDON,0,0,0.0189,1.161
POAS,0,0,0.0141,0
POCOCI,0,0,0,0
PTO_VIEJO,0,0,0,0
PUNTARENAS,0,0,0,0
PURISCAL,0.0003,0,0.3666,0.009
QUEPOS,10.684,1.077,1.067,0.836
SAN_CARLOS,0,0,0,0
SAN_ISIDRO,0,0,0.0504,3.096
SAN_JOSE,0,0,0,0
SAN_MARCOS,0.002,0,0.024,0
SAN_MATEO,0,0,0,0
SAN_PABLO,0,0,0.0171,0
SAN_RAFAEL,0,0,0.1467,0
SAN_RAMON,0,0,0,0
SANTA_ANA,0,0,0.036,0
SANTA_BARBARA,0,0,0.2118,0
SANTA_CRUZ,0,0,0,0
SANTO_DOMINGO,0,0,0,0
SARAPIQUI,0,0,0,0
SIQUIRRES,0,0,0,0
SIXAOLA,0,0,0,0
TALAMANCA,0,0,0,0
TARRAZU,0.0018,0.0003,0.0531,0.009
TIBAS,0,0,0,0
TILARAN,0,0,0,0
TORTUGUERO,0,0,0,0
TURRIALBA,0,0,0,0
TURRUBARES,0,0,0,0
UPALA,0,0,0,0
VALVERDE_VEGA,0,0,0,0
VAZQUEZ,0,0,0,0
