ALAJUELA,0,0,0.016,1.202
ABANGARES,0.054,0,0.141,0.267
ACOSTA,0,0,3.426,0.879
AGUIRRE,0.369,0,6.888,0.015
ALAJUELITA,0.003,0,9.828,2.553
ALFARO_RUIZ,0.036,0,0.261,0.015
ALVARADO,0,0,1.869,0.141
ASERRI,0,0,45.474,6.576
ATENAS,0,0,1.119,0.159
BAGACES,0,0,0,0
BARVA,0,0,0.003,1.518
BELEN,0,0,0.009,1.365
BUENOS_AIRES,75.669,5.478,22.837,1.801
CANAS,0,0,0.296,0
CARRILLO,0,0,0,0
CARTAGO,0.018,0,3.792,0.006
CD._QUESADA,0,10.472,0,0
CORREDORES,0.324,1.812,5.28,5.877
COTO_BRUS,0.248,0,3.016,4.896
CURRIDABAT,0.051,0,9.777,8.124
DESAMPARADOS,0.012,0,8.886,3.972
DOTA,0,0,0.003,1.728
EL_GUARCO,0,0,0.87,0.003
ESPARZA,0.009,0.003,0.192,0
ESCAZU,0,0,0.819,0.18
FLORES,0,0,0,2.376
GARABITO,0.285,0.108,3.318,0
GOICOECHEA,0,0,3.765,3.366
GOLFITO,2.944,5.448,5.976,9.368
GRECIA,0,0,1.872,2.4
GUACIMO,0,0,0.003,0
GUAPILES,0,0,0.008,0.048
GUATUSO,0.003,0,0.711,0.006
HEREDIA,0,0,24.92,0.32
HOJANCHA,0,0,0,0.009
JIMENEZ,0,0,0.654,0.057
LA_CRUZ,0,0,0.003,0
LA_UNION,0.033,0,8.877,0.75
LEON_CORTEZ,0,0,0.369,2.445
LIBERIA,0,0,0,0
LIMON,0,0,0,0
LOS_CHILES,0,0,12.44,0.12
MATINA,0,0,0,0
MONTES_DE_OCA,0.006,0,2.388,2.181
MONTES_DE_ORO,0,0,0,0.015
MORA,0,0,3.618,1.68
MORAVIA,0,0,4.824,4.506
NANDAYURE,0,0,0,0
NARANJO,0.138,0,0.873,0.552
NICOYA,0,0,0,0.008
OREAMUNO,0.015,0,2.835,0.075
OROTINA,0,0,8.979,0.291
OSA,0.681,0.117,0.933,2.751
PALMARES,0.048,0,1.743,0.219
PARAISO,0,0,0.159,0
PARRITA,15.672,0,4.437,0.066
PAVAS,0,0,0.065,1.34
PEREZ_ZELEDON,2.451,0.039,2.721,2.517
POAS,0,0,0.078,1.8
POCOCI,0,0,0.048,0.015
PTO_VIEJO,0,0,2.984,0
PUNTARENAS,0,0,0.011,0
PURISCAL,0,0,10.389,4.101
QUEPOS,0.5,0,12.45,0.005
SAN_CARLOS,0,0,0.906,0.627
SAN_ISIDRO,6.536,0.104,7.256,6.712
SAN_JOSE,0.006,0,2.382,0.438
SAN_MARCOS,0,0,0.71,9.66
SAN_MATEO,0,0,10.137,0.357
SAN_PABLO,0.003,0,0.036,0.048
SAN_RAFAEL,0.006,0,0.204,0.072
SAN_RAMON,0,0,0.08,0.552
SANTA_ANA,0,0,0.822,0.123
SANTA_BARBARA,0,0,0.012,0.702
SANTA_CRUZ,0,0,0,0.024
SANTO_DOMINGO,0,0,0.105,0.132
SARAPIQUI,0,0,2.984,0
SIQUIRRES,0,0,0.009,0.006
SIXAOLA,0.024,0,0,0
TALAMANCA,0,0,0,0
TARRAZU,0,0,0.228,3.909
TIBAS,0,0,0.465,0.489
TILARAN,0,0,0.003,0.009
TORTUGUERO,0,0.75,0,0
TURRIALBA,0,0,0.504,0.088
TURRUBARES,0,0,0,0
UPALA,3.792,0,0.08,0.008
VALVERDE_VEGA,0.129,0,1.488,1.074
VAZQUEZ,0,0,2.196,9
