ALAJUELA,0,0,0,0
ABANGARES,0,0,0,0
ACOSTA,0,0,0,0
AGUIRRE,0,0,0,0
ALAJUELITA,0,0,0,0
ALFARO_RUIZ,0.102,0,1.386,0.036
ALVARADO,0.003,0,0.057,0.093
ASERRI,0,0,0,0
ATENAS,0,0,0,0
BAGACES,0,0,0,0
BARVA,0,0,0,0
BELEN,0,0,0,0
BUENOS_AIRES,0,0,0,0
CANAS,0,0,0,0
CARRILLO,0,0,0,0
CARTAGO,0,0,0,0
CD._QUESADA,20.912,2.752,1.504,0.176
CORREDORES,0,0,0,0
COTO_BRUS,0,0,0.192,0
CURRIDABAT,0,0,0,0
DESAMPARADOS,0,0,0,0
DOTA,0,0,0,0
EL_GUARCO,0,0,0,0
ESPARZA,0,0,0,0
ESCAZU,0,0,0,0
FLORES,0,0,0,0
GARABITO,0,0,0,0
GOICOECHEA,0.021,0,0.027,0.048
GOLFITO,0,0,0,0
GRECIA,0,0,0,0
GUACIMO,0,1.698,0.483,2.466
GUAPILES,0.24,3.256,3.024,4.432
GUATUSO,0.951,0.606,0.126,0.885
HEREDIA,2.12,1.872,9.608,3.992
HOJANCHA,0,0,0,0
JIMENEZ,0,0,0,0.132
LA_CRUZ,0,0,0,0
LA_UNION,0,0,0,0
LEON_CORTEZ,0,0,0,0
LIBERIA,0,0,0,0
LIMON,0.016,4.896,1.6,7.088
LOS_CHILES,9.752,4.696,1.096,0.832
MATINA,0.03,1.527,1.119,4.752
MONTES_DE_OCA,0,0,0,0
MONTES_DE_ORO,0,0,0,0
MORA,0,0,0,0
MORAVIA,0.078,0,0.105,0.171
NANDAYURE,0,0,0,0
NARANJO,0,0,0,0
NICOYA,0,0,0,0
OREAMUNO,0.036,0,0.069,0.033
OROTINA,0,0,0,0
OSA,0,0,0,0
PALMARES,0,0,0,0
PARAISO,0,0,0,0
PARRITA,0,0,0,0
PAVAS,0,0,0,0
PEREZ_ZELEDON,0,0,3.675,0.012
POAS,0,0,0,0
POCOCI,0.096,0.9,0.99,1.842
PTO_VIEJO,6.952,3.36,4.096,1.176
PUNTARENAS,0,0,0,0
PURISCAL,0,0,0,0
QUEPOS,0,0,0,0
SAN_CARLOS,0.015,0.027,1.365,0.012
SAN_ISIDRO,0,0,9.8,0.032
SAN_JOSE,0.036,0,0.234,0.222
SAN_MARCOS,0,0,0,0
SAN_MATEO,0,0,0,0
SAN_PABLO,0,0,0,0
SAN_RAFAEL,0,0,0,0
SAN_RAMON,0,0,0,0
SANTA_ANA,0,0,0,0
SANTA_BARBARA,0,0,0,0
SANTA_CRUZ,0,0,0,0
SANTO_DOMINGO,0.012,0,0.069,0.015
SARAPIQUI,6.952,3.36,4.096,1.176
SIQUIRRES,0,0.777,0.249,3.471
SIXAOLA,0.784,0.352,0,1.576
TALAMANCA,0,0.984,0,0.756
TARRAZU,0,0,0,0.018
TIBAS,0,0,0,0
TILARAN,0.696,0.033,1.407,0.252
TORTUGUERO,1.255,3.995,11.355,0.495
TURRIALBA,0,0,0.232,0.888
TURRUBARES,0,0,0,0
UPALA,4.76,8.752,2.432,3.616
VALVERDE_VEGA,0,0,0,0
VAZQUEZ,0.012,0,0.492,1.812
