ALAJUELA,0,0,0,0
ABANGARES,0,0,0,0
ACOSTA,0,0,0,0
AGUIRRE,0.219,4.464,0.114,0.0006
ALAJUELITA,0,0,0.045,0
ALFARO_RUIZ,0,0,0.561,0.2034
ALVARADO,0,0,0.003,0
ASERRI,0,0,0,0
ATENAS,0,0,0.156,0
BAGACES,0,0,0,0
BARVA,0,0,0,0
BELEN,0,0,0,0
BUENOS_AIRES,0.069,0.014,3.217,1.266
CANAS,0,0,0,0
CARRILLO,0,0,0,0
CARTAGO,0,0,0,0
CD._QUESADA,0,0.048,0,0
CORREDORES,0.066,0,0.219,0.009
COTO_BRUS,0.224,0,8.664,0.008
CURRIDABAT,0,0,0.048,0.006
DESAMPARADOS,0,0,0.003,0
DOTA,0,0,0,0.0018
EL_GUARCO,0,0,0,0
ESPARZA,0,0,0.018,0.006
ESCAZU,0,0,0.235,0.039
FLORES,0,0,0,0
GARABITO,2.112,4.773,0.147,0
GOICOECHEA,0.012,0,0.201,0.2412
GOLFITO,1.744,1.584,6.472,0.2144
GRECIA,0,0,0.003,0
GUACIMO,0,0,0.033,0.1392
GUAPILES,0.016,0,0.336,0.208
GUATUSO,0.021,0.078,0,0.0618
HEREDIA,0.12,0,1.112,1.4416
HOJANCHA,0,0,0.096,0.009
JIMENEZ,0,0,0.036,0
LA_CRUZ,0,0,0.075,0
LA_UNION,0,0,0,0
LEON_CORTEZ,0,0,0.015,2.3604
LIBERIA,0,0,0,0
LIMON,0.048,0.152,0.072,0
LOS_CHILES,0,0,0,0
MATINA,0.018,0.075,0,0.0174
MONTES_DE_OCA,0,0,0.063,0.009
MONTES_DE_ORO,0,0,0.15,0
MORA,0,0,0,0
MORAVIA,0.045,0,0.456,0.6942
NANDAYURE,0.027,0,0.198,0.003
NARANJO,0,0,0.051,0.045
NICOYA,0,0,0.44,0.096
OREAMUNO,0,0,0,0
OROTINA,0,0,0.153,0
OSA,0.126,0.108,1.641,0.1668
PALMARES,0,0,0.006,0
PARAISO,0,0,0,0
PARRITA,2.136,4.869,0.48,0.027
PAVAS,0,0,0,0
PEREZ_ZELEDON,0,0,2.742,1.086
POAS,0,0,0,0
POCOCI,0,0,0.192,0.084
PTO_VIEJO,0.608,0.48,0.032,0.6848
PUNTARENAS,0,0,0,0
PURISCAL,0,0,0.192,0.318
QUEPOS,0.105,4.21,0.25,0.026
SAN_CARLOS,0.027,0.045,0,0
SAN_ISIDRO,0,0,7.312,2.896
SAN_JOSE,0,0,0.012,0
SAN_MARCOS,0,0,0.04,1.384
SAN_MATEO,0,0,0.261,0
SAN_PABLO,0,0,0,0
SAN_RAFAEL,0,0,0,0
SAN_RAMON,0,0,0.152,0.008
SANTA_ANA,0,0,0,0
SANTA_BARBARA,0,0,0,0
SANTA_CRUZ,0,0,0,0
SANTO_DOMINGO,0,0,0,0
SARAPIQUI,0.608,0.48,0.032,0.6848
SIQUIRRES,0,0,0.006,0.054
SIXAOLA,1.272,0.176,0,0.072
TALAMANCA,1.674,0.918,0,0.2094
TARRAZU,0,0,0.084,0.774
TIBAS,0.003,0,0.012,0
TILARAN,0,0,0,0.1602
TORTUGUERO,0.04,0.12,0,0.011
TURRIALBA,0.088,0,0.536,0.8288
TURRUBARES,0,0.003,0,0
UPALA,0,0,0,0
VALVERDE_VEGA,0,0,0.024,0
VAZQUEZ,0.012,0,2.28,2.154
