ALAJUELA,0,0,0,0.03
ABANGARES,0.0072,0,0,0
ACOSTA,0,0,0,0
AGUIRRE,0.0324,0.021,0,0
ALAJUELITA,0,0,0.369,2.8791
ALFARO_RUIZ,1.4925,0.9474,0.576,0.003
ALVARADO,0,0.4398,0,0
ASERRI,0,0,0.018,0.066
ATENAS,0,0,0,0
BAGACES,0,0,0,0
BARVA,0,0,0,0
BELEN,0,0,0,0
BUENOS_AIRES,0.839,0.1132,2.024,0.718
CANAS,0,0,0,0
CARRILLO,0,0,0,0
CARTAGO,0,0.7644,0,0
CD._QUESADA,0.016,0.0752,0.744,2.5248
CORREDORES,0.1854,0.0114,0.075,0.918
COTO_BRUS,0.0192,0.0256,3.688,1.0576
CURRIDABAT,0,0,0.885,5.0772
DESAMPARADOS,0.0117,0,0.399,3.2829
DOTA,0,0,0.009,0.015
EL_GUARCO,0,0.2208,0,0
ESPARZA,0,0,0.003,0
ESCAZU,0,0,0,0
FLORES,0,0,0,0
GARABITO,0,0,5.157,0
GOICOECHEA,0,0.0474,1.005,0.7941
GOLFITO,0,0.0016,0.048,0.3976
GRECIA,0,0,0.036,0.063
GUACIMO,0.0555,1.9074,0.048,0.9723
GUAPILES,0.0688,4.512,0.096,2.0856
GUATUSO,0.336,0.0558,0.036,1.7391
HEREDIA,10.2736,0.7696,0.632,1.516
HOJANCHA,0,0,0,0
JIMENEZ,0.0528,0.3582,0.057,0
LA_CRUZ,0,0,0,0
LA_UNION,0,0.0072,0,0.5916
LEON_CORTEZ,0,0,0.006,2.1735
LIBERIA,0,0,0,0
LIMON,0.008,36.0032,0,0
LOS_CHILES,0.648,2.936,0,0.5008
MATINA,0,3.732,0,0.021
MONTES_DE_OCA,0,0.0036,0.396,2.4897
MONTES_DE_ORO,0,0,0,0
MORA,0,0,0,0
MORAVIA,0,0.1512,2.151,0.09
NANDAYURE,0,0,0,0
NARANJO,0,0,0.039,0.09
NICOYA,0,0,0,0
OREAMUNO,0,0.4362,0,0.06
OROTINA,0,0,0,0
OSA,0.0321,0.0072,0.39,0.006
PALMARES,0,0,0.006,0.024
PARAISO,0.009,0.1212,0,0
PARRITA,0.0204,0.006,0.087,0
PAVAS,0,0,0,0.005
PEREZ_ZELEDON,0.5685,0.006,13.353,3.684
POAS,0,0,0,0.141
POCOCI,0.0255,1.6578,0.015,0.7179
PTO_VIEJO,6.2144,1.9104,2.648,5.7392
PUNTARENAS,0,0,0.033,0
PURISCAL,0,0,0.15,0.087
QUEPOS,0.0255,0,0,0
SAN_CARLOS,0.3753,0.0396,0.552,1.0044
SAN_ISIDRO,1.516,0.016,35.608,9.824
SAN_JOSE,0,0.8736,0,0
SAN_MARCOS,0,0,0.015,2.3605
SAN_MATEO,0,0,0,0
SAN_PABLO,0,0,0,0
SAN_RAFAEL,0.4005,0.4854,0.003,0
SAN_RAMON,0,0,0.04,0.4992
SANTA_ANA,0,0,0.399,0.078
SANTA_BARBARA,0,0,0,0
SANTA_CRUZ,0,0,0,0
SANTO_DOMINGO,0,0,0,0
SARAPIQUI,6.2144,1.9104,2.648,5.7392
SIQUIRRES,0,2.2656,0.081,0.0696
SIXAOLA,0,6.9552,0,0
TALAMANCA,0,14.1042,0,0
TARRAZU,0,0,0.063,0.2208
TIBAS,0,0,0.129,0.006
TILARAN,0.1179,0.1314,0.435,0.1482
TORTUGUERO,1.5015,0.067,0.705,12.2985
TURRIALBA,0.2968,1.0752,1.392,0.0008
TURRUBARES,0,0,0,0
UPALA,0.008,7.464,0,0.152
VALVERDE_VEGA,0,0,0.003,0.066
VAZQUEZ,0,0.8748,2.304,0.498
