ALAJUELA,0,0,0,0
ABANGARES,0,0,0,0
ACOSTA,0,0,0,0
AGUIRRE,0,0,0,0
ALAJUELITA,0,0,0,0
ALFARO_RUIZ,0,0,0,0
ALVARADO,0,0,0,0
ASERRI,0,0,0,0
ATENAS,0,0,0,0
BAGACES,0,0,0,0
BARVA,0,0,0,0
BELEN,0,0,0,0
BUENOS_AIRES,0,0,0,0
CANAS,0,0,0,0
CARRILLO,0,0,0,0
CARTAGO,0,0,0,0
CD._QUESADA,0.544,0.0008,0.2,0
CORREDORES,0.036,0.0039,0.018,0
COTO_BRUS,0.016,0,5.952,0
CURRIDABAT,0,0,0,0
DESAMPARADOS,0,0,0,0
DOTA,0,0,0,0
EL_GUARCO,0,0,0,0
ESPARZA,0,0,0,0
ESCAZU,0,0,0,0
FLORES,0,0,0,0
GARABITO,0,0,0.033,0
GOICOECHEA,0,0,0,0
GOLFITO,0,0,0,0
GRECIA,0,0,0,0
GUACIMO,0.099,0,0,0
GUAPILES,0.016,0,0,0
GUATUSO,0.699,0.8919,0,0
HEREDIA,0,0,0,0.008
HOJANCHA,0,0,0,0
JIMENEZ,0,0,0,0
LA_CRUZ,0,0,0,0
LA_UNION,0,0,0,0
LEON_CORTEZ,0,0,0,0.075
LIBERIA,0,0,0,0
LIMON,0.096,0,0,0.056
LOS_CHILES,1.152,9.308,0.24,0
MATINA,0,0,0,0
MONTES_DE_OCA,0,0,0,0
MONTES_DE_ORO,0,0,0,0
MORA,0,0,0,0
MORAVIA,0,0,0,0
NANDAYURE,0,0,0,0
NARANJO,0,0,0,0
NICOYA,0,0,0,0
OREAMUNO,0,0,0,0
OROTINA,0,0,0,0
OSA,0,0,0,0
PALMARES,0,0,0,0
PARAISO,0,0,0,0
PARRITA,0,0,0,0
PAVAS,0,0,0,0
PEREZ_ZELEDON,0.054,0.0006,0.156,0
POAS,0,0,0,0
POCOCI,0,0,0,0
PTO_VIEJO,0.224,0,0,0.984
PUNTARENAS,0,0,0,0
PURISCAL,0,0,0,0
QUEPOS,0,0,0,0
SAN_CARLOS,0,0,0,0
SAN_ISIDRO,0.144,0.0016,0.416,0
SAN_JOSE,0,0,0,0
SAN_MARCOS,0,0,0,0.045
SAN_MATEO,0,0,0,0
SAN_PABLO,0,0,0,0
SAN_RAFAEL,0,0,0,0
SAN_RAMON,0,0,0,0
SANTA_ANA,0,0,0,0
SANTA_BARBARA,0,0,0,0
SANTA_CRUZ,0,0,0,0
SANTO_DOMINGO,0,0,0,0
SARAPIQUI,0.224,0,0,0.984
SIQUIRRES,0,0,0,0.105
SIXAOLA,0,0,0,0.184
TALAMANCA,0,0,0,0.042
TARRAZU,0,0,0,0.042
TIBAS,0,0,0,0
TILARAN,0,0,0,0
TORTUGUERO,0.085,0.0415,0.075,0
TURRIALBA,0,0,0,0
TURRUBARES,0,0,0,0
UPALA,0.608,6.5128,0,0
VALVERDE_VEGA,0,0,0,0
VAZQUEZ,0,0,0.555,0.987
