ALAJUELA,0,0,0.31,3.166
ABANGARES,0,0,0.087,1.611
ACOSTA,0,0,3.039,1.551
AGUIRRE,5.274,0,16.653,0.06
ALAJUELITA,0,0,6.39,6.273
ALFARO_RUIZ,0,0,0.75,5.082
ALVARADO,0,0,0.288,0.207
ASERRI,0,0,3.408,15.498
ATENAS,0,0,0.252,0.213
BAGACES,0,0,3.891,0
BARVA,0,0,0.042,1.092
BELEN,0,0,0.579,2.772
BUENOS_AIRES,0,0,8.768,32.077
CANAS,0,0,0.056,0
CARRILLO,0,0,0.486,0
CARTAGO,0,0,0.264,0.696
CD._QUESADA,0,0,0,0
CORREDORES,0.642,0.039,2.712,2.349
COTO_BRUS,0,0,6.424,48.384
CURRIDABAT,0,0,8.148,11.364
DESAMPARADOS,0,0,6.078,8.289
DOTA,0,0,1.314,22.671
EL_GUARCO,0,0,0.027,0.126
ESPARZA,0,0,10.551,11.163
ESCAZU,0,0,2.43,0.633
FLORES,0,0,0.141,2.016
GARABITO,1.635,2.781,2.583,2.118
GOICOECHEA,0.018,0.003,9.417,15.12
GOLFITO,8.792,1.168,39.312,9.024
GRECIA,0,0,0.567,3.177
GUACIMO,0,0,0,0.501
GUAPILES,0,0,0,1.28
GUATUSO,0.009,0,11.994,0.333
HEREDIA,0,0,0.888,0.296
HOJANCHA,0,0,1.716,0.057
JIMENEZ,0,0,1.569,0.438
LA_CRUZ,0,0,0.009,0.18
LA_UNION,0,0,0.336,4.191
LEON_CORTEZ,0,0,1.407,5.4
LIBERIA,0,0,24.304,0
LIMON,0,0,0,5.12
LOS_CHILES,0,0.448,0.696,1.136
MATINA,0,0,0,0.591
MONTES_DE_OCA,0,0,10.107,12.276
MONTES_DE_ORO,0,0,2.253,2.361
MORA,0,0,7.038,5.634
MORAVIA,0.057,0.018,6.909,16.272
NANDAYURE,0.003,0,6.675,0
NARANJO,0,0,0.252,2.421
NICOYA,0,0,0.552,0
OREAMUNO,0,0,0.288,0.498
OROTINA,0.072,0,0.978,9.387
OSA,0.489,0,21.78,12.552
PALMARES,0,0,1.128,5.025
PARAISO,0,0,0.003,0.462
PARRITA,17.997,5.157,7.752,0.78
PAVAS,0,0,7.685,13.48
PEREZ_ZELEDON,0,0,5.454,3.954
POAS,0,0,0.453,5.082
POCOCI,0,0,0.006,0.459
PTO_VIEJO,0,0,0,2.496
PUNTARENAS,0.011,0,46.497,2.871
PURISCAL,0.003,0,4.296,14.838
QUEPOS,5.425,0,29.9,0.15
SAN_CARLOS,0,0,0.06,0.591
SAN_ISIDRO,0,0,14.544,10.544
SAN_JOSE,0,0,0.276,0.198
SAN_MARCOS,0,0,3.045,17.46
SAN_MATEO,0,0,0.513,8.34
SAN_PABLO,0,0,0.096,2.787
SAN_RAFAEL,0,0,0.084,1.203
SAN_RAMON,0.008,0,2.848,14.928
SANTA_ANA,0,0,5.967,5.103
SANTA_BARBARA,0,0,0.072,0.189
SANTA_CRUZ,0,0,0.872,0.416
SANTO_DOMINGO,0,0,0.588,6.123
SARAPIQUI,0,0,0,2.496
SIQUIRRES,0,0,0,0.303
SIXAOLA,0,0,0,0
TALAMANCA,0,0,0,1.569
TARRAZU,0,0,1.5,11.775
TIBAS,0.003,0,5.205,14.061
TILARAN,0.831,0.093,0.324,0.21
TORTUGUERO,0,0,0,0.02
TURRIALBA,0,0,2.544,2.024
TURRUBARES,0,0,9.519,1.149
UPALA,0.008,0.056,0.664,0.312
VALVERDE_VEGA,0,0,0.408,2.214
VAZQUEZ,0.258,0.048,4.428,21.048
