ALAJUELA,0,0,0,0
ABANGARES,0,0,0,0
ACOSTA,0.009,0,0.006,0
AGUIRRE,0.009,0,0.015,0.003
ALAJUELITA,0.006,0,0.204,0.018
ALFARO_RUIZ,0.012,0,1.149,0.168
ALVARADO,0,0,0.009,0
ASERRI,0,0,0,0
ATENAS,0,0,0.153,0
BAGACES,0,0,0,0
BARVA,0,0,0.027,0
BELEN,0,0,0.003,0
BUENOS_AIRES,1.935,5.976,1.099,0
CANAS,0,0,0,0
CARRILLO,0,0,0,0
CARTAGO,0,0,0,0.006
CD._QUESADA,10.776,24.288,0,0
CORREDORES,0.945,0.276,0.306,0.084
COTO_BRUS,0,0.008,0.016,0.12
CURRIDABAT,0.003,0,0.279,0.201
DESAMPARADOS,0.006,0,0.168,0.063
DOTA,0,0,0.708,1.767
EL_GUARCO,0,0,0.03,0
ESPARZA,0,0,0,0
ESCAZU,0,0,0.04,0
FLORES,0,0,0,0
GARABITO,0.198,0,0.471,0.066
GOICOECHEA,0.03,0,0.276,0.117
GOLFITO,9.128,50.792,0.32,1.808
GRECIA,0,0,0,0
GUACIMO,0,0.009,0,0
GUAPILES,0,0.024,0.016,0
GUATUSO,0,0.501,0,0
HEREDIA,0,0.16,0.232,0.096
HOJANCHA,0,0,0,0
JIMENEZ,0,0,0.399,0
LA_CRUZ,0,0,0,0
LA_UNION,0,0,0,0
LEON_CORTEZ,0.003,0,9.393,2.889
LIBERIA,0,0,0,0
LIMON,0,0,0,0
LOS_CHILES,0,0.032,0,0
MATINA,0,0,0,0
MONTES_DE_OCA,0.027,0,0.141,0.099
MONTES_DE_ORO,0.003,0,0,0
MORA,0,0,0,0
MORAVIA,0.039,0,0.417,0.231
NANDAYURE,0,0,0,0
NARANJO,0,0,0,0
NICOYA,0,0,0.632,0
OREAMUNO,0,0,0,0.006
OROTINA,0,0,0.264,0
OSA,0,0,0.816,0.189
PALMARES,0,0,0.015,0
PARAISO,0,0,0.003,0
PARRITA,0.078,0.012,0.033,0
PAVAS,0,0,0.005,0
PEREZ_ZELEDON,0.234,0.009,0.954,0.108
POAS,0,0,0.009,0
POCOCI,0,0.003,0.021,0
PTO_VIEJO,0,3.888,0,0
PUNTARENAS,0,0,0,0
PURISCAL,0,0,0.972,0.033
QUEPOS,0.01,0,0.135,0.005
SAN_CARLOS,0,0,0,0
SAN_ISIDRO,0.624,0.024,2.544,0.288
SAN_JOSE,0,0,0,0
SAN_MARCOS,0.015,0,21.19,5.805
SAN_MATEO,0,0,0.21,0
SAN_PABLO,0,0,0,0
SAN_RAFAEL,0.003,0,0.453,0
SAN_RAMON,0.032,0,0.032,0
SANTA_ANA,0,0,0,0
SANTA_BARBARA,0,0,0.003,0
SANTA_CRUZ,0,0,0,0
SANTO_DOMINGO,0,0,0.006,0
SARAPIQUI,0,3.888,0,0
SIQUIRRES,0,0,0,0
SIXAOLA,0,0,0,0
TALAMANCA,0,0,0,0
TARRAZU,0.03,0,4.149,2.307
TIBAS,0.018,0,0.147,0
TILARAN,0,0,0,0
TORTUGUERO,3.95,22.915,0,0
TURRIALBA,0.032,0,0.848,0.096
TURRUBARES,0,0,0,0
UPALA,0,0.104,0,0
VALVERDE_VEGA,0,0,0,0
VAZQUEZ,0.618,0,1.203,0.615
