ALAJUELA,0.0354,0.005,0.032,0
ABANGARES,2.9691,0.5076,0.057,0
ACOSTA,0.2187,0,0.081,0
AGUIRRE,0.003,0,0,0
ALAJUELITA,0,0,0,0
ALFARO_RUIZ,0,0,0,0
ALVARADO,0,0,1.446,2.0514
ASERRI,0,0,0.3,0.12
ATENAS,0.5553,0.0276,0,0
BAGACES,0.0246,0,0.096,0
BARVA,0.0081,0.003,0.156,0
BELEN,0.0204,0.003,0.006,0
BUENOS_AIRES,0.0048,0.6896,0,0
CANAS,0.2784,0.1968,0.104,0
CARRILLO,0,0,0,0
CARTAGO,0,0,0.276,0
CD._QUESADA,0,0,0,0
CORREDORES,0.0234,0,1.635,0.285
COTO_BRUS,0,0,0.104,0.9496
CURRIDABAT,0,0,0.006,0
DESAMPARADOS,0,0,0,0
DOTA,0,0,0.048,0.054
EL_GUARCO,0,0,0.297,0.033
ESPARZA,0.6057,3.5466,0,0
ESCAZU,0.0546,0.0132,0,0
FLORES,0.009,0.003,0.021,0
GARABITO,0.0357,0,0,0
GOICOECHEA,0,0,0.003,0
GOLFITO,0,0,0,0.0112
GRECIA,0.0873,0,0.006,0
GUACIMO,0,0,0,0
GUAPILES,0,0,0.216,0.208
GUATUSO,0,0,0,0
HEREDIA,0.008,0,1.52,1.7808
HOJANCHA,0,0,0,0
JIMENEZ,0,0,0.885,0.4359
LA_CRUZ,0,0,0,0
LA_UNION,0,0,0.018,0.006
LEON_CORTEZ,0,0,0.234,0.333
LIBERIA,0,0,0,0
LIMON,0,0,0,0
LOS_CHILES,0,0,0,0
MATINA,0,0,0,0
MONTES_DE_OCA,0,0,0,0
MONTES_DE_ORO,0.7818,2.1978,0,0
MORA,0.006,0,0,0.096
MORAVIA,0,0,0.003,0.003
NANDAYURE,0,0,0,0
NARANJO,0.0837,0,0,0
NICOYA,0,0,0,0
OREAMUNO,0,0,0.189,0.024
OROTINA,0,0.0876,0,0
OSA,0,0,0,0
PALMARES,0.1269,0,0.006,0.003
PARAISO,0,0,0.276,0.012
PARRITA,0.2334,0.1224,0,0
PAVAS,0.0265,0,0.05,0
PEREZ_ZELEDON,0,0,0,0
POAS,0.0036,0,0.045,0
POCOCI,0,0,0.177,0.111
PTO_VIEJO,0,0,0.008,0
PUNTARENAS,0.2024,0,0,0
PURISCAL,0.0009,0,0,0
QUEPOS,0.008,0,0,0
SAN_CARLOS,0,0.0036,0,0.0156
SAN_ISIDRO,0,0,0,0
SAN_JOSE,0,0,3.636,7.0626
SAN_MARCOS,0,0,0.695,0.705
SAN_MATEO,0.0042,0.003,0,0
SAN_PABLO,0,0,0.183,0
SAN_RAFAEL,0,0,0.21,0
SAN_RAMON,0.012,0.008,0.152,0.008
SANTA_ANA,0,0,0.003,0.012
SANTA_BARBARA,0.0036,0,0.195,0.027
SANTA_CRUZ,0,0,0,0
SANTO_DOMINGO,0,0,0.066,0.006
SARAPIQUI,0,0,0.008,0
SIQUIRRES,0,0,0.003,0.0015
SIXAOLA,0,0,0,0
TALAMANCA,0,0,0,0
TARRAZU,0,0,1.02,0.3
TIBAS,0,0,0,0
TILARAN,0.1431,0.1392,0.042,0
TORTUGUERO,0,0.007,0,0.0005
TURRIALBA,0,0,0.4,0.512
TURRUBARES,0,0,0,0
UPALA,0,0,0,0
VALVERDE_VEGA,0.0609,0,0,0
VAZQUEZ,0,0,0.03,0
