ALAJUELA,0,0,0.024,0
ABANGARES,0,0,0,0
ACOSTA,0,0,0,0
AGUIRRE,0,0,0,0
ALAJUELITA,0.006,0,0.564,0.015
ALFARO_RUIZ,0.003,0,1.203,0
ALVARADO,0,0,0.126,0
ASERRI,0,0,0.006,0
ATENAS,0,0,0,0
BAGACES,0,0,0,0
BARVA,0.003,0,0.015,0
BELEN,0,0,0.003,0
BUENOS_AIRES,0.113,0.0776,0.4,0
CANAS,0,0,0,0
CARRILLO,0,0,0,0
CARTAGO,0,0,0,0
CD._QUESADA,0.312,0.0936,0,0
CORREDORES,0.555,0.018,0.135,0.003
COTO_BRUS,0,0,0.104,0
CURRIDABAT,0.039,0,0.651,0.048
DESAMPARADOS,0,0,0.411,0.021
DOTA,0,0,3.648,0.483
EL_GUARCO,0.018,0,0,0
ESPARZA,0,0,0,0
ESCAZU,0,0,0.018,0
FLORES,0,0,0,0
GARABITO,0.078,0.045,0.564,0.843
GOICOECHEA,0.255,0.003,1.56,0.201
GOLFITO,0.376,0.1072,0.264,0
GRECIA,0,0,0,0
GUACIMO,0,0,0,0.003
GUAPILES,0,0,0.08,0.008
GUATUSO,0,0,0,0
HEREDIA,0,0,0.68,0.28
HOJANCHA,0,0,0,0
JIMENEZ,0.042,0,0.207,0.012
LA_CRUZ,0,0,0,0
LA_UNION,0,0,0,0
LEON_CORTEZ,0.021,0,1.035,0.738
LIBERIA,0,0,0,0
LIMON,0,0,0,0
LOS_CHILES,0.528,0,0,0.072
MATINA,0,0,0,0
MONTES_DE_OCA,0.015,0,0.918,0.141
MONTES_DE_ORO,0,0,0,0
MORA,0,0,0,0
MORAVIA,0.714,0.012,2.652,0.345
NANDAYURE,0,0,0,0
NARANJO,0,0,0,0
NICOYA,0,0,0,0
OREAMUNO,0,0,0,0
OROTINA,0,0,0,0
OSA,0,0,0.033,0.099
PALMARES,0,0,0,0
PARAISO,0,0,0,0
PARRITA,0.141,0,0.09,0
PAVAS,0.005,0,0.095,0
PEREZ_ZELEDON,0.015,0,0.363,1.128
POAS,0,0,0.003,0
POCOCI,0,0,0.099,0.069
PTO_VIEJO,0,0,0,0
PUNTARENAS,0,0,0,0
PURISCAL,0,0,0.468,0.213
QUEPOS,0,0,0,0
SAN_CARLOS,0,0.027,2.307,0.381
SAN_ISIDRO,0.04,0,0.968,3.008
SAN_JOSE,0,0,0.042,0
SAN_MARCOS,0.075,0,4.515,0.705
SAN_MATEO,0,0,0,0
SAN_PABLO,0.015,0,0.102,0
SAN_RAFAEL,0.009,0,0.057,0
SAN_RAMON,0,0,0,0
SANTA_ANA,0.246,0,0.369,0
SANTA_BARBARA,0,0,0.036,0
SANTA_CRUZ,0,0,0,0
SANTO_DOMINGO,0.012,0,0.3,0
SARAPIQUI,0,0,0,0
SIQUIRRES,0,0,0,0
SIXAOLA,0,0,0,0
TALAMANCA,0,0,0,0
TARRAZU,0.075,0,6.396,0.501
TIBAS,0.027,0,1.527,0.078
TILARAN,0,0,0,0
TORTUGUERO,0.255,0,0,0
TURRIALBA,0.016,0,1.464,0.568
TURRUBARES,0,0,0,0
UPALA,0.008,0,0,0.04
VALVERDE_VEGA,0,0,0,0
VAZQUEZ,0.462,0.006,4.272,1.188
