ALAJUELA,0,0,0,0
ABANGARES,0,0,0,0
ACOSTA,0,0,0,0
AGUIRRE,0,0,0,0
ALAJUELITA,0,0,0.0162,0
ALFARO_RUIZ,0,0,0.0498,0
ALVARADO,0,0.09,0,0
ASERRI,0,0,0,0
ATENAS,0,0,0,0
BAGACES,0,0,0,0
BARVA,0,0,0,0
BELEN,0,0,0,0
BUENOS_AIRES,0,0,0.895,0
CANAS,0,0,0,0
CARRILLO,0,0,0,0
CARTAGO,0,0,0,0
CD._QUESADA,1.552,0.04,0.2904,0
CORREDORES,0.012,0.006,0.2841,0.042
COTO_BRUS,0.032,0,2.7832,0.264
CURRIDABAT,0,0,0.0054,0
DESAMPARADOS,0,0,0,0
DOTA,0,0,0.642,2.601
EL_GUARCO,0,0,0,0
ESPARZA,0,0,0,0
ESCAZU,0,0,0,0
FLORES,0,0,0,0
GARABITO,0.306,0,0.138,0.078
GOICOECHEA,0.009,0,0.2508,0
GOLFITO,0,0,1.0248,3.312
GRECIA,0,0,0,0
GUACIMO,0.78,0.852,0,0
GUAPILES,1.2,1.696,0,0
GUATUSO,1.383,0.003,0.012,0
HEREDIA,0.264,1.368,0.1224,0
HOJANCHA,0,0,0,0
JIMENEZ,0,0.045,0.0015,0
LA_CRUZ,0,0,0,0
LA_UNION,0,0,0,0
LEON_CORTEZ,0,0,0.3711,1.068
LIBERIA,0,0,0,0
LIMON,0.624,0.056,0,0
LOS_CHILES,0.472,0.264,0,0.336
MATINA,1.437,0.573,0,0
MONTES_DE_OCA,0,0,0.1023,0
MONTES_DE_ORO,0,0,0,0
MORA,0,0,0,0
MORAVIA,0.024,0,0.1926,0
NANDAYURE,0,0,0,0
NARANJO,0,0,0,0
NICOYA,0,0,0,0
OREAMUNO,0,0.081,0,0
OROTINA,0,0,0,0
OSA,0.003,0,0.6198,0.237
PALMARES,0,0,0,0
PARAISO,0,0,0,0
PARRITA,0,0,0.0222,0
PAVAS,0,0,0,0
PEREZ_ZELEDON,0.21,0,2.3829,2.622
POAS,0,0,0,0
POCOCI,0.246,0.579,0.0099,0
PTO_VIEJO,3.936,0.752,0,0
PUNTARENAS,0,0,0,0
PURISCAL,0,0,0.105,0
QUEPOS,0,0,0,0
SAN_CARLOS,0,0.081,0.2166,0
SAN_ISIDRO,0.56,0,6.3544,6.992
SAN_JOSE,0,0.306,0,0
SAN_MARCOS,0,0,2.0445,5.74
SAN_MATEO,0,0,0,0
SAN_PABLO,0,0,0.0519,0
SAN_RAFAEL,0,0,0.0765,0
SAN_RAMON,0,0,0,0
SANTA_ANA,0,0,0,0
SANTA_BARBARA,0,0,0,0
SANTA_CRUZ,0,0,0,0
SANTO_DOMINGO,0,0,0.0153,0
SARAPIQUI,3.936,0.752,0,0
SIQUIRRES,0.87,0.258,0,0
SIXAOLA,0.016,0.216,0,0
TALAMANCA,0,0.195,0,0
TARRAZU,0,0,2.325,9.321
TIBAS,0,0,0.0012,0
TILARAN,0.306,0.222,0.1338,0
TORTUGUERO,3.075,2.205,0,0
TURRIALBA,0.024,0.448,0.4784,0
TURRUBARES,0,0,0,0
UPALA,1.688,1.024,0.0168,0.104
VALVERDE_VEGA,0,0,0,0
VAZQUEZ,0.006,0.054,5.5506,0
