ALAJUELA,0,0,0.393,0.058
ABANGARES,0,0,0.723,0.315
ACOSTA,0,0,0.978,0.444
AGUIRRE,3.207,0.282,0.228,0.765
ALAJUELITA,0,0,0.294,0.108
ALFARO_RUIZ,0,0,0.918,0.756
ALVARADO,0,0,0,0
ASERRI,0,0,1.008,0.216
ATENAS,0.003,0,0.099,0
BAGACES,0,0,0,0
BARVA,0,0,0,0.012
BELEN,0,0,0.033,0.03
BUENOS_AIRES,1.184,0.572,10.34,23.071
CANAS,0,0,0,0.032
CARRILLO,0,0,0.117,0.141
CARTAGO,0,0,0,0
CD._QUESADA,0.008,0.536,0,0
CORREDORES,0.015,0,6.123,1.116
COTO_BRUS,0.016,0,7.312,2.256
CURRIDABAT,0,0,0.381,0.024
DESAMPARADOS,0,0,0.198,0.18
DOTA,0.006,0,1.203,12.27
EL_GUARCO,0,0,0,0
ESPARZA,0.003,0,1.248,0.84
ESCAZU,0,0,0.1,0.405
FLORES,0,0,0,0.006
GARABITO,14.184,10.251,1.521,13.581
GOICOECHEA,0.219,0.018,1.2,0.63
GOLFITO,0.224,0,17.712,0.296
GRECIA,0.042,0,1.563,0
GUACIMO,0,0,0,0
GUAPILES,0,0,0.008,0.032
GUATUSO,0.711,7.776,0,0.396
HEREDIA,0.928,0,0.424,1.744
HOJANCHA,0,0,6.678,4.557
JIMENEZ,0,0,0,0
LA_CRUZ,0,0,2.58,0.162
LA_UNION,0,0,0,0
LEON_CORTEZ,0.006,0,0.561,13.851
LIBERIA,0,0,0,0
LIMON,0,0,0,0
LOS_CHILES,0,0,0,0
MATINA,0.036,0.78,0,0
MONTES_DE_OCA,0.009,0,0.954,0.144
MONTES_DE_ORO,0,0,3.15,4.161
MORA,0,0,0.048,0.048
MORAVIA,0.675,0.054,1.404,1.377
NANDAYURE,0,0,14.64,0.552
NARANJO,0,0,1.719,0
NICOYA,0.024,0,9.864,3.408
OREAMUNO,0,0,0,0
OROTINA,0,0,0.156,0.162
OSA,0.021,0,1.377,0.444
PALMARES,0,0,0.408,0
PARAISO,0,0,0,0
PARRITA,1.008,0.66,0.417,0.582
PAVAS,0,0,0.035,0.365
PEREZ_ZELEDON,0.018,0,1.908,7.287
POAS,0,0,2.538,0
POCOCI,0,0,0.006,0.018
PTO_VIEJO,0.808,0.408,0,0.024
PUNTARENAS,0.011,0.11,28.27,3.597
PURISCAL,0,0,0.183,0.354
QUEPOS,5.295,0.73,0.32,1.315
SAN_CARLOS,0,0,0.177,0.165
SAN_ISIDRO,0.048,0,5.088,19.432
SAN_JOSE,0,0,0,0
SAN_MARCOS,0,0,0.54,24.01
SAN_MATEO,0,0,0.33,0.231
SAN_PABLO,0,0,0.054,0.378
SAN_RAFAEL,0.015,0,0.078,0.363
SAN_RAMON,0.016,0,2.184,0.08
SANTA_ANA,0,0,0.201,0.024
SANTA_BARBARA,0,0,0.018,0
SANTA_CRUZ,0,0,13.072,3.496
SANTO_DOMINGO,0,0,0.048,0.258
SARAPIQUI,0.808,0.408,0,0.024
SIQUIRRES,0,0,0,0
SIXAOLA,7.824,16.688,0.216,0
TALAMANCA,0.384,0.039,0.021,0
TARRAZU,0,0,0.144,10.998
TIBAS,0.021,0,0.255,0.66
TILARAN,0.33,0.081,0.378,0.336
TORTUGUERO,1.56,0.255,0,0
TURRIALBA,0.016,0,0.584,0.48
TURRUBARES,0.003,0.015,0.471,0.174
UPALA,0,0.024,0,0.544
VALVERDE_VEGA,0.006,0,2.517,0
VAZQUEZ,0.036,0.03,4.191,2.667
