ALAJUELA,0,0,0,0
ABANGARES,0,0,0,0
ACOSTA,0,0,0,0
AGUIRRE,0,0,0.162,0
ALAJUELITA,0,0,0.435,0.042
ALFARO_RUIZ,1.464,0.411,5.004,5.529
ALVARADO,0,0.36,0.585,0.744
ASERRI,0.024,0.036,0.48,0.06
ATENAS,0,0,0,0
BAGACES,0,0,0,0
BARVA,0.168,0.066,0.486,0.705
BELEN,0,0,0,0
BUENOS_AIRES,0.163,0,6.042,0.526
CANAS,0,0,0,0
CARRILLO,0,0,0,0
CARTAGO,0,0.33,0.108,0
CD._QUESADA,0,0.2,0,0
CORREDORES,0.027,0.009,0.552,0.021
COTO_BRUS,1.56,0.016,1.472,0.272
CURRIDABAT,0,0,0.792,0.15
DESAMPARADOS,0,0,0.477,0.06
DOTA,0,0,0,0
EL_GUARCO,0,0,0.009,0
ESPARZA,0,0,0.039,0
ESCAZU,0,0,0,0
FLORES,0,0,0,0
GARABITO,0.051,0,0.096,0.012
GOICOECHEA,0.018,0,1.161,0.84
GOLFITO,1.464,10.68,4.104,0.752
GRECIA,0,0,0,0
GUACIMO,0.27,0.411,0.537,0.111
GUAPILES,0.68,0.296,0.848,1.568
GUATUSO,0.024,0.603,0.027,0.108
HEREDIA,2.416,0.048,3.192,4.728
HOJANCHA,0,0,0,0
JIMENEZ,0.399,0.204,0.99,1.869
LA_CRUZ,0,0,0,0
LA_UNION,0,0,0,0
LEON_CORTEZ,0,0,0,0
LIBERIA,0,0,0,0
LIMON,0.128,0.192,0.048,0
LOS_CHILES,0,0.72,0.008,0.032
MATINA,0.825,0.252,0.009,0.003
MONTES_DE_OCA,0,0,0.69,0.174
MONTES_DE_ORO,0,0,0,0
MORA,0,0,0,0
MORAVIA,0.069,0,1.95,2.454
NANDAYURE,0,0,0,0
NARANJO,0,0,0,0
NICOYA,0,0,0,0
OREAMUNO,0,0.249,0.084,0.003
OROTINA,0,0,0,0
OSA,0,0,0.003,0
PALMARES,0,0,0,0
PARAISO,0.009,0.054,0.006,0.159
PARRITA,0.027,0,0.054,0
PAVAS,0,0,0.06,0.075
PEREZ_ZELEDON,1.731,0,4.623,0.069
POAS,0,0,0,0
POCOCI,0.276,0.327,0.414,0.75
PTO_VIEJO,2.144,0.52,0,0.12
PUNTARENAS,0,0,0.011,0
PURISCAL,0,0,0,0
QUEPOS,0,0,0.235,0
SAN_CARLOS,0.486,0,3.666,7.344
SAN_ISIDRO,4.616,0,12.328,0.184
SAN_JOSE,0,0.498,0.84,0.606
SAN_MARCOS,0,0,0,0
SAN_MATEO,0,0,0,0
SAN_PABLO,0.264,0.222,0.978,2.37
SAN_RAFAEL,0.786,0.585,1.992,3.771
SAN_RAMON,0,0,0,0
SANTA_ANA,0.009,0,0.18,0.033
SANTA_BARBARA,0.081,0,0.27,0.327
SANTA_CRUZ,0,0,0,0
SANTO_DOMINGO,0.12,0.093,0.882,1.614
SARAPIQUI,2.144,0.52,0,0.12
SIQUIRRES,0.684,1.305,0.204,0.222
SIXAOLA,3.256,0.952,3.888,0
TALAMANCA,0.681,0.06,0.126,0.15
TARRAZU,0,0,0,0
TIBAS,0.003,0,0.495,1.137
TILARAN,0.426,0.198,1.596,1.059
TORTUGUERO,0,0.835,0,0
TURRIALBA,2.552,2.032,2.352,9.528
TURRUBARES,0,0,0,0
UPALA,0.04,0.28,0,0.312
VALVERDE_VEGA,0,0,0,0
VAZQUEZ,0.516,0.012,8.322,11.748
