ALAJUELA,0,0,0,0
ABANGARES,0,0,0,0
ACOSTA,0,0,0.054,0.0168
AGUIRRE,0,0,0.411,0.2064
ALAJUELITA,0,0,0.147,0.0834
ALFARO_RUIZ,0,0,0,0
ALVARADO,0.006,0,0.63,0.1926
ASERRI,0,0,1.062,3.4392
ATENAS,0,0,0,0
BAGACES,0,0,0,0
BARVA,0,0,0,0
BELEN,0,0,0,0
BUENOS_AIRES,0.031,0.014,0.456,0.2472
CANAS,0,0,0,0
CARRILLO,0,0,0,0
CARTAGO,0.0918,0,0.63,0.0432
CD._QUESADA,0,0.024,0,0
CORREDORES,0.0051,0,0.018,0.0096
COTO_BRUS,0.48,0,0.872,0.36
CURRIDABAT,0,0,0.306,0.2271
DESAMPARADOS,0,0,0.324,0.5025
DOTA,0,0,0,0
EL_GUARCO,0.0003,0,0.141,0
ESPARZA,0,0,0,0
ESCAZU,0,0,0,0
FLORES,0,0,0,0
GARABITO,0,0,0.225,0.0036
GOICOECHEA,0,0,0.018,0.0228
GOLFITO,2.3256,0.184,3.112,0.0904
GRECIA,0,0,0,0
GUACIMO,0,0,0,0
GUAPILES,0,0,0.008,0.0016
GUATUSO,0,0.354,0,0
HEREDIA,0,0,0.024,0
HOJANCHA,0,0,0,0
JIMENEZ,0.0012,0,0.165,0
LA_CRUZ,0,0,0,0
LA_UNION,0,0,0.198,0.1797
LEON_CORTEZ,0,0,0,0
LIBERIA,0,0,0,0
LIMON,0.0016,0,0,0
LOS_CHILES,0.216,2.2,0,0
MATINA,0,0,0,0
MONTES_DE_OCA,0,0,0.003,0.0186
MONTES_DE_ORO,0,0,0,0
MORA,0,0,0,0
MORAVIA,0,0,0.057,0.0474
NANDAYURE,0,0,0,0
NARANJO,0,0,0,0
NICOYA,0,0,0,0
OREAMUNO,0.0141,0,0.351,0.2574
OROTINA,0,0,0,0
OSA,0.0429,0.003,0.579,0.0378
PALMARES,0,0,0,0
PARAISO,0.0012,0,0.162,0
PARRITA,0.0144,0,0.072,0.0138
PAVAS,0,0,0,0
PEREZ_ZELEDON,3.3006,0.039,1.641,0.6678
POAS,0,0,0,0
POCOCI,0,0,0.009,0.0096
PTO_VIEJO,0,0,0,0
PUNTARENAS,0,0,0,0
PURISCAL,0,0,0,0
QUEPOS,0.005,0.005,1.27,0.67
SAN_CARLOS,0,0,0,0
SAN_ISIDRO,8.8016,0.104,4.376,1.7808
SAN_JOSE,0,0,0.924,0.288
SAN_MARCOS,0,0,0,0
SAN_MATEO,0,0,0,0
SAN_PABLO,0,0,0.192,0
SAN_RAFAEL,0.0006,0,0.228,0
SAN_RAMON,0,0,0,0
SANTA_ANA,0,0,0,0
SANTA_BARBARA,0,0,0,0
SANTA_CRUZ,0,0,0,0
SANTO_DOMINGO,0,0,0.087,0
SARAPIQUI,0,0,0,0
SIQUIRRES,0,0,0,0
SIXAOLA,0.3272,0,0,0
TALAMANCA,0.0015,0,0,0
TARRAZU,0,0,0,0.048
TIBAS,0,0,0.036,0.0606
TILARAN,0,0,0,0
TORTUGUERO,0,0.03,0,0.01
TURRIALBA,0.0016,0,0.032,0.0032
TURRUBARES,0,0,0,0
UPALA,0.024,1.12,0,0
VALVERDE_VEGA,0,0,0,0
VAZQUEZ,0,0,0.138,1.2384
