ALAJUELA,0,0,0,0
ABANGARES,0,0,0,0
ACOSTA,0,0,0,0
AGUIRRE,0,0,0.057,0.003
ALAJUELITA,0,0,0,0
ALFARO_RUIZ,0,0,0.234,1.185
ALVARADO,0,0,0,0.192
ASERRI,0,0,0,0
ATENAS,0,0,0,0
BAGACES,0,0,0,0
BARVA,0,0,0,0
BELEN,0,0,0,0
BUENOS_AIRES,0.003,0,0.289,0.009
CANAS,0,0,0,0
CARRILLO,0,0,0,0
CARTAGO,0,0,0,0.384
CD._QUESADA,0.064,0.272,0,0
CORREDORES,0.411,0,2.421,0.024
COTO_BRUS,0.296,0,30.328,0.104
CURRIDABAT,0,0,0,0
DESAMPARADOS,0,0,0,0
DOTA,0,0,0,0
EL_GUARCO,0,0,0,0
ESPARZA,0,0,0,0
ESCAZU,0,0,0,0
FLORES,0,0,0,0
GARABITO,0,0,0.045,0.003
GOICOECHEA,0,0,0.102,0.492
GOLFITO,0,0,0,0.584
GRECIA,0,0,0,0
GUACIMO,0,0,0,0.069
GUAPILES,0,0,0.072,0.152
GUATUSO,0,0.012,0.018,0.12
HEREDIA,0,0,1.16,1.952
HOJANCHA,0,0,0.012,0
JIMENEZ,0,0,0,0.21
LA_CRUZ,0,0,0,0
LA_UNION,0,0,0,0
LEON_CORTEZ,0,0,0,0.15
LIBERIA,0,0,0,0
LIMON,0,0,0,0
LOS_CHILES,0,2.768,0,0.008
MATINA,0,0,0,0.036
MONTES_DE_OCA,0,0,0,0.021
MONTES_DE_ORO,0,0,0,0
MORA,0,0,0,0
MORAVIA,0,0,0.288,0.993
NANDAYURE,0,0,0,0
NARANJO,0,0,0,0
NICOYA,0,0,0,0
OREAMUNO,0,0,0,0.288
OROTINA,0,0,0.012,0
OSA,0,0,0.015,0.045
PALMARES,0,0,0,0
PARAISO,0,0,0,0
PARRITA,0,0,0.069,0.015
PAVAS,0,0,0,0
PEREZ_ZELEDON,0.027,0,0.648,0.171
POAS,0,0,0,0
POCOCI,0,0,0.042,0.045
PTO_VIEJO,0.064,0,0,0.36
PUNTARENAS,0,0,0,0
PURISCAL,0,0,0.483,0.006
QUEPOS,0,0,0.095,0
SAN_CARLOS,0,0,0.051,0.963
SAN_ISIDRO,0.072,0,1.728,0.456
SAN_JOSE,0,0,0,0.246
SAN_MARCOS,0,0,0,0.01
SAN_MATEO,0,0,0.036,0
SAN_PABLO,0,0,0,0
SAN_RAFAEL,0,0,0,0.129
SAN_RAMON,0,0,0,0
SANTA_ANA,0,0,0,0
SANTA_BARBARA,0,0,0.003,0
SANTA_CRUZ,0,0,0,0
SANTO_DOMINGO,0,0,0,0
SARAPIQUI,0.064,0,0,0.36
SIQUIRRES,0,0,0,0.027
SIXAOLA,0.072,0.168,0,0.088
TALAMANCA,0,0,0,0.036
TARRAZU,0,0,0,0.021
TIBAS,0,0,0.033,0.009
TILARAN,0.141,0.048,0.087,0.165
TORTUGUERO,0.04,1.36,0,0.02
TURRIALBA,0,0,0.536,1.376
TURRUBARES,0,0,0.018,0
UPALA,0,0.056,0,0.016
VALVERDE_VEGA,0,0,0,0
VAZQUEZ,0,0,0.993,1.47
