ALAJUELA,0,0,0,0
ABANGARES,0,0,0,0
ACOSTA,0,0,0,0
AGUIRRE,0,0,0,0
ALAJUELITA,0,0,0.066,0.282
ALFARO_RUIZ,0.0024,0,1.362,1.059
ALVARADO,0,0,0.087,0
ASERRI,0,0,0.012,0.108
ATENAS,0,0,0,0
BAGACES,0,0,0,0
BARVA,0,0,0.003,0
BELEN,0,0,0,0
BUENOS_AIRES,0.0043,0,0.171,0.135
CANAS,0,0,0,0
CARRILLO,0,0,0,0
CARTAGO,0,0,0,0
CD._QUESADA,0.0432,0,0,0.112
CORREDORES,0,0,0.138,0.273
COTO_BRUS,0.1096,0,0.048,0.056
CURRIDABAT,0,0,0.042,0.417
DESAMPARADOS,0,0,0.045,0.3
DOTA,0,0,0,0
EL_GUARCO,0,0,0,0
ESPARZA,0,0,0,0
ESCAZU,0,0,0,0
FLORES,0,0,0,0
GARABITO,1.0986,0.045,0,0.045
GOICOECHEA,0.0381,0,0.897,1.854
GOLFITO,0.0088,0.008,0.264,0.08
GRECIA,0,0,0,0
GUACIMO,0,0,0.006,0.021
GUAPILES,0.0008,0,0.456,0.264
GUATUSO,0.081,0,0.024,2.586
HEREDIA,0.4128,0,2.176,4.248
HOJANCHA,0,0,0,0
JIMENEZ,0,0,0.246,0.132
LA_CRUZ,0,0,0,0
LA_UNION,0,0,0,0
LEON_CORTEZ,0,0,0,0
LIBERIA,0,0,0,0
LIMON,0,0,0,0
LOS_CHILES,0.2056,0,0.048,2.28
MATINA,0,0,0,0
MONTES_DE_OCA,0.0003,0,0.351,0.732
MONTES_DE_ORO,0,0,0,0
MORA,0,0,0,0
MORAVIA,0.1167,0,1.491,3.435
NANDAYURE,0,0,0,0
NARANJO,0,0,0,0
NICOYA,0,0,0,0
OREAMUNO,0,0,0,0
OROTINA,0,0,0.033,0
OSA,0.0066,0,0.006,0.018
PALMARES,0,0,0,0
PARAISO,0.0003,0,0.012,0
PARRITA,0.0033,0,0.309,0
PAVAS,0,0,0.095,0
PEREZ_ZELEDON,0.0015,0,0.138,0.144
POAS,0,0,0.021,0
POCOCI,0,0,0.18,0.141
PTO_VIEJO,0.0304,0,0.016,1.512
PUNTARENAS,0,0,0,0
PURISCAL,0,0,0,0
QUEPOS,0,0,0.03,0
SAN_CARLOS,0,0,0.63,0.348
SAN_ISIDRO,0.004,0,0.368,0.384
SAN_JOSE,0,0,0.078,0
SAN_MARCOS,0,0,0,0
SAN_MATEO,0,0,0.012,0
SAN_PABLO,0.0069,0,0.078,0
SAN_RAFAEL,0.0519,0,0.495,0.366
SAN_RAMON,0,0,0,0
SANTA_ANA,0,0,0.123,0.009
SANTA_BARBARA,0,0,0,0
SANTA_CRUZ,0,0,0,0
SANTO_DOMINGO,0.009,0,0.129,0
SARAPIQUI,0.0304,0,0.016,1.512
SIQUIRRES,0,0,0,0.003
SIXAOLA,0,0,0,0
TALAMANCA,0,0,0,0
TARRAZU,0,0,0.039,0.063
TIBAS,0.0057,0,0.525,1.104
TILARAN,0.2085,0,1.2,0.807
TORTUGUERO,0.631,0.03,0,0.07
TURRIALBA,0.0016,0,1.032,2.76
TURRUBARES,0,0,0.003,0
UPALA,0.1096,0.52,0.024,1.824
VALVERDE_VEGA,0,0,0,0
VAZQUEZ,0.375,0,3.486,4.446
