ALAJUELA,0,0,0,0
ABANGARES,0,0,0,0
ACOSTA,0,0,0.006,0
AGUIRRE,6.669,0.054,1.023,0.009
ALAJUELITA,0,0,0.147,0.315
ALFARO_RUIZ,1.005,1.449,2.43,0.981
ALVARADO,0.006,0.342,0.489,0.138
ASERRI,0.03,0,1.092,1.77
ATENAS,0,0,0,0
BAGACES,0,0,0,0
BARVA,0.021,0,0.234,0
BELEN,0,0,0,0
BUENOS_AIRES,0.341,0.008,15.761,0.916
CANAS,0,0,0,0
CARRILLO,0,0,0,0
CARTAGO,0,0.036,0.48,0.042
CD._QUESADA,18.048,1.792,0,0.04
CORREDORES,0.591,0,0.555,0.06
COTO_BRUS,0.08,0,18.032,4.2
CURRIDABAT,0,0,0.723,0.444
DESAMPARADOS,0,0,0.456,0.531
DOTA,0,0,0.087,0.078
EL_GUARCO,0,0,0.054,0.012
ESPARZA,0,0,0,0
ESCAZU,0,0,0,0
FLORES,0,0,0,0
GARABITO,1.38,0.012,0.546,0.057
GOICOECHEA,0,0,0.06,0.537
GOLFITO,0.048,0,0.088,8.264
GRECIA,0,0,0,0
GUACIMO,0.45,6.012,0.417,0.45
GUAPILES,4.472,14.36,1.112,1.168
GUATUSO,0,0,0.312,3.507
HEREDIA,1.32,10.312,6.16,10.336
HOJANCHA,0,0,0,0
JIMENEZ,0.096,0.231,2.232,0.126
LA_CRUZ,0,0,0,0
LA_UNION,0,0,0.279,0.303
LEON_CORTEZ,0,0,0.009,0.006
LIBERIA,0,0,0,0
LIMON,0.016,0.008,0.056,9.84
LOS_CHILES,0,0,0.376,0.088
MATINA,0,0.252,0,1.227
MONTES_DE_OCA,0,0,0.123,0.444
MONTES_DE_ORO,0,0,0,0
MORA,0,0,0,0
MORAVIA,0,0.018,0.078,0.798
NANDAYURE,0,0,0,0
NARANJO,0,0,0,0
NICOYA,0,0,0,0
OREAMUNO,0,0.048,0.243,0.048
OROTINA,0,0,0,0
OSA,0.012,0,12.369,0.099
PALMARES,0,0,0,0
PARAISO,0.063,0,0.774,0
PARRITA,1.488,0,0.369,0.18
PAVAS,0,0,0.005,0
PEREZ_ZELEDON,4.83,0,5.94,0.174
POAS,0,0,0,0
POCOCI,1.584,4.992,0.543,0.555
PTO_VIEJO,3.8,17.088,0.136,3.568
PUNTARENAS,0,0,0,0
PURISCAL,0,0,0,0
QUEPOS,7.785,0.2,3.03,0.02
SAN_CARLOS,0.525,3.141,2.439,0.639
SAN_ISIDRO,12.88,0,15.84,0.464
SAN_JOSE,0,1.536,0.684,0.264
SAN_MARCOS,0,0,0.015,0.055
SAN_MATEO,0,0,0,0
SAN_PABLO,0.15,0,0.507,0.03
SAN_RAFAEL,0.261,0.027,0.987,0.363
SAN_RAMON,0,0,0.008,0
SANTA_ANA,0,0,0.042,0.009
SANTA_BARBARA,0,0,0,0
SANTA_CRUZ,0,0,0,0
SANTO_DOMINGO,0.045,0.039,0.336,0.021
SARAPIQUI,3.8,17.088,0.136,3.568
SIQUIRRES,0.534,2.85,0.099,2.559
SIXAOLA,0.072,0,0,0.072
TALAMANCA,0.315,0,0,0
TARRAZU,0,0,0.012,0.084
TIBAS,0,0.081,0.114,0.012
TILARAN,0.258,0.195,0.792,1.281
TORTUGUERO,24.63,4.8,0,0.015
TURRIALBA,1.48,0.32,4.848,0.32
TURRUBARES,0,0,0,0
UPALA,0,0,0.4,0.048
VALVERDE_VEGA,0,0,0,0
VAZQUEZ,0,0.078,0.084,3.633
