ALAJUELA,0,0,0.48,0
ABANGARES,0,0,0,0
ACOSTA,0,0,0,0.096
AGUIRRE,0.036,0,0.192,0.024
ALAJUELITA,0,0,0.057,0
ALFARO_RUIZ,0,0,0.882,0.8532
ALVARADO,0.009,0,1.113,0.051
ASERRI,0,0,0,0
ATENAS,0,0,0.006,0
BAGACES,0,0,0,0
BARVA,0,0,0.153,0.009
BELEN,0,0,0.024,0
BUENOS_AIRES,0,0,0.1,0.214
CANAS,0,0,0,0
CARRILLO,0,0,0,0
CARTAGO,0.054,0,0.54,0
CD._QUESADA,0.016,0,0,0.5024
CORREDORES,1.353,0.018,6.546,0.414
COTO_BRUS,0,0,12.848,12.7608
CURRIDABAT,0,0,0.231,0
DESAMPARADOS,0,0,0.129,0
DOTA,0,0,0.012,1.2948
EL_GUARCO,0,0,0,0
ESPARZA,0,0,0,0
ESCAZU,0,0,0,0.207
FLORES,0,0,0.069,0
GARABITO,0,0,0.087,0.2142
GOICOECHEA,0,0,0.054,0.0003
GOLFITO,0,0,0,0.4128
GRECIA,0,0,0.051,0.003
GUACIMO,0,0,0,0
GUAPILES,0,0,0.16,0
GUATUSO,0,0,0,0
HEREDIA,0,0,2.408,0.04
HOJANCHA,0,0,0.03,0
JIMENEZ,0.009,0,0.216,0
LA_CRUZ,0,0,0,0
LA_UNION,0,0,0.063,0
LEON_CORTEZ,0.009,0,0.003,0.0054
LIBERIA,0,0,0,0
LIMON,0,0,0,0
LOS_CHILES,0,0,0,0
MATINA,0,0,0,0
MONTES_DE_OCA,0,0,0.078,0
MONTES_DE_ORO,0,0,0,0
MORA,0,0,0,0
MORAVIA,0.003,0,0.033,0.0042
NANDAYURE,0,0,0.012,0
NARANJO,0,0,0.024,0.006
NICOYA,0,0,0.104,0
OREAMUNO,0.06,0,0.345,0.027
OROTINA,0,0,0,0
OSA,0,0,0,0.0834
PALMARES,0,0,0.021,0
PARAISO,0,0,0,0
PARRITA,0,0,0.003,0.153
PAVAS,0,0,0.05,0
PEREZ_ZELEDON,1.623,0.012,1.014,0.09
POAS,0,0,1.977,0.024
POCOCI,0,0,0.084,0
PTO_VIEJO,0,0,0,0
PUNTARENAS,0,0,0,0
PURISCAL,0,0,0.093,0.3651
QUEPOS,0.03,0,0.245,0.015
SAN_CARLOS,0.012,0.003,0,0
SAN_ISIDRO,4.328,0.032,2.704,0.24
SAN_JOSE,0.048,0,3.87,0.168
SAN_MARCOS,0.025,0,0.09,0.2245
SAN_MATEO,0,0,0,0
SAN_PABLO,0,0,0.162,0.003
SAN_RAFAEL,0,0,0.369,0.048
SAN_RAMON,0.016,0,0.184,0
SANTA_ANA,0,0,0,0
SANTA_BARBARA,0.018,0,1.242,0.003
SANTA_CRUZ,0,0,0,0
SANTO_DOMINGO,0.003,0,0.15,0
SARAPIQUI,0,0,0,0
SIQUIRRES,0,0,0,0
SIXAOLA,0,0,0,0
TALAMANCA,0,0,0,0
TARRAZU,0.021,0.006,0.015,0.3393
TIBAS,0,0,0.012,0
TILARAN,0,0,0,0
TORTUGUERO,0.025,0.025,0,0
TURRIALBA,0.016,0,0.6,0.008
TURRUBARES,0,0,0,0
UPALA,0,0,0,0
VALVERDE_VEGA,0,0,0.105,0.012
VAZQUEZ,0,0,0.237,0.0954
