ALAJUELA,0,0,0.013,0.008
ABANGARES,0,0,0,0
ACOSTA,0,0,1.656,0.015
AGUIRRE,0.087,0,2.151,0.003
ALAJUELITA,0,0,4.584,1.2948
ALFARO_RUIZ,0,0,1.011,1.0545
ALVARADO,0,0,0.825,0.006
ASERRI,0,0,7.266,4.266
ATENAS,0,0,0.285,0
BAGACES,0,0,0,0
BARVA,0,0,0,0
BELEN,0,0,0.003,0
BUENOS_AIRES,1.98,0.006,58.8,34.5452
CANAS,0,0,0,0
CARRILLO,0,0,0,0
CARTAGO,0,0,0.666,0.012
CD._QUESADA,0,0.808,0,0.2024
CORREDORES,0.144,0,2.544,10.4523
COTO_BRUS,0.648,0.024,7.184,2.208
CURRIDABAT,0,0,7.302,4.8534
DESAMPARADOS,0,0,5.97,2.235
DOTA,0,0,1.662,0.03
EL_GUARCO,0,0,0.069,0
ESPARZA,0,0,5.103,0
ESCAZU,0,0,0.415,0.054
FLORES,0,0,0,0
GARABITO,0.246,0.219,5.673,0.2166
GOICOECHEA,0,0,1.617,1.8075
GOLFITO,1.648,0.032,2.152,1.5336
GRECIA,0,0,0.072,0
GUACIMO,0,0,0.003,0.2292
GUAPILES,0,0,0.064,4.5488
GUATUSO,0,0,0.006,0.0066
HEREDIA,0,0,0.192,4.5504
HOJANCHA,0,0,0.054,0.021
JIMENEZ,0,0,1.53,0.048
LA_CRUZ,0,0,0,0
LA_UNION,0,0,0.417,1.809
LEON_CORTEZ,0.012,0,0.771,0.2094
LIBERIA,0,0,0,0
LIMON,0,0,0,0.5968
LOS_CHILES,0,0,0,3.6376
MATINA,0,0,0,0.4599
MONTES_DE_OCA,0,0,3.168,2.0241
MONTES_DE_ORO,0,0,1.818,0
MORA,0,0,1.152,0.084
MORAVIA,0.003,0,0.969,1.44
NANDAYURE,0,0,0.093,0
NARANJO,0,0,0.939,0.222
NICOYA,0,0.008,0.128,0.032
OREAMUNO,0,0,0.462,0.027
OROTINA,0,0,0.606,0
OSA,0.531,0,7.659,0.9261
PALMARES,0,0,1.365,0
PARAISO,0,0,0.57,0
PARRITA,1.941,0.036,1.248,0.0183
PAVAS,0,0,0.065,0.0495
PEREZ_ZELEDON,1.341,0.009,9.45,0.2583
POAS,0,0,0.183,0.012
POCOCI,0,0,0.012,0.8733
PTO_VIEJO,0,0,0.064,0.544
PUNTARENAS,0,0,22.253,0
PURISCAL,0,0.003,1.443,3.786
QUEPOS,0.02,0,3.775,0.025
SAN_CARLOS,0.015,0,0.363,0.78
SAN_ISIDRO,3.576,0.024,25.2,0.6888
SAN_JOSE,0,0,1.896,0.006
SAN_MARCOS,0.02,0,1.895,0.656
SAN_MATEO,0,0,0.852,0
SAN_PABLO,0,0,0.024,0.027
SAN_RAFAEL,0,0,0.141,0.102
SAN_RAMON,0,0,11.744,0.02
SANTA_ANA,0,0,0.831,0.1779
SANTA_BARBARA,0,0,0.015,0.018
SANTA_CRUZ,0,0,0,0
SANTO_DOMINGO,0,0,0.057,0.123
SARAPIQUI,0,0,0.064,0.544
SIQUIRRES,0,0,0.024,0.3903
SIXAOLA,0,0,0,0.0032
TALAMANCA,0,0,0,0
TARRAZU,0,0,0.957,0.252
TIBAS,0.006,0,0.267,0.5319
TILARAN,0,0,0.021,0.012
TORTUGUERO,0,0,0,0.434
TURRIALBA,0.008,0,5.624,0.2584
TURRUBARES,0.024,0,7.317,0
UPALA,0,0,0,2.8176
VALVERDE_VEGA,0,0,0.561,0.003
VAZQUEZ,0.006,0,1.053,3.8838
