ALAJUELA,0,0,0.032,0
ABANGARES,0,0,0,0
ACOSTA,0,0,0,0.003
AGUIRRE,0,0,0.012,0.012
ALAJUELITA,0,0,0.633,0.375
ALFARO_RUIZ,0.006,0,1.113,0.444
ALVARADO,0,0,0.006,0
ASERRI,0,0,0.294,0.372
ATENAS,0,0,0.042,0.006
BAGACES,0,0,0,0
BARVA,0,0,0.054,0.006
BELEN,0,0,0,0
BUENOS_AIRES,0,0,0.008,0
CANAS,0,0,0,0
CARRILLO,0,0,0,0
CARTAGO,0,0,0,0
CD._QUESADA,0.16,0.328,0,5.288
CORREDORES,0,0,0,0
COTO_BRUS,0,0,0.008,0
CURRIDABAT,0,0,1.881,0.732
DESAMPARADOS,0,0,0.903,0.579
DOTA,0,0,0,0
EL_GUARCO,0,0,0,0
ESPARZA,0,0,0,0
ESCAZU,0,0,0.042,0.258
FLORES,0,0,0,0
GARABITO,0,0,0,0
GOICOECHEA,0,0,0.393,0.354
GOLFITO,0,0.064,0,0
GRECIA,0,0,0.108,0.003
GUACIMO,0,0,0,0.033
GUAPILES,0,0,0.024,0
GUATUSO,0.021,0.054,0.039,0.531
HEREDIA,0.344,0,0.8,0.872
HOJANCHA,0,0,0.018,0
JIMENEZ,0.009,0,0.021,0
LA_CRUZ,0,0,0,0
LA_UNION,0,0,0.006,0
LEON_CORTEZ,0,0,0,0.837
LIBERIA,0,0,0,0
LIMON,0.28,0,0,0
LOS_CHILES,2.208,0.008,3.184,0.088
MATINA,0,0,0,0.021
MONTES_DE_OCA,0,0,0.699,0.534
MONTES_DE_ORO,0,0,0,0
MORA,0,0,0,0.276
MORAVIA,0.003,0,0.237,0.291
NANDAYURE,0,0,0,0
NARANJO,0,0,0.123,0.042
NICOYA,0,0,0,0
OREAMUNO,0,0,0,0
OROTINA,0,0,0.045,0
OSA,0,0,0,0
PALMARES,0,0,0.009,0.003
PARAISO,0,0,0.003,0
PARRITA,0,0,0.009,0
PAVAS,0,0,0.04,0
PEREZ_ZELEDON,0,0,0,0
POAS,0,0,0.069,0
POCOCI,0,0,0.006,0.006
PTO_VIEJO,0,0,0,3.304
PUNTARENAS,0,0,0,0
PURISCAL,0,0,0.141,0.708
QUEPOS,0,0,0.04,0.035
SAN_CARLOS,0,0,0.423,0.126
SAN_ISIDRO,0,0,0,0
SAN_JOSE,0,0,0,0
SAN_MARCOS,0,0,0.025,1.415
SAN_MATEO,0,0,0.027,0
SAN_PABLO,0.03,0,0.138,0
SAN_RAFAEL,0.051,0,0.192,0.003
SAN_RAMON,0,0,0.176,0.016
SANTA_ANA,0.003,0,0.042,0.003
SANTA_BARBARA,0,0,0.015,0
SANTA_CRUZ,0,0,0,0
SANTO_DOMINGO,0.009,0,0.051,0
SARAPIQUI,0,0,0,3.304
SIQUIRRES,0,0,0,0.021
SIXAOLA,0.96,0.032,0.616,0
TALAMANCA,0.024,0.054,0,0
TARRAZU,0,0,0.048,0.645
TIBAS,0,0,0.078,0.048
TILARAN,0,0,0.03,0.024
TORTUGUERO,0.1,0.1,0,5.75
TURRIALBA,0,0,0.36,0
TURRUBARES,0,0,0.003,0
UPALA,0.512,1.04,0,0.08
VALVERDE_VEGA,0,0,0.099,0.006
VAZQUEZ,0.036,0,4.464,4.74
