ALAJUELA,0,0,0,0
ABANGARES,0,0,0,0
ACOSTA,0,0,0,0
AGUIRRE,0,0,0.006,0
ALAJUELITA,0,0,0.015,0
ALFARO_RUIZ,0,0,0.474,0.048
ALVARADO,0,0,0,0
ASERRI,0,0,0,0
ATENAS,0,0,0,0
BAGACES,0,0,0,0
BARVA,0,0,0,0
BELEN,0,0,0,0
BUENOS_AIRES,0.116,0,6.263,0.313
CANAS,0,0,0,0
CARRILLO,0,0,0,0
CARTAGO,0,0,0,0
CD._QUESADA,0.024,6.144,0,0.024
CORREDORES,26.235,0,3.057,0
COTO_BRUS,0.456,0,0.12,0
CURRIDABAT,0,0,0.057,0
DESAMPARADOS,0,0,0,0
DOTA,0,0,0.126,4.869
EL_GUARCO,0,0,0,0
ESPARZA,0,0,0,0
ESCAZU,0,0,0.027,0
FLORES,0,0,0,0
GARABITO,9.717,3.246,0,0
GOICOECHEA,0.012,0,0.216,0.003
GOLFITO,0.272,0.016,0.056,0.024
GRECIA,0,0,0,0
GUACIMO,0,0,0,0
GUAPILES,0,0,0,0
GUATUSO,0.003,0,0,0.018
HEREDIA,0,0,0.04,0
HOJANCHA,0,0,0.039,0
JIMENEZ,0,0,0.003,0
LA_CRUZ,0,0,0,0
LA_UNION,0,0,0,0
LEON_CORTEZ,0.081,0,1.023,2.868
LIBERIA,0,0,0,0
LIMON,0,0,0,0
LOS_CHILES,0,0,0,0.016
MATINA,0,0,0,0
MONTES_DE_OCA,0,0,0.063,0
MONTES_DE_ORO,0,0,0,0
MORA,0,0,0,0
MORAVIA,0.042,0,0.429,0
NANDAYURE,0,0,0,0
NARANJO,0,0,0,0
NICOYA,0,0,0.128,0
OREAMUNO,0,0,0,0
OROTINA,0,0,0,0
OSA,0,0,0.072,0.099
PALMARES,0,0,0,0
PARAISO,0,0,0,0
PARRITA,1.599,0.099,0.951,0.033
PAVAS,0,0,0,0
PEREZ_ZELEDON,0,0,0.24,0.633
POAS,0,0,0,0
POCOCI,0,0,0,0
PTO_VIEJO,0,0,0,0
PUNTARENAS,0,0,0,0
PURISCAL,0,0,0.36,0.108
QUEPOS,0,0,0.195,0
SAN_CARLOS,0.006,0,0,0
SAN_ISIDRO,0,0,0.64,1.688
SAN_JOSE,0,0,0,0
SAN_MARCOS,0.06,0,0.795,5.705
SAN_MATEO,0,0,0,0
SAN_PABLO,0,0,0,0
SAN_RAFAEL,0,0,0,0
SAN_RAMON,0,0,0,0
SANTA_ANA,0,0,0,0
SANTA_BARBARA,0,0,0,0
SANTA_CRUZ,0,0,0,0
SANTO_DOMINGO,0,0,0,0
SARAPIQUI,0,0,0,0
SIQUIRRES,0,0,0,0
SIXAOLA,0,0,0,0
TALAMANCA,0,0,0,0
TARRAZU,0.099,0.003,0.612,2.823
TIBAS,0,0,0.009,0
TILARAN,0,0,0,0
TORTUGUERO,0,0.07,0,0.04
TURRIALBA,0,0,0.064,0.016
TURRUBARES,0,0,0,0
UPALA,0,0,0,0
VALVERDE_VEGA,0,0,0.006,0
VAZQUEZ,0.054,0,5.13,0.288
