ALAJUELA,0,0,0.133,0
ABANGARES,0,0,0,0
ACOSTA,0,0,0,0.1374
AGUIRRE,0,0,0.003,0.0012
ALAJUELITA,0,0,0.033,0.0984
ALFARO_RUIZ,0,0,1.02,0.1848
ALVARADO,0,0,0.21,0.0258
ASERRI,0,0,0.546,0.0636
ATENAS,0,0,2.136,0.0462
BAGACES,0,0,0,0
BARVA,0,0,0,0
BELEN,0,0,0.003,0
BUENOS_AIRES,0,0,0.42,0.291
CANAS,0,0,0,0
CARRILLO,0,0,0,0
CARTAGO,0,0,0.228,0.0084
CD._QUESADA,0,0.624,0,0
CORREDORES,0,0,0.042,0.0018
COTO_BRUS,0.232,0,1.816,1.416
CURRIDABAT,0,0,0.423,0.4278
DESAMPARADOS,0,0,0.129,0.2154
DOTA,0,0,0.918,4.4196
EL_GUARCO,0,0,0,0
ESPARZA,0,0,0,0
ESCAZU,0,0,0.145,0.5442
FLORES,0,0,0.003,0
GARABITO,0,0,0.345,0
GOICOECHEA,0,0,0.147,0.1956
GOLFITO,0,0,0,0.016
GRECIA,0.003,0,1.395,0.2754
GUACIMO,0,0,0,0.09
GUAPILES,0,0,0,0.096
GUATUSO,0,0,0,0
HEREDIA,0,0,0.208,0.3632
HOJANCHA,0,0,0.033,0
JIMENEZ,0,0,0.153,0.0564
LA_CRUZ,0,0,0,0
LA_UNION,0,0,0.066,0.1272
LEON_CORTEZ,0,0,0.57,2.4228
LIBERIA,0,0,0,0
LIMON,0,0,0,0
LOS_CHILES,0,0.032,0,0
MATINA,0,0,0,0.009
MONTES_DE_OCA,0,0,0.132,0.147
MONTES_DE_ORO,0,0,0,0
MORA,0,0,0,0.0012
MORAVIA,0.006,0,0.147,0.2586
NANDAYURE,0,0,0.039,0
NARANJO,0,0,0.198,0.0156
NICOYA,0,0,0.024,0
OREAMUNO,0,0,0.189,0.0624
OROTINA,0,0,0.033,0.0024
OSA,0.003,0,0.024,0.0504
PALMARES,0,0,0.174,0
PARAISO,0,0,0.003,0
PARRITA,0,0,2.415,0.2316
PAVAS,0,0,0,0
PEREZ_ZELEDON,0,0,0.873,0.0396
POAS,0.015,0,4.332,0.0114
POCOCI,0,0,0,0.03
PTO_VIEJO,0,0,0,1.08
PUNTARENAS,0,0,0,0
PURISCAL,0,0,0.954,0.3486
QUEPOS,0,0,0.025,0
SAN_CARLOS,0,0,0,0
SAN_ISIDRO,0,0,2.328,0.1056
SAN_JOSE,0,0,0.312,0.1872
SAN_MARCOS,0,0,0.53,9.436
SAN_MATEO,0,0,0.009,0
SAN_PABLO,0,0,0,0
SAN_RAFAEL,0,0,0,0
SAN_RAMON,0.008,0,0.952,0
SANTA_ANA,0,0,0.021,0
SANTA_BARBARA,0,0,0.231,0
SANTA_CRUZ,0,0,0,0
SANTO_DOMINGO,0,0,0.033,0
SARAPIQUI,0,0,0,1.08
SIQUIRRES,0,0,0,0.051
SIXAOLA,0,0,0,0
TALAMANCA,0,0,0,0
TARRAZU,0,0,0.198,0.8616
TIBAS,0,0,0.057,0.0186
TILARAN,0,0,0,0
TORTUGUERO,0,0.15,0,0
TURRIALBA,0,0,0.2,1.1264
TURRUBARES,0,0,0.003,0
UPALA,0,0,0,0.008
VALVERDE_VEGA,0,0,0.75,0.0828
VAZQUEZ,0.09,0,0.714,0.9762
