ALAJUELA,0,0,0,0
ABANGARES,0,0,0,0
ACOSTA,0,0,0,0
AGUIRRE,0,0,0.027,0
ALAJUELITA,0,0,0.522,0.024
ALFARO_RUIZ,1.332,0,1.26,0.141
ALVARADO,2.277,0,3.063,0
ASERRI,0,0,0,0
ATENAS,0,0,0,0
BAGACES,0,0,0.009,0.003
BARVA,0,0,0,0
BELEN,0,0,0,0
BUENOS_AIRES,0.043,0.003,0.39,0
CANAS,0,0,0,0
CARRILLO,0,0,0,0
CARTAGO,2.568,0,1.2,0
CD._QUESADA,0.456,0.44,4.312,10.232
CORREDORES,0.03,0,0.261,0.024
COTO_BRUS,0.192,0.032,1.12,0
CURRIDABAT,0,0,0.669,0.027
DESAMPARADOS,0,0,0.372,0.015
DOTA,0.438,0,0.261,0
EL_GUARCO,0.477,0,0.252,0
ESPARZA,0,0,0.168,0
ESCAZU,0,0,0,0
FLORES,0,0,0,0
GARABITO,0,0,0,0
GOICOECHEA,0.105,0,1.734,0.381
GOLFITO,0.128,0,0.008,0.152
GRECIA,0,0,0.006,0
GUACIMO,0.039,0,1.77,0.231
GUAPILES,0.36,0,5.648,0.248
GUATUSO,0.75,0.036,1.557,3.45
HEREDIA,0.296,0,17.952,0.592
HOJANCHA,0.003,0,0.042,0
JIMENEZ,2.202,0,2.4,0
LA_CRUZ,0,0,0,0
LA_UNION,0,0,0,0
LEON_CORTEZ,0.048,0,0.237,0
LIBERIA,0,0,0.016,0.136
LIMON,0.424,0,9.872,0.808
LOS_CHILES,0,0,0.08,9.808
MATINA,0.372,0,5.496,1.344
MONTES_DE_OCA,0.006,0,1.215,0.132
MONTES_DE_ORO,0,0,0.06,0.015
MORA,0.306,0,0.21,0
MORAVIA,0.276,0,2.835,0.576
NANDAYURE,0,0,0.03,0
NARANJO,0,0,0.093,0
NICOYA,0.008,0,0,0.008
OREAMUNO,1.89,0,0.942,0
OROTINA,0,0,0,0
OSA,0,0,0,0.009
PALMARES,0,0,0.033,0
PARAISO,0.405,0,0.624,0
PARRITA,0.138,0,0.012,0
PAVAS,0,0,0.075,0
PEREZ_ZELEDON,0.066,0,0.645,0.018
POAS,0,0,0.009,0
POCOCI,0.066,0,1.965,0.057
PTO_VIEJO,1.032,0,23.208,1.712
PUNTARENAS,0,0,0.132,0
PURISCAL,0,0,0.057,0
QUEPOS,0,0,0.025,0
SAN_CARLOS,0.684,0,10.245,0
SAN_ISIDRO,0.176,0,1.72,0.048
SAN_JOSE,4.056,0,7.26,0
SAN_MARCOS,0.07,0,0.195,0
SAN_MATEO,0,0,0.003,0
SAN_PABLO,0.471,0,0.069,0
SAN_RAFAEL,0.849,0.009,0.069,0
SAN_RAMON,0,0,0.624,0
SANTA_ANA,0.186,0,0.426,0
SANTA_BARBARA,0,0,0,0
SANTA_CRUZ,0,0,0,0
SANTO_DOMINGO,0.345,0,0.108,0
SARAPIQUI,1.032,0,23.208,1.712
SIQUIRRES,0.09,0,2.829,0.168
SIXAOLA,0.008,0,6.784,4.608
TALAMANCA,0.012,0,3.726,0.204
TARRAZU,0,0,0.03,0
TIBAS,0.066,0,0.321,0.012
TILARAN,0.207,0,0.315,0.069
TORTUGUERO,0.255,0.05,1.665,11.575
TURRIALBA,3.208,0,6.312,0.008
TURRUBARES,0,0,0,0
UPALA,0.184,0.48,1.832,16.496
VALVERDE_VEGA,0,0,0.111,0
VAZQUEZ,1.86,0.024,8.274,2.004
