ALAJUELA,0,0,0,0
ABANGARES,0,0,0,0
ACOSTA,0,0,0,0
AGUIRRE,0,0,0,0
ALAJUELITA,0,0,0,0
ALFARO_RUIZ,0,0,0,0
ALVARADO,0,0,0,0
ASERRI,0,0,0,0
ATENAS,0,0,0,0
BAGACES,0,0,0,0
BARVA,0,0,0,0
BELEN,0,0,0,0
BUENOS_AIRES,0,0,0,0
CANAS,0,0,0,0
CARRILLO,0,0,0,0
CARTAGO,0,0,0,0
CD._QUESADA,1.552,0.48,0.056,1.344
CORREDORES,0,0,0,0
COTO_BRUS,0.024,0,0.696,1.616
CURRIDABAT,0,0,0,0
DESAMPARADOS,0,0,0,0
DOTA,0,0,0,0
EL_GUARCO,0,0,0,0
ESPARZA,0,0,0,0
ESCAZU,0,0,0,0
FLORES,0,0,0,0
GARABITO,0,0,0,0
GOICOECHEA,0.009,0,0.021,0
GOLFITO,0,0,0,0
GRECIA,0,0,0,0
GUACIMO,0,0,0,0.021
GUAPILES,0,0,0,0
GUATUSO,0.234,0.036,0.144,0
HEREDIA,0,0,0,0
HOJANCHA,0,0,0,0
JIMENEZ,0,0,0,0
LA_CRUZ,0,0,0,0
LA_UNION,0,0,0,0
LEON_CORTEZ,0,0,0,0
LIBERIA,0,0,0,0
LIMON,0,0.432,0,0.048
LOS_CHILES,0.816,4.448,2.52,0.344
MATINA,0,0.114,0,0
MONTES_DE_OCA,0,0,0,0
MONTES_DE_ORO,0,0,0,0
MORA,0,0,0,0
MORAVIA,0.036,0,0.087,0
NANDAYURE,0,0,0,0
NARANJO,0,0,0,0
NICOYA,0,0,0,0
OREAMUNO,0,0,0,0
OROTINA,0,0,0,0
OSA,0,0,0,0
PALMARES,0,0,0,0
PARAISO,0,0,0,0
PARRITA,0,0,0,0
PAVAS,0,0,0,0
PEREZ_ZELEDON,0,0,0.003,0
POAS,0,0,0,0
POCOCI,0,0,0,0.003
PTO_VIEJO,0.136,0.672,0,0.232
PUNTARENAS,0,0,0,0
PURISCAL,0,0,0,0
QUEPOS,0,0,0,0
SAN_CARLOS,0,0,0,0
SAN_ISIDRO,0,0,0.008,0
SAN_JOSE,0,0,0,0
SAN_MARCOS,0,0,0,0
SAN_MATEO,0,0,0,0
SAN_PABLO,0,0,0,0
SAN_RAFAEL,0,0,0,0
SAN_RAMON,0,0,0,0
SANTA_ANA,0,0,0,0
SANTA_BARBARA,0,0,0,0
SANTA_CRUZ,0,0,0,0
SANTO_DOMINGO,0,0,0,0
SARAPIQUI,0.136,0.672,0,0.232
SIQUIRRES,0,0,0,0
SIXAOLA,0,0,0,0
TALAMANCA,0,0,0,0.024
TARRAZU,0,0,0,0
TIBAS,0,0,0.027,0
TILARAN,0,0,0.132,0
TORTUGUERO,5.785,2.495,0,0.38
TURRIALBA,0,0,0,0
TURRUBARES,0,0,0,0
UPALA,4.28,0.104,1.176,0.008
VALVERDE_VEGA,0,0,0,0
VAZQUEZ,0.006,0,0.081,0
