ALAJUELA,0,0,0.0042,0
ABANGARES,0,0,0,0
ACOSTA,0,0,0,0
AGUIRRE,0.0012,0.075,0,0.0012
ALAJUELITA,0,0,0.0246,0
ALFARO_RUIZ,0,0,0.2835,0.012
ALVARADO,0,0,0,0
ASERRI,0,0,0,0
ATENAS,0,0,0,0
BAGACES,0,0,0,0
BARVA,0,0,0,0
BELEN,0,0,0,0
BUENOS_AIRES,1.964,0,0.2916,0
CANAS,0,0,0,0
CARRILLO,0,0,0,0
CARTAGO,0,0,0,0
CD._QUESADA,0,0,0,0
CORREDORES,0.636,0,0.8367,0.003
COTO_BRUS,0.5664,0.016,0.784,0.096
CURRIDABAT,0.0006,0,0.048,0
DESAMPARADOS,0,0,0.0366,0
DOTA,0,0,0.0195,0.228
EL_GUARCO,0,0,0,0
ESPARZA,0,0,0,0
ESCAZU,0,0,0,0
FLORES,0,0,0,0
GARABITO,5.994,0,0.048,0
GOICOECHEA,0.0249,0,0.5397,0
GOLFITO,1.5688,0.6608,1.584,0.2528
GRECIA,0.0225,0,0.0135,0
GUACIMO,0,0,0,0
GUAPILES,0,0,0,0
GUATUSO,0,0,0,0
HEREDIA,0,0,0.0064,0
HOJANCHA,0,0,0,0
JIMENEZ,0,0,0,0
LA_CRUZ,0,0,0,0
LA_UNION,0,0,0,0
LEON_CORTEZ,0,0,1.7853,0.993
LIBERIA,0,0,0,0
LIMON,0,0,0,0
LOS_CHILES,0,0,0,0
MATINA,0,0,0,0
MONTES_DE_OCA,0.0102,0,0.2862,0
MONTES_DE_ORO,0,0,0,0
MORA,0,0,0,0
MORAVIA,0.0783,0,1.0977,0
NANDAYURE,0,0,0,0
NARANJO,0,0,0.0021,0
NICOYA,0,0,0,0
OREAMUNO,0,0,0,0
OROTINA,0,0,0.0084,0
OSA,0.0756,0,0.1719,0.072
PALMARES,0,0,0,0
PARAISO,0,0,0,0
PARRITA,1.1142,1.716,0,0.0042
PAVAS,0,0,0.003,0
PEREZ_ZELEDON,0.0465,0,4.9545,0.189
POAS,0.0012,0,0.0159,0
POCOCI,0,0,0,0
PTO_VIEJO,0,0,0,0
PUNTARENAS,0,0,0,0
PURISCAL,0,0,0.0387,0
QUEPOS,0.0015,0.186,0,0
SAN_CARLOS,0.0003,0,0.3636,0
SAN_ISIDRO,0.124,0,13.212,0.504
SAN_JOSE,0,0,0,0
SAN_MARCOS,0,0,1.83,1.635
SAN_MATEO,0.0009,0,0.0285,0
SAN_PABLO,0,0,0,0
SAN_RAFAEL,0,0,0,0
SAN_RAMON,0,0,0,0
SANTA_ANA,0,0,0.0705,0
SANTA_BARBARA,0,0,0,0
SANTA_CRUZ,0,0,0,0
SANTO_DOMINGO,0,0,0.0069,0
SARAPIQUI,0,0,0,0
SIQUIRRES,0,0,0,0
SIXAOLA,0,0,0,0
TALAMANCA,0,0,0,0
TARRAZU,0,0,1.4448,1.548
TIBAS,0.0027,0,0.3327,0
TILARAN,0,0,0,0
TORTUGUERO,0,0,0,0
TURRIALBA,0.0016,0,0.0352,0
TURRUBARES,0,0,0,0
UPALA,0,0,0,0
VALVERDE_VEGA,0.003,0,0.0036,0
VAZQUEZ,0.0072,0,2.256,0.036
