ALAJUELA,0,0,0,0
ABANGARES,0,0,0,0
ACOSTA,0,0,0,0
AGUIRRE,0,0,0.585,0.12
ALAJUELITA,0.003,0,0.24,0
ALFARO_RUIZ,0,0,1.674,0.621
ALVARADO,0,0,0.216,0
ASERRI,0,0,0.036,0
ATENAS,0,0,0,0
BAGACES,0,0,0,0
BARVA,0,0,0,0
BELEN,0,0,0,0
BUENOS_AIRES,0,0,1.413,0
CANAS,0,0,0,0
CARRILLO,0,0,0,0
CARTAGO,0,0,0.072,0
CD._QUESADA,0.024,0,0,3.352
CORREDORES,0.018,0,0.009,0
COTO_BRUS,0,0,0.04,0.032
CURRIDABAT,0,0,0.837,0.048
DESAMPARADOS,0,0,0.333,0
DOTA,0,0,0,0.012
EL_GUARCO,0,0,0.006,0
ESPARZA,0,0,0,0
ESCAZU,0,0,0,0
FLORES,0,0,0,0
GARABITO,0,0,1.326,0.021
GOICOECHEA,0.003,0,0.405,0.093
GOLFITO,0.016,0.024,4.52,0.552
GRECIA,0,0,0.045,0
GUACIMO,0,0,0,0
GUAPILES,0,0,0,0
GUATUSO,0,0,0,0.009
HEREDIA,0,0,0.168,0.056
HOJANCHA,0,0,0,0
JIMENEZ,0,0,0.09,0.009
LA_CRUZ,0,0,0,0
LA_UNION,0,0,0.066,0
LEON_CORTEZ,0,0,0,0.501
LIBERIA,0,0,0,0
LIMON,0,0,0,0
LOS_CHILES,0,0,0,3.376
MATINA,0,0,0,0
MONTES_DE_OCA,0.006,0,0.288,0.018
MONTES_DE_ORO,0,0,0,0
MORA,0,0,0,0
MORAVIA,0,0,0.666,0.222
NANDAYURE,0,0,0,0
NARANJO,0,0,0.228,0.003
NICOYA,0,0,0,0
OREAMUNO,0,0,0.12,0
OROTINA,0,0,0,0
OSA,0,0,0.081,0.054
PALMARES,0,0,0,0
PARAISO,0,0,0.03,0
PARRITA,0,0,0.216,0.069
PAVAS,0,0,0,0
PEREZ_ZELEDON,0,0,0.033,0
POAS,0,0,0.249,0
POCOCI,0,0,0,0
PTO_VIEJO,0,0,0,0.008
PUNTARENAS,0,0,0,0
PURISCAL,0,0,0.348,0.201
QUEPOS,0,0,1,0.155
SAN_CARLOS,0,0,0.243,0.237
SAN_ISIDRO,0,0,0.088,0
SAN_JOSE,0,0,0.468,0
SAN_MARCOS,0,0,0,0.175
SAN_MATEO,0,0,0,0
SAN_PABLO,0,0,0,0
SAN_RAFAEL,0,0,0,0
SAN_RAMON,0,0,0.112,0
SANTA_ANA,0,0,0,0
SANTA_BARBARA,0,0,0,0
SANTA_CRUZ,0,0,0,0
SANTO_DOMINGO,0,0,0,0
SARAPIQUI,0,0,0,0.008
SIQUIRRES,0,0,0,0
SIXAOLA,0,0,0,0
TALAMANCA,0,0,0,0
TARRAZU,0,0,0,0.03
TIBAS,0,0,0.138,0
TILARAN,0.003,0,0.162,0.003
TORTUGUERO,0.025,0,0,0.65
TURRIALBA,0.008,0,0.184,0.016
TURRUBARES,0,0,0,0
UPALA,0,0,0,1.688
VALVERDE_VEGA,0,0,0.159,0
VAZQUEZ,0.012,0,2.403,0.987
