ALAJUELA,0,0,0,0
ABANGARES,0,0,0,0
ACOSTA,0,0,0,0
AGUIRRE,0,0,0.036,0
ALAJUELITA,0,0,0.408,0.36
ALFARO_RUIZ,0,0,0.615,0.315
ALVARADO,0,0,0,0.432
ASERRI,0,0,0.714,0.018
ATENAS,0,0,0,0
BAGACES,0,0,0,0
BARVA,0,0,0,0
BELEN,0,0,0,0
BUENOS_AIRES,0.073,0.024,1.854,0.062
CANAS,0,0,0,0
CARRILLO,0,0,0,0
CARTAGO,0,0,0,0
CD._QUESADA,17.096,9.12,0.168,9.224
CORREDORES,0.072,0.006,0.528,0.021
COTO_BRUS,0.088,0.008,0.432,1.32
CURRIDABAT,0,0,0.741,1.215
DESAMPARADOS,0,0,0.687,0.576
DOTA,0,0,0,0.003
EL_GUARCO,0,0,0,0
ESPARZA,0,0,0.168,0.006
ESCAZU,0,0,0,0
FLORES,0,0,0,0
GARABITO,0.405,0,0.237,0
GOICOECHEA,0,0,0.183,1.398
GOLFITO,0,0,3.784,0.128
GRECIA,0,0,0,0
GUACIMO,0,0.237,0,0.183
GUAPILES,0,0.576,0,1.008
GUATUSO,1.89,0.987,0.006,0.417
HEREDIA,0,3.152,0.664,0.408
HOJANCHA,0,0,0.009,0
JIMENEZ,0,0,0,0.576
LA_CRUZ,0,0,0,0
LA_UNION,0,0,0,0
LEON_CORTEZ,0,0,0.075,0.033
LIBERIA,0,0.016,0,0
LIMON,7.536,0.6,0.032,0
LOS_CHILES,1.896,0,1.888,1.32
MATINA,0,0.558,0,0.003
MONTES_DE_OCA,0,0,0.312,0.897
MONTES_DE_ORO,0,0,0,0
MORA,0,0,0,0
MORAVIA,0,0,0.078,2.13
NANDAYURE,0,0,0,0
NARANJO,0,0,0.036,0
NICOYA,0,0,0.04,0
OREAMUNO,0,0,0,0.009
OROTINA,0,0,0.018,0
OSA,0.033,0,0.027,0.006
PALMARES,0,0,0.258,0
PARAISO,0,0,0,0.003
PARRITA,0.033,0,0.435,0.006
PAVAS,0,0,0,0
PEREZ_ZELEDON,0.012,0,2.727,0.024
POAS,0,0,0.006,0.006
POCOCI,0,0.162,0.006,0.114
PTO_VIEJO,0,12.632,0,0.08
PUNTARENAS,0,0,0,0.011
PURISCAL,0,0,0,0
QUEPOS,0,0,0.035,0
SAN_CARLOS,0,0.183,0,0.36
SAN_ISIDRO,0.032,0,7.272,0.064
SAN_JOSE,0,0,0,1.218
SAN_MARCOS,0,0,0.01,0.01
SAN_MATEO,0,0,0.081,0
SAN_PABLO,0.006,0,0.135,0
SAN_RAFAEL,0.03,0,0.222,0
SAN_RAMON,0,0,0.064,0.032
SANTA_ANA,0,0,0.102,0.015
SANTA_BARBARA,0,0,0,0
SANTA_CRUZ,0,0,0,0
SANTO_DOMINGO,0,0,0.06,0
SARAPIQUI,0,12.632,0,0.08
SIQUIRRES,0,0,0,0.036
SIXAOLA,0.064,0.088,0.768,0.04
TALAMANCA,0.006,1.131,0.423,0.009
TARRAZU,0,0,0.006,0.039
TIBAS,0,0,0.165,0.654
TILARAN,0.084,0.657,0.792,0.249
TORTUGUERO,0.155,16.35,0.01,0.07
TURRIALBA,0.016,0,0.128,0.656
TURRUBARES,0,0,0,0
UPALA,6.312,0.008,0.032,0.24
VALVERDE_VEGA,0,0,0.051,0
VAZQUEZ,0,0,0.81,8.55
