ALAJUELA,0,0,0,0
ABANGARES,0,0,0,0
ACOSTA,0,0,0.06,0.057
AGUIRRE,0,0,0.186,0.015
ALAJUELITA,0.027,0,0.459,0.327
ALFARO_RUIZ,6.111,2.625,9.159,6.453
ALVARADO,0.081,0.006,0.099,1.863
ASERRI,0.15,0.048,2.82,3.762
ATENAS,0,0,0.003,0
BAGACES,0,0,0,0
BARVA,0.138,0.105,0.372,0.357
BELEN,0,0,0,0
BUENOS_AIRES,0.318,0.014,0.936,0.317
CANAS,0,0,0,0
CARRILLO,0,0,0,0
CARTAGO,0.168,0,1.044,2.61
CD._QUESADA,0,0,0,0.008
CORREDORES,0.123,0.006,0.474,0.087
COTO_BRUS,0.528,0.024,1.312,1.568
CURRIDABAT,0.033,0,0.717,0.27
DESAMPARADOS,0.024,0,0.786,0.765
DOTA,0.003,0.003,0.003,0
EL_GUARCO,0.051,0.015,0.225,0.447
ESPARZA,0,0,0.003,0.015
ESCAZU,0,0,0,0
FLORES,0,0,0,0
GARABITO,0,0,0,0
GOICOECHEA,1.371,0.192,1.398,0.117
GOLFITO,0.696,0.12,1.04,3.456
GRECIA,0,0,0.003,0
GUACIMO,0.003,0.567,0.081,1.89
GUAPILES,1.272,1.616,0.712,7.36
GUATUSO,0,0,0.084,0.117
HEREDIA,0.96,2.648,3.968,10.904
HOJANCHA,0,0,0,0
JIMENEZ,0.534,0.195,0.438,1.977
LA_CRUZ,0,0,0,0
LA_UNION,0,0,0.126,0.279
LEON_CORTEZ,0.003,0,0.015,0
LIBERIA,0,0,0,0
LIMON,0.008,0.016,1.824,10.008
LOS_CHILES,0,0,0,0
MATINA,0.009,0.153,0,3.189
MONTES_DE_OCA,0.162,0.012,0.795,0.114
MONTES_DE_ORO,0,0,0,0
MORA,0,0,0,0
MORAVIA,3.426,0.552,2.112,0.096
NANDAYURE,0,0,0.006,0
NARANJO,0,0,0.036,0.003
NICOYA,0,0,0,0
OREAMUNO,0.069,0,0.489,1.686
OROTINA,0,0,0.024,0.087
OSA,0,0,0.021,0.189
PALMARES,0,0,0.096,0.123
PARAISO,0.039,0.009,0.051,0.72
PARRITA,0,0,0.03,0.03
PAVAS,0,0,0.13,0
PEREZ_ZELEDON,0.126,0,0.999,1.461
POAS,0,0,0,0
POCOCI,0.612,0.495,0.384,2.661
PTO_VIEJO,0,0.72,0.072,2.832
PUNTARENAS,0,0,0.066,0
PURISCAL,0,0,0,0
QUEPOS,0,0,0.475,0.055
SAN_CARLOS,4.053,2.994,7.746,7.179
SAN_ISIDRO,0.336,0,2.664,3.896
SAN_JOSE,0.006,0,0.036,2.97
SAN_MARCOS,0,0,0,0
SAN_MATEO,0,0,0.021,0.114
SAN_PABLO,0.843,0.528,1.209,0.894
SAN_RAFAEL,1.587,1.137,2.151,2.133
SAN_RAMON,0,0,0.032,0.08
SANTA_ANA,0.018,0,0.027,0.003
SANTA_BARBARA,0,0,0,0
SANTA_CRUZ,0,0,0,0
SANTO_DOMINGO,0.849,0.375,0.69,0.654
SARAPIQUI,0,0.72,0.072,2.832
SIQUIRRES,0.129,0.75,0.573,2.994
SIXAOLA,2.616,0.056,7.856,0.376
TALAMANCA,2.286,0.006,22.422,11.052
TARRAZU,0,0,0,0
TIBAS,1.089,0.186,0.036,0.384
TILARAN,0.39,0.327,0.324,0
TORTUGUERO,0,0.03,0,0.025
TURRIALBA,9.072,3,4.8,7.928
TURRUBARES,0,0,0.009,0
UPALA,0,0,0.088,0.232
VALVERDE_VEGA,0,0,0.003,0
VAZQUEZ,10.23,2.736,7.413,3.537
