ALAJUELA,1.092,0,26.39,2.93
ABANGARES,0.897,0,9.33,0.36
ACOSTA,0.039,0,1.77,0.969
AGUIRRE,0.012,0.039,0.06,0
ALAJUELITA,0.024,0,2.04,0.09
ALFARO_RUIZ,0.129,0,6.42,12.354
ALVARADO,2.493,0,33.15,12.825
ASERRI,0.012,0,12.72,7.5
ATENAS,0.447,0,3.99,9.81
BAGACES,0,0,0.09,0
BARVA,1.635,0,6.3,0.48
BELEN,0.465,0,7.68,0.84
BUENOS_AIRES,1.252,0.398,25.03,0.03
CANAS,0.024,0,4.56,0
CARRILLO,0.024,0,0,0
CARTAGO,3.336,0,32.76,0.606
CD._QUESADA,0,0,0,0
CORREDORES,5.04,0.18,1.56,0.36
COTO_BRUS,5.024,0,5.6,1.096
CURRIDABAT,0.006,0,7.17,1.71
DESAMPARADOS,0.036,0,1.8,0.36
DOTA,0.27,0.003,13.08,21.072
EL_GUARCO,0.912,0,8.49,0.12
ESPARZA,0.711,0,1.26,0
ESCAZU,0.435,0.009,4.41,0.51
FLORES,0.432,0,7.98,1.41
GARABITO,4.878,0,4.47,0
GOICOECHEA,0.063,0,3.96,0.96
GOLFITO,0.224,28.624,0.88,4.016
GRECIA,0.141,0,7.17,0.213
GUACIMO,0,0,0,0
GUAPILES,0,0,0.16,0
GUATUSO,1.761,0,0.78,0
HEREDIA,0.088,0,20.48,0.64
HOJANCHA,0,0,0,0
JIMENEZ,0.453,0,14.13,1.53
LA_CRUZ,0.045,0,0.21,0
LA_UNION,0.678,0,5.91,0.156
LEON_CORTEZ,0.051,0.012,17.64,15.972
LIBERIA,0.432,0.008,0,0
LIMON,0,0,0,0
LOS_CHILES,12.848,0,0.08,0
MATINA,0,0,0,0.03
MONTES_DE_OCA,0.003,0,5.82,2.37
MONTES_DE_ORO,0.777,0,16.68,2.274
MORA,0.108,0,4.62,1.56
MORAVIA,0.114,0,1.83,0.24
NANDAYURE,0,0,1.74,0
NARANJO,0.24,0.006,1.38,0.09
NICOYA,0,0,0,0
OREAMUNO,3.615,0,21.99,0.342
OROTINA,0.852,0,0.54,0
OSA,1.143,0.603,0,0
PALMARES,0.426,0,0.96,0.54
PARAISO,2.793,0,20.01,0
PARRITA,0.03,0.009,0.03,0
PAVAS,0.17,0,8.95,0.35
PEREZ_ZELEDON,0.114,0,7.44,0.09
POAS,0.675,0,19.95,1.143
POCOCI,0,0,0.24,0
PTO_VIEJO,0,0,0,0
PUNTARENAS,0.066,0,6.71,0
PURISCAL,0.135,0.003,23.46,17.952
QUEPOS,0.27,0.095,0.45,0
SAN_CARLOS,0.27,0,0.3,0.048
SAN_ISIDRO,0.304,0,19.84,0.24
SAN_JOSE,3.006,0,44.88,19.77
SAN_MARCOS,0.07,0.02,20.6,31.395
SAN_MATEO,0.624,0,0.63,0
SAN_PABLO,0.459,0,3.54,0.15
SAN_RAFAEL,0.72,0,5.31,0.831
SAN_RAMON,0.856,0,0.56,2.96
SANTA_ANA,0.006,0,4.95,0.063
SANTA_BARBARA,4.437,0,14.4,0.783
SANTA_CRUZ,0,0,0.08,0
SANTO_DOMINGO,0.366,0,3.81,0.273
SARAPIQUI,0,0,0,0
SIQUIRRES,0,0,0.39,0.03
SIXAOLA,0,0,0,0
TALAMANCA,0,0,0,0
TARRAZU,0.036,0.009,11.28,18.459
TIBAS,0.045,0,4.02,0.27
TILARAN,0.195,0,0.45,0
TORTUGUERO,0,0,0,0
TURRIALBA,0,0,1.44,0.24
TURRUBARES,0,0,1.65,0.12
UPALA,1.416,0,0.16,0
VALVERDE_VEGA,0.186,0.003,10.29,1.95
VAZQUEZ,1.452,0,32.52,1.2
