ALAJUELA,0,0,0.016,0
ABANGARES,0,0,0,0
ACOSTA,0,0,0,0
AGUIRRE,0.006,0.933,0,0
ALAJUELITA,0,0,0.645,0.0111
ALFARO_RUIZ,0.339,0,0.933,0.4398
ALVARADO,0.159,0,0.177,0
ASERRI,0,0,0.048,0
ATENAS,0,0,0,0
BAGACES,0,0,0,0
BARVA,0,0,0,0
BELEN,0,0,0.003,0
BUENOS_AIRES,0.049,0,0.58,4.5973
CANAS,0,0,0,0
CARRILLO,0,0,0,0
CARTAGO,0.126,0,0.054,0
CD._QUESADA,6.464,0,1.752,0
CORREDORES,0.006,0,1.539,0.0123
COTO_BRUS,0.344,0,0.904,0.236
CURRIDABAT,0,0,1.002,0.1413
DESAMPARADOS,0,0,0.693,0.0204
DOTA,0.003,0,0.162,2.9148
EL_GUARCO,0.024,0.081,0.033,0
ESPARZA,0,0,0.006,0
ESCAZU,0,0,0,0.0006
FLORES,0,0,0,0
GARABITO,0.027,0,0.045,0
GOICOECHEA,0,0,1.485,0.4086
GOLFITO,0.696,0,0.024,0
GRECIA,0,0,0.087,0.0006
GUACIMO,0.201,0,0.846,0.1407
GUAPILES,0.536,0,4.248,0.2832
GUATUSO,0.027,0.357,0,0.012
HEREDIA,3.568,0,3.512,0.3424
HOJANCHA,0,0,0,0
JIMENEZ,0.114,0,0.162,0.0057
LA_CRUZ,0,0,0,0
LA_UNION,0,0,0,0
LEON_CORTEZ,0,0,0.135,5.4387
LIBERIA,0,0,0,0
LIMON,0.088,0.032,0,0
LOS_CHILES,0,8.248,0.048,0
MATINA,0.174,0,0.348,0.0009
MONTES_DE_OCA,0,0,1.245,0.3126
MONTES_DE_ORO,0.048,0.003,0.021,0.0027
MORA,0,0,0,0
MORAVIA,0,0,2.478,0.579
NANDAYURE,0,0,0,0
NARANJO,0,0,0.102,0.012
NICOYA,0,0,0,0
OREAMUNO,0.072,0,0.054,0
OROTINA,0,0,0,0
OSA,0.609,0,5.892,0.006
PALMARES,0,0,0.015,0
PARAISO,0,0,0.015,0
PARRITA,0,0.072,0,0
PAVAS,0,0,0.055,0.0055
PEREZ_ZELEDON,0.03,0.003,0.525,0.6288
POAS,0,0,0.138,0.0663
POCOCI,0.24,0,1.101,0.1431
PTO_VIEJO,3.936,1.464,5.112,0.096
PUNTARENAS,0,0,0.011,0
PURISCAL,0,0,0.138,0.3597
QUEPOS,1.3,5.735,0,0
SAN_CARLOS,1.431,0,1.11,0.4755
SAN_ISIDRO,0.08,0.008,1.4,1.6768
SAN_JOSE,0.36,0,0.3,0
SAN_MARCOS,0,0,0.46,5.8105
SAN_MATEO,0,0,0,0
SAN_PABLO,0,0,0,0.0012
SAN_RAFAEL,0.198,0,0,0
SAN_RAMON,0,0,0.536,0.7584
SANTA_ANA,0,0,0.375,0.0063
SANTA_BARBARA,0,0,0,0
SANTA_CRUZ,0,0,0,0
SANTO_DOMINGO,0,0,0.171,0.0045
SARAPIQUI,3.936,1.464,5.112,0.096
SIQUIRRES,0.888,0.033,0.663,0.1923
SIXAOLA,0.144,2.16,0,0
TALAMANCA,1.602,0.831,0.576,0
TARRAZU,0,0,0.753,3.0105
TIBAS,0,0,1.203,0.0621
TILARAN,0.213,0.18,0.033,0.0156
TORTUGUERO,0.05,0.025,1.025,0
TURRIALBA,0.192,0,0.976,0.2464
TURRUBARES,0,0,0,0
UPALA,0,10.64,0,0
VALVERDE_VEGA,0,0,0.135,0.0021
VAZQUEZ,0.006,0,10.632,4.089
