ALAJUELA,0,0,0,0
ABANGARES,0,0,0,0
ACOSTA,0,0,0,0
AGUIRRE,0,0.006,1.494,0.18
ALAJUELITA,0,0,0.006,0
ALFARO_RUIZ,0,0,0,0.0606
ALVARADO,0,0,0,1.0557
ASERRI,0,0,0,0.12
ATENAS,0,0,0,0
BAGACES,0,0,0,0
BARVA,0,0,0,0
BELEN,0,0,0,0
BUENOS_AIRES,0.082,0.008,0.101,0.0003
CANAS,0,0,0,0
CARRILLO,0,0,0,0
CARTAGO,0,0,0,3.3114
CD._QUESADA,0,0.32,0,0
CORREDORES,0.345,0.027,4.461,0.0249
COTO_BRUS,0.112,0,0.48,0.0032
CURRIDABAT,0,0,0,0
DESAMPARADOS,0,0,0,0
DOTA,0,0,0,0.009
EL_GUARCO,0,0,0,1.2573
ESPARZA,0,0,0.777,0.105
ESCAZU,0,0,0,0
FLORES,0,0,0,0
GARABITO,0.159,0.402,0.006,0.0108
GOICOECHEA,0,0,0.609,0.075
GOLFITO,0.744,0.12,5.576,2.0096
GRECIA,0,0,0,0
GUACIMO,0.132,0,0.006,0.7497
GUAPILES,0.488,0,0.176,2.6848
GUATUSO,0.15,0.276,0.006,0.0462
HEREDIA,0.488,0,2.152,4.8568
HOJANCHA,0,0,0.072,0
JIMENEZ,0,0,0,3.5526
LA_CRUZ,0,0,0,0.0279
LA_UNION,0,0,0,0.027
LEON_CORTEZ,0,0,0,0
LIBERIA,0,0,0,0
LIMON,2.096,0.984,0,0.2752
LOS_CHILES,0,0.144,0,0
MATINA,0,0.396,0,0.0426
MONTES_DE_OCA,0,0,0.021,0
MONTES_DE_ORO,0,0,0,0.075
MORA,0,0,0,0
MORAVIA,0.009,0,1.683,0.279
NANDAYURE,0,0,0,0
NARANJO,0,0,0,0
NICOYA,0,0,0.184,0.048
OREAMUNO,0,0,0,1.5687
OROTINA,0,0,0.015,0.012
OSA,0.084,0.027,0.795,0.2259
PALMARES,0,0,0,0
PARAISO,0,0,0,1.5315
PARRITA,0.024,0.489,4.83,0.594
PAVAS,0,0,0,0
PEREZ_ZELEDON,0.009,0,5.814,0.162
POAS,0,0,0,0
POCOCI,0.105,0,0.156,0.8538
PTO_VIEJO,4.552,0,0,0.2176
PUNTARENAS,0,0,0.143,0.132
PURISCAL,0,0,0,0
QUEPOS,0,0,2.65,0.4405
SAN_CARLOS,0,0,0.075,0.312
SAN_ISIDRO,0.024,0,15.504,0.432
SAN_JOSE,0,0,0,0.7596
SAN_MARCOS,0,0,0,0
SAN_MATEO,0,0,0.018,0.021
SAN_PABLO,0,0,0,0
SAN_RAFAEL,0.105,0,0.378,0.3867
SAN_RAMON,0,0,0,0
SANTA_ANA,0,0,0,0.027
SANTA_BARBARA,0,0,0,0
SANTA_CRUZ,0,0,0,0.0312
SANTO_DOMINGO,0.003,0,0.039,0.0348
SARAPIQUI,4.552,0,0,0.2176
SIQUIRRES,0.006,0,0,0.42
SIXAOLA,0,4.344,0,0.0008
TALAMANCA,0,0.093,0,0.0015
TARRAZU,0,0,0,0
TIBAS,0.03,0,0.186,0.1131
TILARAN,0.012,0,0.111,0.8136
TORTUGUERO,0.17,0.995,0,0
TURRIALBA,0.096,0,1.232,7.0256
TURRUBARES,0,0,0.153,0.003
UPALA,0,0.016,0,0.0088
VALVERDE_VEGA,0,0,0,0
VAZQUEZ,0.006,0,1.74,0.6078
