ALAJUELA,0,0,2.197,0
ABANGARES,0,0,0,0
ACOSTA,0,0,0.063,0.0138
AGUIRRE,0.015,0.075,0,0.0054
ALAJUELITA,0,0,0.003,0
ALFARO_RUIZ,0,0,0.015,0
ALVARADO,0,0,0.093,0.3576
ASERRI,0,0,0.408,0.0288
ATENAS,0,0,0,0
BAGACES,0,0,0,0
BARVA,0,0,2.001,0.0006
BELEN,0,0,0.882,0
BUENOS_AIRES,1.346,0.24,0.166,0.2682
CANAS,0,0,0,0
CARRILLO,0,0,0,0
CARTAGO,0,0,0.996,0.1812
CD._QUESADA,0,0,0,0
CORREDORES,6.621,0.066,4.368,0.5214
COTO_BRUS,1.984,0.2,8.072,14.2432
CURRIDABAT,0,0,0.066,0.0006
DESAMPARADOS,0,0,0.099,0.0012
DOTA,0,0,0,0
EL_GUARCO,0,0,0.27,0.0162
ESPARZA,0,0,0,0
ESCAZU,0,0,0.051,0
FLORES,0,0,0.63,0
GARABITO,0.558,0.249,0,0
GOICOECHEA,0,0,0.033,0
GOLFITO,0.52,0.032,0.08,0.3408
GRECIA,0.003,0,0.612,0
GUACIMO,0,0,0,0
GUAPILES,0,0,0,0
GUATUSO,0,0,0,0
HEREDIA,0,0,0.072,0.0032
HOJANCHA,0,0,0,0
JIMENEZ,0,0,0,0
LA_CRUZ,0,0,0,0
LA_UNION,0,0,0.033,0.0012
LEON_CORTEZ,0.006,0,0,0
LIBERIA,0,0,0,0
LIMON,0,0,0,0
LOS_CHILES,0,0,0,0
MATINA,0,0,0,0
MONTES_DE_OCA,0,0,0.003,0
MONTES_DE_ORO,0,0,0,0
MORA,0,0,0.276,0
MORAVIA,0,0,0.069,0
NANDAYURE,0,0,0,0
NARANJO,0,0,0.255,0
NICOYA,0,0,0,0
OREAMUNO,0,0,0.99,0.3186
OROTINA,0,0,0.006,0
OSA,0.915,0,0.336,0.1194
PALMARES,0,0,0.042,0
PARAISO,0,0,0,0
PARRITA,0.003,0,0,0.0018
PAVAS,0,0,0.965,0.001
PEREZ_ZELEDON,1.155,5.607,2.28,0.1062
POAS,0,0,2.667,0.0126
POCOCI,0,0,0.003,0
PTO_VIEJO,0,0,0,0
PUNTARENAS,0,0,0,0
PURISCAL,0,0,0.213,0.0162
QUEPOS,0.005,0.02,0.005,0.024
SAN_CARLOS,0,0,0,0
SAN_ISIDRO,3.08,14.952,6.08,0.2832
SAN_JOSE,0,0,0.384,0.9216
SAN_MARCOS,0.025,0,0.18,0
SAN_MATEO,0,0,0,0
SAN_PABLO,0,0,1.083,0.0012
SAN_RAFAEL,0,0,1.299,0.024
SAN_RAMON,0,0,0.016,0.0016
SANTA_ANA,0,0,0.177,0.0006
SANTA_BARBARA,0,0,3.555,0.0018
SANTA_CRUZ,0,0,0,0
SANTO_DOMINGO,0,0,0.99,0.0006
SARAPIQUI,0,0,0,0
SIQUIRRES,0,0,0,0
SIXAOLA,0,0,0,0
TALAMANCA,0,0,0,0
TARRAZU,0.027,0,0.21,0
TIBAS,0,0,0.243,0
TILARAN,0,0,0,0
TORTUGUERO,0,0,0,0
TURRIALBA,0,0,0,0
TURRUBARES,0,0,0,0
UPALA,0,0,0,0
VALVERDE_VEGA,0,0,0.759,0
VAZQUEZ,0,0,0.006,0.0012
