ALAJUELA,0.198,0,0.13,0.003
ABANGARES,0,0,0.039,0
ACOSTA,0.012,0,0.009,0.249
AGUIRRE,0.03,0,0,0
ALAJUELITA,0,0,0.003,0
ALFARO_RUIZ,0.003,0,0.654,0.513
ALVARADO,0.063,0,0.063,0.114
ASERRI,0,0,0,0
ATENAS,0,0,0.012,0.012
BAGACES,0,0,0,0
BARVA,0,0,0.312,0.003
BELEN,0,0,0.027,0
BUENOS_AIRES,0.012,0,17.357,25.056
CANAS,0,0,0,0
CARRILLO,0,0,0,0
CARTAGO,0.012,0,0.012,0.012
CD._QUESADA,0,2.608,0,0
CORREDORES,0.051,0,4.14,0.981
COTO_BRUS,0,0,14.368,11.72
CURRIDABAT,0,0,0.174,0.024
DESAMPARADOS,0.003,0.003,0.03,0.003
DOTA,0.048,0.006,0.114,2.535
EL_GUARCO,0.006,0.009,0,0
ESPARZA,0.003,0,0.003,0
ESCAZU,0.04,0,0.015,0
FLORES,0.003,0,0.126,0
GARABITO,0,0,0,0.03
GOICOECHEA,0.015,0,0.585,0.084
GOLFITO,0.072,0,0.712,0.088
GRECIA,0.117,0,0.144,0.24
GUACIMO,0,0,0.051,0
GUAPILES,0,0,0.456,0.296
GUATUSO,0,0,0,0
HEREDIA,0,0,2.312,0.248
HOJANCHA,0.012,0,0.027,0
JIMENEZ,0.039,0,0.126,0.009
LA_CRUZ,0,0,0.03,0
LA_UNION,0,0,0.105,0.51
LEON_CORTEZ,0.627,0.174,0.276,11.127
LIBERIA,0,0,0,0
LIMON,0,0,0,0
LOS_CHILES,0,0.104,0,0
MATINA,0,0,0,0
MONTES_DE_OCA,0,0,0.057,0.003
MONTES_DE_ORO,0,0,0.003,0
MORA,0.012,0,0.024,0.264
MORAVIA,0.054,0.003,1.395,0.21
NANDAYURE,0,0,0.006,0
NARANJO,0.033,0,0.183,0.108
NICOYA,0.312,0,0.728,0.096
OREAMUNO,0.009,0,0.036,0.075
OROTINA,0,0,0.015,0
OSA,0,0,6.609,18.765
PALMARES,0.012,0,0.045,0.012
PARAISO,0.006,0,0.003,0
PARRITA,0.003,0,0,0
PAVAS,0,0,0.045,0
PEREZ_ZELEDON,0.219,0,4.902,5.178
POAS,0.711,0,0.432,0.498
POCOCI,0,0,0.168,0.084
PTO_VIEJO,0,0,0,0
PUNTARENAS,0,0,0,0
PURISCAL,0.333,0,1.251,0.564
QUEPOS,0.055,0,0,0
SAN_CARLOS,0.006,0.003,0,0
SAN_ISIDRO,0.584,0,13.072,13.808
SAN_JOSE,0.006,0,0.102,0.312
SAN_MARCOS,1.365,0.415,0.33,18.525
SAN_MATEO,0,0,0.054,0.075
SAN_PABLO,0,0,0.123,0.009
SAN_RAFAEL,0,0,0.066,0.018
SAN_RAMON,0.04,0,0.096,0.024
SANTA_ANA,0,0,0.063,0.009
SANTA_BARBARA,0.009,0,0.846,0.057
SANTA_CRUZ,0,0,0.04,0
SANTO_DOMINGO,0,0,0.282,0.006
SARAPIQUI,0,0,0,0
SIQUIRRES,0,0,0.027,0.024
SIXAOLA,0,0,0,0
TALAMANCA,0,0,0.003,0
TARRAZU,0.213,0.009,0.111,4.965
TIBAS,0,0,0.609,0
TILARAN,0,0,0,0
TORTUGUERO,0,0.15,0,0.025
TURRIALBA,0.144,0.008,1.304,0.256
TURRUBARES,0,0,0,0
UPALA,0,0,0,0
VALVERDE_VEGA,0.108,0,0.066,0.099
VAZQUEZ,0.564,0,5.526,6.642
