ALAJUELA,0,0,0,0
ABANGARES,0,0,0,0
ACOSTA,0,0,0,0
AGUIRRE,0,0,0,0
ALAJUELITA,0.126,0.117,0.03,0.006
ALFARO_RUIZ,5.295,11.076,5.136,0.273
ALVARADO,3.843,3.423,0.645,0.039
ASERRI,0.282,0.15,0,0
ATENAS,0,0,0,0
BAGACES,0,0,0,0
BARVA,0.369,1.377,0.375,0
BELEN,0,0,0,0
BUENOS_AIRES,0,0,0,0
CANAS,0,0,0,0
CARRILLO,0,0,0,0
CARTAGO,4.398,4.524,0.12,0
CD._QUESADA,0,0.024,0,3.048
CORREDORES,0.162,0.156,0.075,0.012
COTO_BRUS,0.008,0.032,0.04,0
CURRIDABAT,0.06,0.006,0.012,0
DESAMPARADOS,0.099,0.033,0.012,0
DOTA,0,0,0,0
EL_GUARCO,0.78,1.146,0.018,0
ESPARZA,0,0,0,0
ESCAZU,0,0,0,0
FLORES,0,0,0,0
GARABITO,0,0,0,0
GOICOECHEA,1.581,0.189,0.867,0.219
GOLFITO,0,0,0.032,0.048
GRECIA,0,0,0,0
GUACIMO,18.054,2.241,0.147,0.675
GUAPILES,44.32,14.264,1.2,1.848
GUATUSO,0.09,0.513,0,0.084
HEREDIA,5.4,7.104,4.128,5.208
HOJANCHA,0,0,0,0
JIMENEZ,3.966,3.744,2.964,0.174
LA_CRUZ,0,0,0,0
LA_UNION,0.216,0.012,0,0
LEON_CORTEZ,0,0,0,0
LIBERIA,0,0,0,0
LIMON,4.64,2.656,5.728,0.96
LOS_CHILES,0.12,0.16,0,0.08
MATINA,4.926,0.654,0.297,0.633
MONTES_DE_OCA,0.123,0.03,0.141,0.03
MONTES_DE_ORO,0,0,0,0
MORA,0,0,0,0
MORAVIA,4.68,0.489,2.376,0.495
NANDAYURE,0,0,0,0
NARANJO,0,0.003,0,0
NICOYA,0,0,0,0
OREAMUNO,3.006,3.171,0.159,0
OROTINA,0,0,0,0
OSA,0,0,0,0
PALMARES,0,0.009,0,0
PARAISO,1.686,0.516,0.585,0
PARRITA,0,0,0,0
PAVAS,0.06,0.23,0,0
PEREZ_ZELEDON,0.009,0,0.048,0.003
POAS,0,0,0,0
POCOCI,15.234,6.915,0.597,0.885
PTO_VIEJO,0.624,0,0,3.704
PUNTARENAS,0,0,0,0
PURISCAL,0,0,0,0
QUEPOS,0,0,0,0
SAN_CARLOS,7.029,10.08,7.311,0.363
SAN_ISIDRO,0.024,0,0.128,0.008
SAN_JOSE,9.276,7.068,1.158,0.048
SAN_MARCOS,0,0,0,0
SAN_MATEO,0,0,0,0
SAN_PABLO,0.885,2.745,0.18,0
SAN_RAFAEL,3.528,4.992,3.261,1.287
SAN_RAMON,0,0,0,0
SANTA_ANA,0.042,0.222,0.006,0.003
SANTA_BARBARA,0,0,0,0
SANTA_CRUZ,0,0,0,0
SANTO_DOMINGO,1.068,1.464,0.543,0.075
SARAPIQUI,0.624,0,0,3.704
SIQUIRRES,3.789,6.456,0.06,1.392
SIXAOLA,1.936,0.184,0.064,1.072
TALAMANCA,2.133,3.579,4.197,0.237
TARRAZU,0,0,0,0
TIBAS,1.752,0.225,1.104,0.198
TILARAN,0.552,2.244,0.984,0.783
TORTUGUERO,0,0,0,0.29
TURRIALBA,14.128,9.984,10.328,1.256
TURRUBARES,0,0,0,0
UPALA,0.232,0.272,0,0.008
VALVERDE_VEGA,0,0,0,0
VAZQUEZ,18.582,2.442,11.16,3.84
