ALAJUELA,0,0,1.103,0.31
ABANGARES,0.627,0.468,0.576,0.06
ACOSTA,0,0,0.012,0.039
AGUIRRE,12.936,22.137,3.066,0
ALAJUELITA,0,0,3.627,2.439
ALFARO_RUIZ,0,0,0.96,2.013
ALVARADO,0,0,0,0
ASERRI,0,0,1.398,0.198
ATENAS,0,0,0.204,0
BAGACES,0,0,0.045,0
BARVA,0,0,0.132,0.051
BELEN,0,0,1.134,0.408
BUENOS_AIRES,0.131,0,118.982,108.785
CANAS,0,0,0.08,0
CARRILLO,0.078,0,0.081,0
CARTAGO,0,0,0,0
CD._QUESADA,0,0,0,0
CORREDORES,0.228,0,2.853,4.842
COTO_BRUS,0.04,0.016,8.88,1.4
CURRIDABAT,0,0,1.686,3.225
DESAMPARADOS,0,0,3.243,3.768
DOTA,0.009,0.021,0.744,13.131
EL_GUARCO,0,0,0,0
ESPARZA,0.321,0.18,13.239,1.119
ESCAZU,0,0,0.663,0.009
FLORES,0,0,0.213,0.102
GARABITO,31.728,6.03,1.191,0.009
GOICOECHEA,0.006,0,4.881,6.546
GOLFITO,5.032,0.36,0.528,0
GRECIA,0,0,16.155,0.411
GUACIMO,0,0,0,0
GUAPILES,0,0,0,0
GUATUSO,0,0,0,0.084
HEREDIA,0,0,0.08,0.512
HOJANCHA,12.264,0.039,22.725,0
JIMENEZ,0,0,0,0
LA_CRUZ,5.145,1.539,0.963,0
LA_UNION,0,0,0.009,0
LEON_CORTEZ,0.057,0.684,1.011,1.893
LIBERIA,0.016,0,0.008,0
LIMON,0,0,0,0
LOS_CHILES,0,0,0,0.432
MATINA,0,0,0,0
MONTES_DE_OCA,0,0,5.532,9.51
MONTES_DE_ORO,0.861,0.036,5.979,1.671
MORA,0,0,6.072,0.006
MORAVIA,0.015,0,4.944,4.026
NANDAYURE,23.1,0.003,12.795,0
NARANJO,0,0,4.449,0.135
NICOYA,29.744,0.376,29.776,0
OREAMUNO,0,0,0,0
OROTINA,0,0.219,1.443,3.756
OSA,0.351,0.003,21.762,15.513
PALMARES,0,0,7.647,0.009
PARAISO,0,0,0,0
PARRITA,22.317,12.66,2.442,0
PAVAS,0,0,7.475,1.845
PEREZ_ZELEDON,0,0.003,15.477,4.152
POAS,0,0,10.641,1.098
POCOCI,0,0,0,0
PTO_VIEJO,0,0,0,0
PUNTARENAS,22.066,0.638,14.828,0.11
PURISCAL,0.009,0.489,1.326,1.89
QUEPOS,21.105,36.64,5.765,0
SAN_CARLOS,0,0,0.003,0
SAN_ISIDRO,0,0.008,41.272,11.072
SAN_JOSE,0,0,0,0
SAN_MARCOS,0.07,1.225,2.095,5.61
SAN_MATEO,0,0.186,1.443,4.173
SAN_PABLO,0.003,0,0.531,0.297
SAN_RAFAEL,0,0,0.378,0.18
SAN_RAMON,0,0,4.672,0.08
SANTA_ANA,0,0,5.883,0.459
SANTA_BARBARA,0,0,0.102,0.024
SANTA_CRUZ,6.2,4.896,0.696,0.064
SANTO_DOMINGO,0.009,0,1.458,0.747
SARAPIQUI,0,0,0,0
SIQUIRRES,0,0,0,0
SIXAOLA,0,0,0,0
TALAMANCA,0,0,0,0
TARRAZU,0.03,1.263,2.235,2.574
TIBAS,0.042,0,4.776,4.95
TILARAN,0.069,0,1.287,0.219
TORTUGUERO,0,0,0,0.005
TURRIALBA,0,0,0.256,0.064
TURRUBARES,15.393,0.285,3.597,0
UPALA,0,0,0,0.008
VALVERDE_VEGA,0,0,21.828,0.819
VAZQUEZ,0.072,0.006,7.836,14.142
