ALAJUELA,0,0,0,0
ABANGARES,0,0,0,0
ACOSTA,0,0,0,0
AGUIRRE,2.7642,0.399,0.0168,0
ALAJUELITA,0,0,0,0
ALFARO_RUIZ,0.0036,0,0.3486,0
ALVARADO,0,0,0,0
ASERRI,0,0,0,0
ATENAS,0,0,0,0
BAGACES,0,0,0,0
BARVA,0,0,0,0
BELEN,0,0,0,0
BUENOS_AIRES,0,0,0,0
CANAS,0,0,0,0
CARRILLO,0,0,0,0
CARTAGO,0,0,0,0
CD._QUESADA,12.5088,14.0456,0,0
CORREDORES,0.0174,0,0.0006,0.0108
COTO_BRUS,0.3856,0,2.3424,0
CURRIDABAT,0,0,0,0
DESAMPARADOS,0,0,0,0
DOTA,0,0,0,0
EL_GUARCO,0,0,0,0
ESPARZA,0,0,0,0
ESCAZU,0,0,0,0
FLORES,0,0,0,0
GARABITO,0,0,0,0
GOICOECHEA,0.0288,0,0.9768,0
GOLFITO,0,0,0,0.004
GRECIA,0,0,0,0
GUACIMO,0,0.0063,0,0
GUAPILES,0,0.0032,0,0
GUATUSO,0.006,0.7203,0.0012,0
HEREDIA,0,2.212,0,0
HOJANCHA,0,0,0,0
JIMENEZ,0,0,0,0
LA_CRUZ,0,0,0,0
LA_UNION,0,0,0,0
LEON_CORTEZ,0,0,0.0408,0
LIBERIA,0,0,0,0
LIMON,0,0,0,0
LOS_CHILES,0.04,0,0,1.448
MATINA,0,0,0,0
MONTES_DE_OCA,0.0012,0,0.0474,0
MONTES_DE_ORO,0,0,0,0
MORA,0,0,0,0
MORAVIA,0.0846,0,2.1834,0
NANDAYURE,0,0,0,0
NARANJO,0,0,0,0
NICOYA,0,0,0,0
OREAMUNO,0,0,0,0
OROTINA,0,0,0,0
OSA,0,0,0,0
PALMARES,0,0,0,0
PARAISO,0,0,0,0
PARRITA,0.831,0,0.1302,0
PAVAS,0,0,0,0
PEREZ_ZELEDON,0.3108,0.018,0.2916,0.0108
POAS,0,0,0,0
POCOCI,0,0.0003,0,0
PTO_VIEJO,2.072,7.0992,0,0
PUNTARENAS,0,0,0,0
PURISCAL,0,0,0,0
QUEPOS,4.342,0.89,0.009,0
SAN_CARLOS,0,0.3024,0,0
SAN_ISIDRO,0.8288,0.048,0.7776,0.0288
SAN_JOSE,0,0,0,0
SAN_MARCOS,0,0,0.174,0
SAN_MATEO,0,0,0,0
SAN_PABLO,0,0,0,0
SAN_RAFAEL,0,0,0,0
SAN_RAMON,0,0,0,0
SANTA_ANA,0,0,0,0
SANTA_BARBARA,0,0,0,0
SANTA_CRUZ,0,0,0,0
SANTO_DOMINGO,0,0,0,0
SARAPIQUI,2.072,7.0992,0,0
SIQUIRRES,0,0,0,0
SIXAOLA,0,0,0,0
TALAMANCA,0,0,0,0
TARRAZU,0,0,0.261,0
TIBAS,0.0048,0,0.063,0
TILARAN,0,0.2661,0,0
TORTUGUERO,6.852,7.025,0,0
TURRIALBA,0.0032,0,0.1056,0
TURRUBARES,0,0,0,0
UPALA,0,0.048,0,0.368
VALVERDE_VEGA,0,0,0,0
VAZQUEZ,0.0048,0,2.964,0
