ALAJUELA,0,0,0.444,0.01
ABANGARES,0,0,0.129,0
ACOSTA,0.006,0,0.171,0
AGUIRRE,2.853,3.396,1.233,0
ALAJUELITA,0.036,0,6.234,0.552
ALFARO_RUIZ,0.009,0,3.816,0.717
ALVARADO,0,0,0.324,0
ASERRI,0,0,13.608,0.798
ATENAS,0.003,0,0.252,0
BAGACES,0,0,0,0
BARVA,0,0,0.072,0.006
BELEN,0,0,0.075,0.015
BUENOS_AIRES,0,0,33.324,7.847
CANAS,0,0,0,0
CARRILLO,0,0,0,0
CARTAGO,0,0,0.414,0
CD._QUESADA,0,0,0,3.968
CORREDORES,0.735,0.009,14.082,4.617
COTO_BRUS,0.016,0,10.136,0.648
CURRIDABAT,0.087,0,15.777,3.708
DESAMPARADOS,0.039,0,11.01,1.14
DOTA,0.012,0,2.097,15.333
EL_GUARCO,0,0,0,0
ESPARZA,0.021,0,0.111,0
ESCAZU,0,0,0.024,0
FLORES,0,0,0.081,0.003
GARABITO,13.755,0.693,0,0
GOICOECHEA,0.321,0,2.478,1.569
GOLFITO,0,0.008,1.944,9.8
GRECIA,0.081,0,0.24,0
GUACIMO,0,0.81,0,0
GUAPILES,0,0.936,0.032,0.096
GUATUSO,0,0,0,0.066
HEREDIA,0.008,0,0.664,0.816
HOJANCHA,0,0,0.489,0
JIMENEZ,0.012,0,0.42,0.072
LA_CRUZ,0,0,0.045,0.009
LA_UNION,0,0,1.572,0.678
LEON_CORTEZ,0,0,2.106,6.333
LIBERIA,0,0,0,0
LIMON,2.56,32.216,0,0
LOS_CHILES,0,0,0,0.624
MATINA,0,2.877,0,0
MONTES_DE_OCA,0.156,0,5.355,1.062
MONTES_DE_ORO,0,0,0.009,0
MORA,0,0,0.198,0.018
MORAVIA,0.654,0,1.245,1.791
NANDAYURE,0,0,0.03,0
NARANJO,0.15,0,0.306,0
NICOYA,0.008,0,0.696,0
OREAMUNO,0,0,0.273,0
OROTINA,0,0,0.072,0
OSA,10.518,1.089,1.041,0.018
PALMARES,0.045,0,0.465,0
PARAISO,0,0,0,0
PARRITA,0.621,21.642,13.632,0
PAVAS,0.035,0,0.14,0.075
PEREZ_ZELEDON,2.13,0.453,5.208,0.261
POAS,0.003,0,0.759,0.009
POCOCI,0,0.657,0.063,0.216
PTO_VIEJO,0,0.216,0,0
PUNTARENAS,0,0,0.022,0
PURISCAL,0.006,0,0.411,0.006
QUEPOS,9.865,5.02,4.09,0
SAN_CARLOS,0,0,0.045,0
SAN_ISIDRO,5.68,1.208,13.888,0.696
SAN_JOSE,0,0,0.804,0
SAN_MARCOS,0.015,0,9.435,9.03
SAN_MATEO,0,0,0.192,0
SAN_PABLO,0,0,0.018,0.003
SAN_RAFAEL,0.018,0,0.195,0.015
SAN_RAMON,0.528,0.024,1.072,0
SANTA_ANA,0.129,0,0.414,0.006
SANTA_BARBARA,0,0,0.741,0.003
SANTA_CRUZ,0,0,0.128,0
SANTO_DOMINGO,0,0,0.006,0.027
SARAPIQUI,0,0.216,0,0
SIQUIRRES,0,0.861,0,0
SIXAOLA,1.936,0.088,0,0
TALAMANCA,0.504,0.369,0,0
TARRAZU,0.045,0.03,5.43,3.837
TIBAS,0.027,0,0.099,0.219
TILARAN,0,0,0,0
TORTUGUERO,0.01,0.025,0,0.065
TURRIALBA,0.016,0.056,0.784,1.696
TURRUBARES,0,0,0.012,0
UPALA,0,0,0,0.216
VALVERDE_VEGA,0.189,0,0.474,0
VAZQUEZ,0.51,0.012,7.734,6.864
