ALAJUELA,0,0,13.489,0
ABANGARES,0,0,0.363,0.015
ACOSTA,0,0,12.126,0.282
AGUIRRE,0.3948,6.213,0.129,0.9813
ALAJUELITA,0,0,0.375,0
ALFARO_RUIZ,0,0,0.114,0.006
ALVARADO,0,0,0.294,0
ASERRI,0,0,32.058,1.02
ATENAS,0,0,0.279,0
BAGACES,0,0,0,0
BARVA,0,0,1.491,0.027
BELEN,0,0,0.954,0
BUENOS_AIRES,0.073,0.016,1.498,0.126
CANAS,0,0,0,0
CARRILLO,0,0,0,0
CARTAGO,0.0012,0,0.156,0
CD._QUESADA,0,0,0,0
CORREDORES,1.3758,0.009,0.876,0.8253
COTO_BRUS,0.0112,0,23.32,1.776
CURRIDABAT,0,0,5.778,1.11
DESAMPARADOS,0,0,4.062,0.441
DOTA,0,0,0.456,4.2633
EL_GUARCO,0,0,0.012,0
ESPARZA,0,0,0.189,0
ESCAZU,0,0,0.57,0
FLORES,0,0,2.865,0
GARABITO,0.4782,14.955,0.006,0.4758
GOICOECHEA,0,0,0.471,0
GOLFITO,0.1008,0.008,1.232,0.5008
GRECIA,0,0,57.249,0
GUACIMO,0,0,0,0
GUAPILES,0,0,0,0
GUATUSO,0,0,0,0
HEREDIA,0,0,0.08,0
HOJANCHA,0,0,0,0
JIMENEZ,0,0,0.042,0
LA_CRUZ,0,0,0,0
LA_UNION,0,0,0.813,0
LEON_CORTEZ,0.0342,0,3.393,2.6772
LIBERIA,0,0,0,0
LIMON,0,0,0,0
LOS_CHILES,0,0,0,0
MATINA,0,0,0,0
MONTES_DE_OCA,0,0,0.639,0
MONTES_DE_ORO,0,0,0.132,0
MORA,0,0,0.45,0.15
MORAVIA,0,0,0.231,0
NANDAYURE,0,0,0,0
NARANJO,0,0,1.401,0
NICOYA,0,0,0,0
OREAMUNO,0,0,0.192,0
OROTINA,0.0006,0,4.905,0.144
OSA,0.6054,0.003,0.093,0.1083
PALMARES,0,0,0.252,0
PARAISO,0,0,0.012,0
PARRITA,0.039,2.811,0.003,0.0135
PAVAS,0,0,0.14,0
PEREZ_ZELEDON,0,0,0.24,0.1185
POAS,0,0,30.774,0.852
POCOCI,0,0,0,0
PTO_VIEJO,0,0,0,0
PUNTARENAS,0,0,0,0
PURISCAL,0.0024,0,32.889,1.62
QUEPOS,1.113,13.11,0.675,1.1615
SAN_CARLOS,0,0,0,0
SAN_ISIDRO,0,0,0.64,0.316
SAN_JOSE,0,0,0.636,0
SAN_MARCOS,0.026,0,8.03,4.249
SAN_MATEO,0,0,6.807,0.201
SAN_PABLO,0,0,0.003,0
SAN_RAFAEL,0,0,0.006,0
SAN_RAMON,0,0,0.088,0
SANTA_ANA,0,0,0.06,0.003
SANTA_BARBARA,0,0,9.561,0.006
SANTA_CRUZ,0,0,0,0
SANTO_DOMINGO,0,0,0,0
SARAPIQUI,0,0,0,0
SIQUIRRES,0,0,0,0
SIXAOLA,0,0,0,0
TALAMANCA,0,0,0,0
TARRAZU,0.003,0.006,4.242,0.849
TIBAS,0,0,0.027,0
TILARAN,0,0,0,0
TORTUGUERO,0,0,0,0
TURRIALBA,0,0,0.016,0.008
TURRUBARES,0,0.003,0,0
UPALA,0,0,0,0
VALVERDE_VEGA,0,0,4.71,0
VAZQUEZ,0,0,1.656,0.411
