ALAJUELA,0,0,0.038,0
ABANGARES,0,0,0,0
ACOSTA,0,0,0,0
AGUIRRE,0,0,0,0
ALAJUELITA,0,0,0.318,0.036
ALFARO_RUIZ,0.57,0,1.896,0.42
ALVARADO,0.483,0,1.047,0.009
ASERRI,0.18,0.012,0.474,0.024
ATENAS,0,0,0.003,0
BAGACES,0,0,0,0
BARVA,0.015,0,0.135,0
BELEN,0,0,0,0
BUENOS_AIRES,0.003,0,0.361,0
CANAS,0,0,0,0
CARRILLO,0,0,0,0
CARTAGO,0.144,0,0.12,0
CD._QUESADA,1.328,0.072,0.056,0.024
CORREDORES,0.165,0.054,0.246,0.015
COTO_BRUS,0.016,0,0.088,0.008
CURRIDABAT,0,0,0.363,0.291
DESAMPARADOS,0,0,0.336,0.126
DOTA,0,0,0.399,1.599
EL_GUARCO,0.015,0,0.03,0
ESPARZA,0,0,0,0
ESCAZU,0,0,0.015,0
FLORES,0,0,0,0
GARABITO,0,0,0,0
GOICOECHEA,0,0,0.597,0.513
GOLFITO,0,0,0,0.048
GRECIA,0,0,0,0
GUACIMO,0.573,0.639,0.729,2.112
GUAPILES,1.304,0.456,5.44,2.856
GUATUSO,0.627,0.744,0.042,0.42
HEREDIA,2.304,0.968,11.952,7.952
HOJANCHA,0,0,0.021,0
JIMENEZ,0.624,0,0.915,0
LA_CRUZ,0,0,0,0
LA_UNION,0,0,0.012,0
LEON_CORTEZ,0.009,0,1.056,0.342
LIBERIA,0,0,0,0
LIMON,3.304,11.176,0.288,12.736
LOS_CHILES,0.288,1.248,0,1
MATINA,0.012,5.205,0.408,3.306
MONTES_DE_OCA,0,0,0.654,0.468
MONTES_DE_ORO,0,0,0,0
MORA,0,0,0.174,0
MORAVIA,0.009,0.003,0.546,0.621
NANDAYURE,0,0,0,0
NARANJO,0,0,0.012,0
NICOYA,0,0,0,0
OREAMUNO,0.066,0,0.093,0
OROTINA,0,0,0,0
OSA,0,0,0,0.027
PALMARES,0,0,0.003,0
PARAISO,0.033,0,0.06,0
PARRITA,0,0,0,0
PAVAS,0,0,0.025,0
PEREZ_ZELEDON,0.009,0,0.072,0
POAS,0,0,0.003,0
POCOCI,0.324,0.186,2.271,1.068
PTO_VIEJO,0.8,1.472,1.52,7.976
PUNTARENAS,0,0,0,0
PURISCAL,0,0,1.362,0.093
QUEPOS,0,0,0,0
SAN_CARLOS,0.507,0,3.789,1.014
SAN_ISIDRO,0.024,0,0.192,0
SAN_JOSE,0.66,0,1.038,0
SAN_MARCOS,0.005,0,3.195,0.515
SAN_MATEO,0,0,0,0
SAN_PABLO,0.084,0,0.291,0
SAN_RAFAEL,0.261,0.006,0.861,0.006
SAN_RAMON,0.088,0.072,0.336,0
SANTA_ANA,0,0,0.117,0
SANTA_BARBARA,0,0,0.021,0
SANTA_CRUZ,0,0,0,0
SANTO_DOMINGO,0.024,0,0.183,0.003
SARAPIQUI,0.8,1.472,1.52,7.976
SIQUIRRES,0.375,0.603,1.11,0.909
SIXAOLA,0,17.816,0,0
TALAMANCA,0,2.103,0,0.192
TARRAZU,0.003,0,3.132,0.771
TIBAS,0,0,0.222,0.105
TILARAN,0.567,0.156,1.113,0.225
TORTUGUERO,3.715,0.175,0.025,0.04
TURRIALBA,1.216,0,2.672,0.512
TURRUBARES,0,0,0,0
UPALA,0.008,2.48,0,0.112
VALVERDE_VEGA,0,0,0.009,0
VAZQUEZ,0.192,0.024,3.9,5.202
