ALAJUELA,0,0,0,0
ABANGARES,0,0,0,0
ACOSTA,0,0,0,0
AGUIRRE,0,0,0,0
ALAJUELITA,0,0,0.237,0.237
ALFARO_RUIZ,0,0,0.639,0.039
ALVARADO,0,0,0.006,0
ASERRI,0,0,0.012,0.012
ATENAS,0,0,0.006,0
BAGACES,0,0,0,0
BARVA,0,0,0,0
BELEN,0,0,0,0
BUENOS_AIRES,0.006,0.018,1.13,0
CANAS,0,0,0,0
CARRILLO,0,0,0,0
CARTAGO,0,0,0,0
CD._QUESADA,0.08,0.032,0,0.64
CORREDORES,0.072,0,0.084,0.078
COTO_BRUS,0.92,0.08,3.152,0.448
CURRIDABAT,0,0,0.09,0.036
DESAMPARADOS,0,0,0.102,0.303
DOTA,0,0,0.183,0.033
EL_GUARCO,0,0,0,0
ESPARZA,0,0,0.006,0
ESCAZU,0,0,0,0
FLORES,0,0,0,0
GARABITO,0.078,0,0.009,0
GOICOECHEA,0,0,0.651,0.537
GOLFITO,0,0,0,0.216
GRECIA,0,0,0,0
GUACIMO,0,0,0,0
GUAPILES,0,0,0,0
GUATUSO,0,0,0,0.021
HEREDIA,0.4,0,1.128,0.208
HOJANCHA,0,0,0,0
JIMENEZ,0,0,0,0
LA_CRUZ,0,0,0,0
LA_UNION,0,0,0,0
LEON_CORTEZ,0.003,0,0.156,0.123
LIBERIA,0,0,0,0
LIMON,0,0,0,0
LOS_CHILES,0,0.12,0,1.024
MATINA,0.036,0,0,0
MONTES_DE_OCA,0,0,0.27,0.489
MONTES_DE_ORO,0,0,0,0
MORA,0,0,0,0
MORAVIA,0.006,0,1.098,0.681
NANDAYURE,0,0,0,0
NARANJO,0,0,0.021,0
NICOYA,0,0,0,0
OREAMUNO,0,0,0,0
OROTINA,0,0,0,0
OSA,0,0,0.009,0
PALMARES,0,0,0,0
PARAISO,0,0,0,0
PARRITA,0,0,0,0
PAVAS,0,0,0.035,0
PEREZ_ZELEDON,0.003,0,0.096,0.027
POAS,0,0,0,0
POCOCI,0,0,0.003,0
PTO_VIEJO,1.352,0.016,0,0
PUNTARENAS,0,0,0,0
PURISCAL,0,0,0,0
QUEPOS,0,0,0,0
SAN_CARLOS,0,0,0.669,0.342
SAN_ISIDRO,0.008,0,0.256,0.072
SAN_JOSE,0,0,0.042,0
SAN_MARCOS,0.005,0,0.09,0.015
SAN_MATEO,0,0,0,0
SAN_PABLO,0,0,0,0
SAN_RAFAEL,0,0,0,0
SAN_RAMON,0,0,0.096,0
SANTA_ANA,0,0,0.303,0.009
SANTA_BARBARA,0,0,0,0
SANTA_CRUZ,0,0,0,0
SANTO_DOMINGO,0,0,0.006,0
SARAPIQUI,1.352,0.016,0,0
SIQUIRRES,0,0,0,0
SIXAOLA,0.008,0,0,0.056
TALAMANCA,0.006,0,0,0
TARRAZU,0,0,0.102,0.012
TIBAS,0.006,0,0.174,0.147
TILARAN,0.222,0.066,0.408,0.129
TORTUGUERO,0.285,0.03,0,0.04
TURRIALBA,0.016,0,0.304,0.08
TURRUBARES,0,0,0,0
UPALA,0,0.032,0.328,0.192
VALVERDE_VEGA,0,0,0.006,0
VAZQUEZ,0,0,3.456,1.368
