ALAJUELA,0.0333,0,1.721,0
ABANGARES,0.045,0,20.196,1.14
ACOSTA,0.1023,0,1.977,2.49
AGUIRRE,0.3351,0.0093,0.363,11.262
ALAJUELITA,0.0159,0,0.093,0
ALFARO_RUIZ,0.1362,0,1.896,0.297
ALVARADO,0,0,0.372,0
ASERRI,0.0522,0,0.342,0
ATENAS,0.0501,0,0.033,0
BAGACES,2.619,0,10.566,0
BARVA,0.0309,0,0.561,0
BELEN,0.3846,0,0.342,0
BUENOS_AIRES,0.0035,0,72.326,21.338
CANAS,0.0632,0,0.024,0
CARRILLO,0.1329,0,0.045,0
CARTAGO,0.0138,0,0.222,0
CD._QUESADA,0,0,0,0
CORREDORES,0,0,5.919,1.365
COTO_BRUS,0.0056,0,46.96,10.224
CURRIDABAT,0.0093,0,0.318,0
DESAMPARADOS,0.0249,0,0.111,0
DOTA,0.0258,0,3.579,7.977
EL_GUARCO,0.0069,0,0.009,0
ESPARZA,0.0048,0,0.6,0
ESCAZU,0.5545,0,2.043,0.009
FLORES,0.7587,0,0.576,0
GARABITO,1.3563,0,8.475,4.704
GOICOECHEA,0.1011,0,1.029,0.003
GOLFITO,0.5944,0.0136,6.632,2.672
GRECIA,0,0,2.121,0.054
GUACIMO,0,0,0,0
GUAPILES,0,0,0,0
GUATUSO,0.5706,0.0171,0.348,0
HEREDIA,0,0,0.136,0
HOJANCHA,0.0009,0,0.102,0
JIMENEZ,0,0,0,0
LA_CRUZ,0.4398,0,0.105,0
LA_UNION,0.0669,0,1.623,0
LEON_CORTEZ,0.1602,0,1.38,0.579
LIBERIA,0.9744,0,10.168,0
LIMON,0,0,0,0
LOS_CHILES,0,0,0.016,0
MATINA,0,0,0,0
MONTES_DE_OCA,0.0756,0,0.858,0
MONTES_DE_ORO,0.0435,0,2.328,0.663
MORA,0.0078,0,6.132,17.538
MORAVIA,0.1047,0,0.798,0.006
NANDAYURE,0.1668,0,1.23,0
NARANJO,0.0015,0,1.002,0
NICOYA,0.104,0,2.208,0
OREAMUNO,0,0,0.219,0
OROTINA,0.0201,0,0.609,0.171
OSA,0.0051,0,10.842,3.603
PALMARES,0.0114,0,0.717,0
PARAISO,0,0,0,0
PARRITA,0.243,0,0.438,4.272
PAVAS,0.0315,0,0.075,0
PEREZ_ZELEDON,0.0078,0,0.402,1.602
POAS,0.1599,0,4.884,0
POCOCI,0,0,0,0
PTO_VIEJO,0,0,0,0
PUNTARENAS,0,0,0.187,0
PURISCAL,0.0318,0,0.276,0.909
QUEPOS,0.6455,0.018,0.645,21.5
SAN_CARLOS,0,0,0.078,0.093
SAN_ISIDRO,0.0208,0,1.072,4.272
SAN_JOSE,0,0,1.302,0
SAN_MARCOS,0.2855,0,2.485,5.74
SAN_MATEO,0.0174,0,1.716,0.303
SAN_PABLO,0.0219,0,0.702,0
SAN_RAFAEL,0.0318,0,0.636,0
SAN_RAMON,0.0096,0,1.544,0
SANTA_ANA,0.0477,0,0.03,0
SANTA_BARBARA,0.0024,0,1.722,0
SANTA_CRUZ,0.536,0,0,0
SANTO_DOMINGO,0.1074,0,0.303,0
SARAPIQUI,0,0,0,0
SIQUIRRES,0,0,0,0
SIXAOLA,0,0,0,0
TALAMANCA,0,0,0,0
TARRAZU,0.177,0.0003,0.756,9.774
TIBAS,0.2379,0,0.243,0
TILARAN,0.0099,0.0084,0.018,0
TORTUGUERO,0,0,0,0
TURRIALBA,0,0,0,0
TURRUBARES,0.2985,0.0144,0.873,0
UPALA,0,0.0128,0,0
VALVERDE_VEGA,0,0,1.737,0
VAZQUEZ,0.4728,0,4.86,0.144
