ALAJUELA,0,0,0,0
ABANGARES,0,0,0,0
ACOSTA,0,0,0,0
AGUIRRE,0,0,0,0
ALAJUELITA,0,0,0.339,0.078
ALFARO_RUIZ,0,0,0.261,0
ALVARADO,0,0,0.951,0.561
ASERRI,0,0,0.282,0.036
ATENAS,0,0,0,0
BAGACES,0,0,0,0
BARVA,0,0,0.009,0
BELEN,0,0,0,0
BUENOS_AIRES,0,0,0,0
CANAS,0,0,0,0
CARRILLO,0,0,0,0
CARTAGO,0,0,1.026,0.066
CD._QUESADA,0.008,0.024,0,0.024
CORREDORES,0.141,0,0,0
COTO_BRUS,0.096,0,3.76,0.208
CURRIDABAT,0,0,0.681,0.183
DESAMPARADOS,0,0,0.474,0.108
DOTA,0,0,0,0
EL_GUARCO,0,0,0.27,0
ESPARZA,0,0,0,0
ESCAZU,0,0,0,0
FLORES,0,0,0,0
GARABITO,0,0,0,0
GOICOECHEA,0,0,0.411,0.318
GOLFITO,0,0,0,0
GRECIA,0,0,0,0
GUACIMO,0,0,0,0
GUAPILES,0,0,0,0
GUATUSO,0,0,0,0.444
HEREDIA,0,0,0,0.44
HOJANCHA,0,0,0,0
JIMENEZ,0,0,0.42,0.009
LA_CRUZ,0,0,0,0
LA_UNION,0,0,0.006,0
LEON_CORTEZ,0,0,0,0.003
LIBERIA,0,0,0,0
LIMON,0,0,0,0
LOS_CHILES,0.016,6.0888,0,8.304
MATINA,0,0,0,0.003
MONTES_DE_OCA,0,0,0.318,0.183
MONTES_DE_ORO,0,0,0,0
MORA,0,0,0,0
MORAVIA,0,0,0.621,0.531
NANDAYURE,0,0,0,0
NARANJO,0,0,0,0
NICOYA,0,0,0,0
OREAMUNO,0,0,0.609,0.084
OROTINA,0,0,0,0
OSA,0,0,0,0
PALMARES,0,0,0,0
PARAISO,0,0,0.087,0
PARRITA,0,0,0,0
PAVAS,0,0,0,0
PEREZ_ZELEDON,0,0,0.063,0.045
POAS,0,0,0,0
POCOCI,0,0,0,0
PTO_VIEJO,0,0,0,0
PUNTARENAS,0,0,0,0
PURISCAL,0,0,0,0
QUEPOS,0,0,0,0
SAN_CARLOS,0,0,0,0.027
SAN_ISIDRO,0,0,0.168,0.12
SAN_JOSE,0,0,1.17,0.546
SAN_MARCOS,0,0,0,0
SAN_MATEO,0,0,0,0
SAN_PABLO,0,0,0.051,0
SAN_RAFAEL,0,0,0.336,0.141
SAN_RAMON,0,0,0,0
SANTA_ANA,0,0,0.063,0.006
SANTA_BARBARA,0,0,0,0
SANTA_CRUZ,0,0,0,0
SANTO_DOMINGO,0,0,0.285,0.084
SARAPIQUI,0,0,0,0
SIQUIRRES,0,0,0,0.009
SIXAOLA,0,0,0,0
TALAMANCA,0,0,0,0
TARRAZU,0,0,0.018,0.102
TIBAS,0,0,0.156,0.102
TILARAN,0,0,0,0.036
TORTUGUERO,0,0,0,0
TURRIALBA,0.008,0,0.456,0.92
TURRUBARES,0,0,0,0
UPALA,0,1.9856,0,5.704
VALVERDE_VEGA,0,0,0,0
VAZQUEZ,0,0,0.546,2.952
