ALAJUELA,0,0,0,0
ABANGARES,0,0,0,0
ACOSTA,0,0,0,0
AGUIRRE,0.003,0,0.03,0
ALAJUELITA,0,0,0.693,0.051
ALFARO_RUIZ,0,0,0.708,0.543
ALVARADO,0,0,0.123,0
ASERRI,0,0,0.27,0
ATENAS,0,0,0,0
BAGACES,0,0,0,0
BARVA,0,0,0,0
BELEN,0,0,0,0
BUENOS_AIRES,0,0,0,0
CANAS,0,0,0,0
CARRILLO,0,0,0,0
CARTAGO,0.006,0,0.204,0
CD._QUESADA,0,0,0,14.8152
CORREDORES,0,0,0,0
COTO_BRUS,0.016,0,0,0
CURRIDABAT,0,0,0.936,0.129
DESAMPARADOS,0,0,0.822,0.075
DOTA,0,0,0,0
EL_GUARCO,0.075,0,0.048,0
ESPARZA,0,0,0,0
ESCAZU,0,0,0,0
FLORES,0,0,0,0
GARABITO,0,0,0.039,0
GOICOECHEA,0,0,1.209,0.516
GOLFITO,0,0,0,0
GRECIA,0,0,0,0
GUACIMO,0.015,0,0.009,0
GUAPILES,0.032,0,1.408,0
GUATUSO,0,0,0,0.0303
HEREDIA,0.016,0,0.2,0.48
HOJANCHA,0,0,0,0
JIMENEZ,0,0,0.825,0
LA_CRUZ,0,0,0,0
LA_UNION,0,0,0.039,0.012
LEON_CORTEZ,0,0,0,0
LIBERIA,0,0,0,0
LIMON,0.344,0.008,0,0
LOS_CHILES,0,3.3104,0.024,0
MATINA,0,0,0,0
MONTES_DE_OCA,0,0,0.321,0.195
MONTES_DE_ORO,0,0,0,0
MORA,0,0,0,0
MORAVIA,0,0,2.409,0.891
NANDAYURE,0,0,0,0
NARANJO,0,0,0,0
NICOYA,0,0,0,0
OREAMUNO,0.003,0,0.114,0
OROTINA,0,0,0,0
OSA,0,0,0,0
PALMARES,0,0,0,0
PARAISO,0.009,0,0.03,0
PARRITA,0,0,0.003,0
PAVAS,0,0,0,0
PEREZ_ZELEDON,0.078,0,0.216,0
POAS,0,0,0,0
POCOCI,0.012,0,0.69,0
PTO_VIEJO,0.032,0.064,0,0.5784
PUNTARENAS,0,0,0,0
PURISCAL,0,0,0,0
QUEPOS,0.005,0,0.07,0
SAN_CARLOS,0,0,0.102,0.687
SAN_ISIDRO,0.208,0,0.576,0
SAN_JOSE,0,0,0.33,0
SAN_MARCOS,0,0,0,0
SAN_MATEO,0,0,0,0
SAN_PABLO,0,0,0,0
SAN_RAFAEL,0.051,0,0.069,0
SAN_RAMON,0,0,0,0
SANTA_ANA,0,0,0.126,0
SANTA_BARBARA,0,0,0,0
SANTA_CRUZ,0,0,0,0
SANTO_DOMINGO,0,0,0,0
SARAPIQUI,0.032,0.064,0,0.5784
SIQUIRRES,0,0,0,0
SIXAOLA,0,0.048,0,0
TALAMANCA,0.006,0.006,0,0
TARRAZU,0,0,0,0
TIBAS,0,0,0,0
TILARAN,0.03,0.0114,0.21,0
TORTUGUERO,0.09,0.005,0,0.734
TURRIALBA,0.008,0,1.768,0
TURRUBARES,0,0,0,0
UPALA,0,2.5648,0,0
VALVERDE_VEGA,0,0,0,0
VAZQUEZ,0,0,2.262,1.881
