ALAJUELA,0,0,0.011,0.016
ABANGARES,0,0,0,0
ACOSTA,0.003,0,4.473,0.489
AGUIRRE,0,0.075,0,0
ALAJUELITA,0,0,0.171,0.003
ALFARO_RUIZ,0,0,0.432,0
ALVARADO,0.129,0,1.056,0.276
ASERRI,0.018,0,0.27,0.084
ATENAS,0,0,0,0
BAGACES,0,0,0,0
BARVA,0,0,0,0
BELEN,0,0,0.03,0.018
BUENOS_AIRES,0.021,0,2.212,0.02
CANAS,0.04,0,0,0
CARRILLO,0,0,0,0
CARTAGO,0,0,0.318,0.072
CD._QUESADA,0,0,0,0
CORREDORES,0,0,2.628,0.309
COTO_BRUS,0.208,0,11.88,0.088
CURRIDABAT,0.003,0,0.045,0
DESAMPARADOS,0.003,0,0.153,0
DOTA,0.102,0,2.724,0.783
EL_GUARCO,0,0,0.081,0
ESPARZA,0,0,0,0
ESCAZU,0,0,0.05,0
FLORES,0,0,0.033,0.012
GARABITO,2.577,7.734,0,0
GOICOECHEA,0,0,0.039,0
GOLFITO,0,0,0,0.664
GRECIA,0,0,0,0
GUACIMO,0,0,0.09,0.039
GUAPILES,0,0,0.048,0.024
GUATUSO,0.003,0,0.015,0
HEREDIA,0.056,0,6.536,0.616
HOJANCHA,0,0,0,0
JIMENEZ,0.165,0.018,0.342,0
LA_CRUZ,0,0,0,0
LA_UNION,0.042,0,0.129,0
LEON_CORTEZ,0.24,0,1.44,0.549
LIBERIA,0,0,0,0
LIMON,0,0,0,0
LOS_CHILES,0,0,0,0
MATINA,0,0,0,0
MONTES_DE_OCA,0,0,0.06,0
MONTES_DE_ORO,0,0,0,0
MORA,0,0,2.694,1.026
MORAVIA,0,0,0.003,0
NANDAYURE,0.003,0.096,0,0
NARANJO,0,0,0,0
NICOYA,0,0,0,0
OREAMUNO,0,0,0.195,0.096
OROTINA,0,0,0,0
OSA,0,0,0,0
PALMARES,0.009,0,0.018,0
PARAISO,0.078,0.009,0.006,0
PARRITA,0.018,4.278,0,0
PAVAS,0,0,0.37,0.015
PEREZ_ZELEDON,0,0,0.162,0.078
POAS,0,0,0.057,0.021
POCOCI,0,0,0.093,0.093
PTO_VIEJO,0,0,0,0
PUNTARENAS,0,0,0,0
PURISCAL,0.324,0,0.582,0.501
QUEPOS,0,0.11,0,0
SAN_CARLOS,0.21,0,1.392,0.456
SAN_ISIDRO,0,0,0.432,0.208
SAN_JOSE,0.096,0,3.102,1.194
SAN_MARCOS,0.555,0,5.195,0.77
SAN_MATEO,0,0,0,0
SAN_PABLO,0,0,0.045,0
SAN_RAFAEL,0,0,0.012,0
SAN_RAMON,0.016,0,0.008,0
SANTA_ANA,0,0,1.02,0.342
SANTA_BARBARA,0,0,0.018,0
SANTA_CRUZ,0,0,0,0
SANTO_DOMINGO,0,0,0.018,0
SARAPIQUI,0,0,0,0
SIQUIRRES,0,0,0.006,0
SIXAOLA,0,0,0,0
TALAMANCA,0,0,0,0
TARRAZU,0.099,0,5.166,0.381
TIBAS,0.012,0,0.066,0
TILARAN,0,0,0,0
TORTUGUERO,0,0,0,0
TURRIALBA,0.144,0.008,0.112,0
TURRUBARES,0,0.009,0,0
UPALA,0,0,0.024,0.008
VALVERDE_VEGA,0,0,0,0
VAZQUEZ,0,0,0.03,0
