ALAJUELA,0,0,1.747,0
ABANGARES,0,0,0.027,0
ACOSTA,1.515,6.381,0.024,0
AGUIRRE,2.367,16.782,0.219,0.015
ALAJUELITA,0,0,0.081,0
ALFARO_RUIZ,0,0.018,2.286,0.045
ALVARADO,0,0,0.03,0
ASERRI,0,0,0.102,0
ATENAS,0,1.395,0.141,0
BAGACES,0,0,0,0
BARVA,0,0,0.117,0
BELEN,0,0,0.165,0
BUENOS_AIRES,4.201,11.698,8.799,0.038
CANAS,0,0,0,0
CARRILLO,0,0,0,0
CARTAGO,0,0,0.012,0
CD._QUESADA,0.04,23.344,0,0
CORREDORES,5.493,2.157,11.1,5.757
COTO_BRUS,0.032,0,9.152,3.992
CURRIDABAT,0,0,0.915,0
DESAMPARADOS,0,0,0.309,0
DOTA,0,8.814,1.332,0.888
EL_GUARCO,0,0,0,0
ESPARZA,0,0,4.053,0.099
ESCAZU,0,4.257,0.138,0
FLORES,0,0,0.051,0
GARABITO,0.621,0.021,0.066,0.48
GOICOECHEA,0.006,0,0.213,0
GOLFITO,0.496,8.552,1.312,3.448
GRECIA,0,0.015,2.112,0
GUACIMO,0,0,0,0
GUAPILES,0,0,0,0
GUATUSO,0,0,0,0.018
HEREDIA,0,0,0.312,0
HOJANCHA,0,0,2.688,0
JIMENEZ,0.012,0,0.012,0
LA_CRUZ,0,0,0,0
LA_UNION,0,0,1.569,0
LEON_CORTEZ,0.033,15.585,5.775,3.408
LIBERIA,0,0,0,0
LIMON,0.624,1.864,0,0.016
LOS_CHILES,0.088,0.176,0,0
MATINA,0,0.042,0,0
MONTES_DE_OCA,0,0,0.072,0
MONTES_DE_ORO,0,0.006,0.105,0.471
MORA,0,2.892,0.81,0
MORAVIA,0.021,0,0.333,0
NANDAYURE,0,0,2.124,0
NARANJO,0,0.012,3.081,0
NICOYA,0,0,0.272,0
OREAMUNO,0,0,0.033,0
OROTINA,0,1.704,11.268,0.828
OSA,5.439,3.867,0.591,0.639
PALMARES,0,0.66,0.03,0
PARAISO,0,0,0,0
PARRITA,1.572,0.978,1.389,0.534
PAVAS,0,0,0.03,0
PEREZ_ZELEDON,0.321,0.168,1.56,0.072
POAS,0,0,3.945,0
POCOCI,0,0,0.009,0
PTO_VIEJO,0.256,0.616,0,0
PUNTARENAS,1.067,0,4.719,0
PURISCAL,0.03,6.222,12.729,0.42
QUEPOS,3.465,27.06,1.585,0.095
SAN_CARLOS,0,0,0,0
SAN_ISIDRO,0.856,0.448,4.16,0.192
SAN_JOSE,0,0,0.042,0
SAN_MARCOS,0.055,24.145,12.515,3.49
SAN_MATEO,0,1.827,17.223,1.659
SAN_PABLO,0,0,0.003,0
SAN_RAFAEL,0,0,0.255,0
SAN_RAMON,0.024,1.192,0.12,0
SANTA_ANA,0.006,0,0.144,0
SANTA_BARBARA,0,0,1.509,0
SANTA_CRUZ,0,0,0,0
SANTO_DOMINGO,0,0,0,0
SARAPIQUI,0.256,0.616,0,0
SIQUIRRES,0,0,0,0
SIXAOLA,0,0.056,0,0
TALAMANCA,0,0.915,0,0
TARRAZU,0.066,16.995,12.621,0.861
TIBAS,0,0,0.021,0
TILARAN,0,0,0.228,0
TORTUGUERO,0.15,22.4,0,0.015
TURRIALBA,0.016,0,0.032,0
TURRUBARES,0,0.447,0,0
UPALA,0,0.976,0,0.208
VALVERDE_VEGA,0,0.015,3.597,0.003
VAZQUEZ,0.024,0,5.154,1.248
