ALAJUELA,0,0,0.129,0.01
ABANGARES,0,0,0,0
ACOSTA,0,0,0.006,0
AGUIRRE,0,0,0,0
ALAJUELITA,0,0,0,0
ALFARO_RUIZ,0,0,0.024,0
ALVARADO,0.009,0,0.159,0.051
ASERRI,0,0,0,0
ATENAS,0,0,0,0
BAGACES,0,0,0,0
BARVA,0,0,0.003,0
BELEN,0,0,0.033,0.009
BUENOS_AIRES,0,0,0.092,0
CANAS,0,0,0,0
CARRILLO,0,0,0,0
CARTAGO,0.09,0,0,0
CD._QUESADA,1.152,0.008,0,0.16
CORREDORES,0.024,0,0.303,0
COTO_BRUS,0.016,0,0.304,0.096
CURRIDABAT,0,0,0.012,0
DESAMPARADOS,0,0,0,0
DOTA,0,0,0,0
EL_GUARCO,0,0.003,0,0
ESPARZA,0,0,0,0
ESCAZU,0,0,0,0
FLORES,0,0,0.015,0
GARABITO,0,0,0,0
GOICOECHEA,0.009,0,0.006,0
GOLFITO,0,0,0,0.072
GRECIA,0,0,0,0
GUACIMO,0,0,0.006,0
GUAPILES,0,0,0.296,0.128
GUATUSO,0,0,0.009,0
HEREDIA,0.024,0,1.76,1.104
HOJANCHA,0,0,0.003,0
JIMENEZ,0.108,0,0.228,0
LA_CRUZ,0,0,0,0
LA_UNION,0,0,0.033,0
LEON_CORTEZ,0,0,0.027,0.006
LIBERIA,0,0,0,0
LIMON,0,0,0,0
LOS_CHILES,0,0,0,0
MATINA,0,0,0,0
MONTES_DE_OCA,0,0,0,0
MONTES_DE_ORO,0,0,0,0
MORA,0,0,0.06,0.096
MORAVIA,0.036,0.003,0.024,0
NANDAYURE,0,0,0,0
NARANJO,0,0,0,0
NICOYA,0,0,0,0
OREAMUNO,0.063,0.003,0.042,0.003
OROTINA,0,0,0,0
OSA,0,0,0,0
PALMARES,0,0,0,0
PARAISO,0,0,0.024,0
PARRITA,0,0,0,0
PAVAS,0,0,0,0
PEREZ_ZELEDON,0,0,0.006,0
POAS,0,0,0.126,0
POCOCI,0,0,0.165,0.054
PTO_VIEJO,0,0,0,0.016
PUNTARENAS,0,0,0,0
PURISCAL,0,0,0.066,0.039
QUEPOS,0,0,0,0
SAN_CARLOS,0.027,0.021,1.398,0.045
SAN_ISIDRO,0,0,0.016,0
SAN_JOSE,0.012,0,0.486,0.252
SAN_MARCOS,0,0,0.005,0
SAN_MATEO,0,0,0,0
SAN_PABLO,0,0,0.003,0
SAN_RAFAEL,0.006,0,0.048,0
SAN_RAMON,0,0,0,0
SANTA_ANA,0,0,0.006,0.054
SANTA_BARBARA,0,0,0.33,0
SANTA_CRUZ,0,0,0,0
SANTO_DOMINGO,0,0,0,0
SARAPIQUI,0,0,0,0.016
SIQUIRRES,0,0,0.003,0.006
SIXAOLA,0,0,0,0
TALAMANCA,0,0,0,0
TARRAZU,0,0,0,0.006
TIBAS,0,0,0,0
TILARAN,0,0,0,0
TORTUGUERO,0.02,0.195,0,0.01
TURRIALBA,0.032,0.008,0.096,0.016
TURRUBARES,0,0,0,0
UPALA,0,0,0,0
VALVERDE_VEGA,0,0,0,0
VAZQUEZ,0.012,0,0.195,0
