ALAJUELA,0.03,0,3.228,0.005
ABANGARES,0,0,0.024,0
ACOSTA,0,0,1.662,0.087
AGUIRRE,0.09,0,0.066,0
ALAJUELITA,0,0,5.265,0.042
ALFARO_RUIZ,0.003,0,0.627,0.132
ALVARADO,0,0,0.231,0
ASERRI,0,0,2.49,0.108
ATENAS,0,0,0.003,0
BAGACES,0,0,0,0
BARVA,0.006,0,1.647,0.09
BELEN,0,0,1.125,0.018
BUENOS_AIRES,0.003,0,7.32,0.036
CANAS,0,0,0,0
CARRILLO,0,0,0,0
CARTAGO,0.006,0.03,0.582,0
CD._QUESADA,0,2.104,0,0
CORREDORES,0.429,0.018,10.968,0.015
COTO_BRUS,3.296,0,9.92,3.048
CURRIDABAT,0,0,0.402,0
DESAMPARADOS,0,0,4.731,0.042
DOTA,0,0,0.048,0.27
EL_GUARCO,0,0.009,0.327,0
ESPARZA,0,0,0.042,0
ESCAZU,0.036,0,0.075,0
FLORES,0.003,0,3.054,0.075
GARABITO,0,0,0,0
GOICOECHEA,0,0,1.407,0.021
GOLFITO,0,0,0,0.072
GRECIA,0.048,0,0.084,0
GUACIMO,0,0,0,0.045
GUAPILES,0,0,0,0.176
GUATUSO,0,0,0,0
HEREDIA,0.112,0,0.872,0.152
HOJANCHA,0,0,0,0
JIMENEZ,0.003,0,0.045,0.003
LA_CRUZ,0,0,0,0
LA_UNION,0.003,0,0.801,0.201
LEON_CORTEZ,0.042,0,0.06,0.285
LIBERIA,0,0,0,0
LIMON,0,0,0,0
LOS_CHILES,0,0,0,0
MATINA,0,0,0,0.045
MONTES_DE_OCA,0,0,3.957,0.015
MONTES_DE_ORO,0,0,0.057,0
MORA,0,0,0.306,0.12
MORAVIA,0,0,0.273,0.003
NANDAYURE,0,0,0,0
NARANJO,0.12,0,0.282,0
NICOYA,0,0,0,0
OREAMUNO,0,0,0.549,0.051
OROTINA,0,0,0,0
OSA,0,0,0,0.009
PALMARES,0.072,0,0.003,0
PARAISO,0.015,0.003,0.021,0
PARRITA,0.027,0,0,0
PAVAS,0,0,3.455,0.57
PEREZ_ZELEDON,0.21,0.201,9.405,0.003
POAS,0.069,0,0.414,0.048
POCOCI,0,0,0.147,0.108
PTO_VIEJO,0,0,0,0.016
PUNTARENAS,0,0,0,0
PURISCAL,0.036,0.003,0.03,0.009
QUEPOS,0.19,0,0.21,0
SAN_CARLOS,0.21,0.006,0.003,0.006
SAN_ISIDRO,0.56,0.536,25.08,0.008
SAN_JOSE,0,0,0.666,0
SAN_MARCOS,0.105,0,0.005,0.395
SAN_MATEO,0,0,0,0
SAN_PABLO,0,0,1.434,0.279
SAN_RAFAEL,0.003,0,0.642,0.291
SAN_RAMON,0.112,0,0.016,0
SANTA_ANA,0,0,0.633,0.033
SANTA_BARBARA,0.015,0,1.176,0.216
SANTA_CRUZ,0,0,0,0
SANTO_DOMINGO,0.003,0,1.428,0.279
SARAPIQUI,0,0,0,0.016
SIQUIRRES,0,0,0,0.015
SIXAOLA,0,0,0,0
TALAMANCA,0,0,0,0.018
TARRAZU,0.024,0,0,0.228
TIBAS,0,0,3.084,0.03
TILARAN,0,0,0,0
TORTUGUERO,0.015,2.115,0,0
TURRIALBA,0.056,0.36,0,0.2
TURRUBARES,0,0,0,0
UPALA,0,0,0,0
VALVERDE_VEGA,0.198,0,0.09,0
VAZQUEZ,0.006,0,1.35,0.834
