ALAJUELA,0,0,0,0
ABANGARES,0,0,0,0
ACOSTA,0,0,0,0
AGUIRRE,0.009,0,0.2631,0.027
ALAJUELITA,0,0,0.0642,0
ALFARO_RUIZ,0.174,0.966,1.1052,0.354
ALVARADO,0,1.002,0,0
ASERRI,0,0,0,0
ATENAS,0,0,0,0.003
BAGACES,0,0,0,0
BARVA,0,0,0,0
BELEN,0,0,0,0
BUENOS_AIRES,0.015,0,0.9035,0.068
CANAS,0,0,0,0
CARRILLO,0,0,0,0
CARTAGO,0.018,0.006,0.006,0
CD._QUESADA,0.12,0.016,0,0
CORREDORES,0.231,0.543,0.0207,0
COTO_BRUS,0.208,0.016,0.1896,0
CURRIDABAT,0,0,0.0165,0
DESAMPARADOS,0,0,0.0402,0
DOTA,0,0,0.0144,1.437
EL_GUARCO,0.003,0,0.0003,0
ESPARZA,0,0,0,0
ESCAZU,0,0,0,0.009
FLORES,0,0,0,0
GARABITO,0,0,0.0693,0
GOICOECHEA,0.3,0,0.4632,0
GOLFITO,0,0,0.5912,0.048
GRECIA,0,0,0.0093,0
GUACIMO,1.674,2.634,0.0006,0
GUAPILES,1.744,10.952,0.0016,0
GUATUSO,0.771,0.42,0,0
HEREDIA,4.336,16.112,1.3808,0.0128
HOJANCHA,0,0,0.0243,0
JIMENEZ,0.048,1.014,0.1137,0
LA_CRUZ,0,0,0.0261,0
LA_UNION,0,0,0,0
LEON_CORTEZ,0.003,0,0.0984,0.6183
LIBERIA,0,0,0,0
LIMON,10.64,8.784,0,0
LOS_CHILES,0.296,0.032,0,0
MATINA,1.917,1.347,0,0
MONTES_DE_OCA,0.009,0,0.0846,0
MONTES_DE_ORO,0,0,0,0
MORA,0,0,0,0
MORAVIA,0.927,0.03,1.2084,0
NANDAYURE,0,0,0.0465,0
NARANJO,0,0,0.0216,0
NICOYA,0,0,0.1416,0
OREAMUNO,0,0.306,0.003,0
OROTINA,0,0,0.0078,0
OSA,0.036,0.006,0.0039,0.0162
PALMARES,0,0,0.0492,0.003
PARAISO,0.012,0,0.003,0
PARRITA,0.036,0,0.174,0.135
PAVAS,0,0,0.04,0
PEREZ_ZELEDON,0.024,0,1.2366,0.033
POAS,0,0,0.0408,0
POCOCI,0.552,3.423,0.0351,0
PTO_VIEJO,10.4,6.152,0,0
PUNTARENAS,0,0,0,0
PURISCAL,0,0,0.0093,0.177
QUEPOS,0.13,0,0.3895,0.035
SAN_CARLOS,0,3.411,0,0
SAN_ISIDRO,0.064,0,3.2976,0.088
SAN_JOSE,0,2.412,0,0
SAN_MARCOS,0,0,0.518,1.741
SAN_MATEO,0,0,0.009,0
SAN_PABLO,0,0,0,0
SAN_RAFAEL,0.135,0.249,0.2928,0
SAN_RAMON,0,0,0.0472,0
SANTA_ANA,0.003,0,0.1131,0
SANTA_BARBARA,0,0,0,0
SANTA_CRUZ,0,0,0.016,0
SANTO_DOMINGO,0.03,0.066,0.0768,0
SARAPIQUI,10.4,6.152,0,0
SIQUIRRES,0.54,2.22,0,0
SIXAOLA,3.568,0.664,0,0
TALAMANCA,1.431,2.778,0,0
TARRAZU,0,0,0.8481,2.4582
TIBAS,0.504,0.018,0.2115,0
TILARAN,0.564,1.467,0.4149,0
TORTUGUERO,0.125,0,0,0
TURRIALBA,0.104,2.04,2.024,0.0008
TURRUBARES,0,0,0.0033,0
UPALA,1.104,0.224,0,0
VALVERDE_VEGA,0,0,0.0612,0.003
VAZQUEZ,0.144,0.072,2.7381,0.4536
