ALAJUELA,0,0,0,0
ABANGARES,0,0,0,0
ACOSTA,0,0,0,0
AGUIRRE,0,0,0,0
ALAJUELITA,0,0,0,0
ALFARO_RUIZ,0.009,0,0.054,0
ALVARADO,0,0,0,0
ASERRI,0,0,0,0
ATENAS,0,0,0,0
BAGACES,0,0,0,0
BARVA,0,0,0,0
BELEN,0,0,0,0
BUENOS_AIRES,0,0,0,0
CANAS,0,0,0,0
CARRILLO,0,0,0,0
CARTAGO,0,0,0,0
CD._QUESADA,0.92,1.44,11.432,3.04
CORREDORES,0,0,0,0
COTO_BRUS,0,0,0.232,0
CURRIDABAT,0,0,0,0
DESAMPARADOS,0,0,0,0
DOTA,0,0,0,0
EL_GUARCO,0,0,0,0
ESPARZA,0,0,0,0
ESCAZU,0,0,0,0
FLORES,0,0,0,0
GARABITO,0,0,0,0
GOICOECHEA,0,0,0,0
GOLFITO,0,0,0,0
GRECIA,0,0,0,0
GUACIMO,0.006,0.132,0.006,0
GUAPILES,0.016,0.04,0,0
GUATUSO,0,0.024,0,0
HEREDIA,0.032,0,0.192,0
HOJANCHA,0,0,0,0
JIMENEZ,0,0,0.006,0
LA_CRUZ,0,0,0,0
LA_UNION,0,0,0,0
LEON_CORTEZ,0,0,0,0
LIBERIA,0,0,0,0
LIMON,0.264,4.936,0,0
LOS_CHILES,0,0,0.064,3.224
MATINA,0,1.131,0,0
MONTES_DE_OCA,0,0,0,0
MONTES_DE_ORO,0,0,0,0
MORA,0,0,0,0
MORAVIA,0,0,0,0
NANDAYURE,0,0,0,0
NARANJO,0,0,0,0
NICOYA,0,0,0,0
OREAMUNO,0,0,0,0
OROTINA,0,0,0,0
OSA,0,0,0,0
PALMARES,0,0,0,0
PARAISO,0,0,0,0
PARRITA,0,0,0,0
PAVAS,0,0,0,0
PEREZ_ZELEDON,0,0,3.606,0.009
POAS,0,0,0,0
POCOCI,0,0.015,0,0
PTO_VIEJO,0.376,0.616,0.088,0
PUNTARENAS,0,0,0,0
PURISCAL,0,0,0,0
QUEPOS,0,0,0.02,0
SAN_CARLOS,0,0,0,0
SAN_ISIDRO,0,0,9.616,0.024
SAN_JOSE,0,0,0,0
SAN_MARCOS,0,0,0,0
SAN_MATEO,0,0,0,0
SAN_PABLO,0,0,0,0
SAN_RAFAEL,0,0,0,0
SAN_RAMON,0,0,0,0
SANTA_ANA,0,0,0,0
SANTA_BARBARA,0,0,0,0
SANTA_CRUZ,0,0,0,0
SANTO_DOMINGO,0,0,0,0
SARAPIQUI,0.376,0.616,0.088,0
SIQUIRRES,0,0.282,0,0
SIXAOLA,0.064,0.152,0,0
TALAMANCA,0,0.084,0,0
TARRAZU,0,0,0,0
TIBAS,0,0,0,0
TILARAN,0.423,0.504,0,0
TORTUGUERO,2.375,0.875,0.49,0.565
TURRIALBA,0,0,0,0
TURRUBARES,0,0,0,0
UPALA,0,0,0.032,0.144
VALVERDE_VEGA,0,0,0,0
VAZQUEZ,0.018,0,2.844,1.416
