ALAJUELA,0.0066,0,2.6719,0
ABANGARES,0,0,0.063,0
ACOSTA,0,0,0.273,0.0912
AGUIRRE,0,0,0,0
ALAJUELITA,0,0,0.036,0
ALFARO_RUIZ,0.0069,0,0.3693,0.069
ALVARADO,0,0,0.0846,0.0294
ASERRI,0,0,0,0
ATENAS,0,0,0.0039,0
BAGACES,0,0,0,0
BARVA,0,0,0.0015,0
BELEN,0,0,0.8703,0
BUENOS_AIRES,1.2184,0.181,2.6185,0.0106
CANAS,0,0,0,0
CARRILLO,0,0,0,0
CARTAGO,0,0,0.0204,0
CD._QUESADA,0,0.128,0,0
CORREDORES,0.8193,0.405,0.2208,0
COTO_BRUS,0.4592,0,0.1608,0.2576
CURRIDABAT,0,0,0.1548,0.0006
DESAMPARADOS,0,0,0.0624,0
DOTA,0.0003,0,4.6599,3.9432
EL_GUARCO,0,0,0,0
ESPARZA,0,0,0.0801,0
ESCAZU,0.0009,0,0.3715,0.0114
FLORES,0,0,0.1392,0
GARABITO,0,2.046,0,0
GOICOECHEA,0,0,0.093,0.0072
GOLFITO,0.0008,0,0.2008,0.5024
GRECIA,0.4317,0,3.6087,0.0048
GUACIMO,0,0,0,0
GUAPILES,0,0,0,0
GUATUSO,0,0,0,0
HEREDIA,0,0,0.2432,0.0368
HOJANCHA,0.1062,0,0.5325,0.054
JIMENEZ,0,0,0.0096,0
LA_CRUZ,0,0,0.0594,0.0282
LA_UNION,0,0,0,0
LEON_CORTEZ,0.0564,0,3.5493,4.8939
LIBERIA,0,0,0,0
LIMON,0,0,0,0
LOS_CHILES,0,0,0,0.0768
MATINA,0,0,0,0
MONTES_DE_OCA,0,0,0.1347,0.009
MONTES_DE_ORO,0,0,2.0619,0.0018
MORA,0.1626,0,0.2844,0.5088
MORAVIA,0.0006,0,0.0444,0.0024
NANDAYURE,0,0,0.0309,0
NARANJO,0.0921,0,0.2142,0
NICOYA,0,0,0.1656,0.0016
OREAMUNO,0,0,0.0492,0
OROTINA,0,0,3.0765,0.0108
OSA,0,0,0.1335,0.051
PALMARES,0.0879,0,0.0486,0
PARAISO,0,0,0,0
PARRITA,0,0,0,0
PAVAS,0,0,0,0
PEREZ_ZELEDON,0.0051,0,0.975,0.0102
POAS,0.0027,0,0.2964,0.0522
POCOCI,0,0,0,0
PTO_VIEJO,0,0,0,0
PUNTARENAS,0.0066,0,0.5148,0
PURISCAL,0.0315,0,12.7254,1.4676
QUEPOS,0,0,0,0
SAN_CARLOS,0.0078,0,1.7562,0.5454
SAN_ISIDRO,0.0136,0,2.6,0.0272
SAN_JOSE,0,0,0.3066,0.1392
SAN_MARCOS,0.2185,0.01,5.5425,8.5845
SAN_MATEO,0,0,5.4753,0.0072
SAN_PABLO,0,0,0,0
SAN_RAFAEL,0,0,0.0594,0
SAN_RAMON,0.1008,0.008,0,0
SANTA_ANA,0,0,0.0078,0
SANTA_BARBARA,0,0,0.5226,0.009
SANTA_CRUZ,0,0,0,0
SANTO_DOMINGO,0,0,0.0483,0.0024
SARAPIQUI,0,0,0,0
SIQUIRRES,0,0,0,0
SIXAOLA,0,0,0,0
TALAMANCA,0,0,0,0
TARRAZU,0.3045,0.018,1.1226,3.3312
TIBAS,0,0,0.1179,0.0132
TILARAN,0,0,0.0498,0.0102
TORTUGUERO,0,0,0,0
TURRIALBA,0,0,0.26,0.0088
TURRUBARES,0,0,0,0
UPALA,0,0,0,0
VALVERDE_VEGA,0.1401,0,0.4218,0
VAZQUEZ,0.0216,0,0.729,0.1278
