ALAJUELA,0,0,0,0
ABANGARES,0,0,0,0
ACOSTA,0,0,0,0
AGUIRRE,0,0,0.0006,0
ALAJUELITA,0,0,0.0015,0
ALFARO_RUIZ,0,0,0,0
ALVARADO,0,0,0,0
ASERRI,0,0,0,0
ATENAS,0,0,0,0
BAGACES,0,0,0,0
BARVA,0,0,0,0
BELEN,0,0,0,0
BUENOS_AIRES,0,0,0,0
CANAS,0,0,0,0
CARRILLO,0,0,0,0
CARTAGO,0,0,0,0
CD._QUESADA,0.1392,0.0016,0,0
CORREDORES,0,0,0,0
COTO_BRUS,0.076,0,2.4024,0
CURRIDABAT,0,0,0.0072,0
DESAMPARADOS,0,0,0,0
DOTA,0,0,0,0.006
EL_GUARCO,0,0,0,0
ESPARZA,0,0,0,0
ESCAZU,0,0,0,0
FLORES,0,0,0,0
GARABITO,0,0,0.8409,0
GOICOECHEA,0.0234,0,0.0759,0
GOLFITO,0,0,0,0.024
GRECIA,0,0,0,0
GUACIMO,0,0,0,0
GUAPILES,0,0,0,0
GUATUSO,0.1776,1.3179,0,0
HEREDIA,0.0232,0,0.1672,0
HOJANCHA,0,0,0,0
JIMENEZ,0,0,0,0
LA_CRUZ,0,0,0,0
LA_UNION,0,0,0,0
LEON_CORTEZ,0,0,0,0.441
LIBERIA,0,0,0,0
LIMON,0.008,0,0,0
LOS_CHILES,0.032,0.884,0,2.08
MATINA,0,0,0,0
MONTES_DE_OCA,0.0021,0,0.1056,0
MONTES_DE_ORO,0,0,0,0
MORA,0,0,0,0
MORAVIA,0.0576,0,0.1596,0
NANDAYURE,0,0,0,0
NARANJO,0,0,0,0
NICOYA,0,0,0,0
OREAMUNO,0,0,0,0
OROTINA,0,0,0.003,0
OSA,0,0,0,0
PALMARES,0,0,0,0
PARAISO,0,0,0,0
PARRITA,0,0.054,0,0
PAVAS,0,0,0,0
PEREZ_ZELEDON,0.0027,0,0.0846,0
POAS,0,0,0,0
POCOCI,0,0,0,0
PTO_VIEJO,3.6568,0.0128,0,0
PUNTARENAS,0,0,0,0
PURISCAL,0,0,0,0
QUEPOS,0.006,0,0.017,0
SAN_CARLOS,0,0,0,0
SAN_ISIDRO,0.0072,0,0.2256,0
SAN_JOSE,0,0,0,0
SAN_MARCOS,0,0,0,0.215
SAN_MATEO,0,0,0.015,0
SAN_PABLO,0,0,0,0
SAN_RAFAEL,0,0,0,0
SAN_RAMON,0,0,0,0
SANTA_ANA,0.0051,0,0.0144,0
SANTA_BARBARA,0,0,0,0
SANTA_CRUZ,0,0,0,0
SANTO_DOMINGO,0,0,0,0
SARAPIQUI,3.6568,0.0128,0,0
SIQUIRRES,0,0,0,0
SIXAOLA,0,0,0,0
TALAMANCA,0,0,0,0
TARRAZU,0.0018,0,0.0078,0.06
TIBAS,0.0465,0,0.1374,0
TILARAN,0,0,0,0
TORTUGUERO,0.3165,0.0905,0,0
TURRIALBA,0,0,0,0
TURRUBARES,0,0,0,0
UPALA,0.3664,0.6648,0,0.176
VALVERDE_VEGA,0,0,0,0
VAZQUEZ,0.0342,0,0.4083,0
