ALAJUELA,0,0,0,0
ABANGARES,0,0,0,0
ACOSTA,0,0,0,0
AGUIRRE,0,0,0,0
ALAJUELITA,0,0,0.246,0
ALFARO_RUIZ,1.26,0.876,3.024,0.336
ALVARADO,1.782,1.617,1.866,0.051
ASERRI,0.222,0.024,0.864,0
ATENAS,0,0,0,0
BAGACES,0,0,0,0
BARVA,0,0,0,0
BELEN,0,0,0,0
BUENOS_AIRES,0,0,0.003,0
CANAS,0,0,0,0
CARRILLO,0,0,0,0
CARTAGO,0.594,1.098,0.756,0
CD._QUESADA,0.008,0.064,0,0.064
CORREDORES,0.036,0,0.189,0
COTO_BRUS,0,0,0,0.04
CURRIDABAT,0,0,0.786,0.114
DESAMPARADOS,0,0,0.609,0.018
DOTA,0,0,0.432,0.675
EL_GUARCO,0.069,0.153,0.114,0
ESPARZA,0,0,0,0
ESCAZU,0,0,0.045,0
FLORES,0,0,0,0
GARABITO,0,0,0,0
GOICOECHEA,0.087,0.051,0.609,0.015
GOLFITO,0,0,0,0
GRECIA,0,0,0.003,0
GUACIMO,0.453,1.494,0.189,2.964
GUAPILES,2.512,5.12,1.304,12.904
GUATUSO,0.003,0.018,0.039,0.48
HEREDIA,7.8,7.632,6.6,7.904
HOJANCHA,0,0,0,0
JIMENEZ,4.527,2.451,1.689,0.105
LA_CRUZ,0,0,0,0
LA_UNION,0,0,0.072,0.003
LEON_CORTEZ,0.003,0,1.971,0.201
LIBERIA,0,0,0,0
LIMON,0.952,3.264,0.736,0.104
LOS_CHILES,0,0,0,0.288
MATINA,0.096,2.718,0.132,1.032
MONTES_DE_OCA,0.003,0,0.222,0.015
MONTES_DE_ORO,0,0,0,0
MORA,0,0,0,0
MORAVIA,0.279,0.183,1.176,0
NANDAYURE,0,0,0,0
NARANJO,0,0,0.132,0.003
NICOYA,0,0,0,0
OREAMUNO,0.375,0.777,0.414,0
OROTINA,0,0,0,0
OSA,0,0,0,0
PALMARES,0,0,0.048,0
PARAISO,0.432,0.174,0.258,0
PARRITA,0,0,0,0
PAVAS,0.02,0,0,0
PEREZ_ZELEDON,0,0,0,0
POAS,0,0,0.006,0
POCOCI,1.299,2.031,0.84,4.446
PTO_VIEJO,1.208,3.168,0.128,5.048
PUNTARENAS,0,0,0,0
PURISCAL,0,0,0.621,0.009
QUEPOS,0,0,0,0
SAN_CARLOS,3.378,2.571,0.657,0.06
SAN_ISIDRO,0,0,0,0
SAN_JOSE,2.304,1.92,3.036,0.066
SAN_MARCOS,0,0,7.525,1.14
SAN_MATEO,0,0,0,0
SAN_PABLO,0,0,0,0
SAN_RAFAEL,0,0,0,0
SAN_RAMON,0.232,0.144,0.112,0.008
SANTA_ANA,0.033,0.003,0.048,0
SANTA_BARBARA,0,0,0.003,0
SANTA_CRUZ,0,0,0,0
SANTO_DOMINGO,0,0,0,0
SARAPIQUI,1.208,3.168,0.128,5.048
SIQUIRRES,0.63,3.408,0.597,4.779
SIXAOLA,0.704,13.288,5.2,0.92
TALAMANCA,0.855,1.062,0.192,1.296
TARRAZU,0,0,4.167,0.099
TIBAS,0.087,0.018,0.129,0
TILARAN,1.005,0.738,0.732,0.189
TORTUGUERO,0.015,0.11,0,0.04
TURRIALBA,13.912,4.136,8.056,0.944
TURRUBARES,0,0,0,0
UPALA,0,0,0,0.472
VALVERDE_VEGA,0,0,0.042,0
VAZQUEZ,1.806,0.84,2.961,0.858
