ALAJUELA,0,0,0,0
ABANGARES,0,0,0,0
ACOSTA,0,0,0,0
AGUIRRE,0,0,0,0
ALAJUELITA,0,0,0,0
ALFARO_RUIZ,0,0,0.3243,0.0015
ALVARADO,0,0,0,0
ASERRI,0,0,0,0
ATENAS,0,0,0,0
BAGACES,0,0,0,0
BARVA,0,0,0,0
BELEN,0,0,0,0
BUENOS_AIRES,0.3444,0.176,0.1834,0
CANAS,0,0,0,0
CARRILLO,0,0,0,0
CARTAGO,0,0,0,0
CD._QUESADA,0,0,0,0
CORREDORES,0.0303,0,0.1047,0.0009
COTO_BRUS,1.1616,0,6.3808,0.364
CURRIDABAT,0,0,0.0696,0
DESAMPARADOS,0,0,0.0078,0
DOTA,0.0006,0,0.2196,0.4065
EL_GUARCO,0,0,0,0
ESPARZA,0.0003,0,0.6144,0
ESCAZU,0,0,0.002,0
FLORES,0,0,0,0
GARABITO,0.0048,0,0,0
GOICOECHEA,0.0066,0,0.2883,0
GOLFITO,0,0,0.0424,0.1552
GRECIA,0.0048,0,0.0639,0
GUACIMO,0,0,0,0
GUAPILES,0,0,0,0
GUATUSO,0,0,0,0
HEREDIA,0,0,0,0
HOJANCHA,0,0,0,0
JIMENEZ,0,0,0,0
LA_CRUZ,0,0,0.0039,0
LA_UNION,0,0,0,0
LEON_CORTEZ,0.0255,0,0.7719,0.6852
LIBERIA,0,0,0,0
LIMON,0,0,0,0
LOS_CHILES,0,0,0,0
MATINA,0,0,0,0
MONTES_DE_OCA,0,0,0.1428,0
MONTES_DE_ORO,0,0,0.003,0
MORA,0,0,0,0
MORAVIA,0.0231,0,0.7371,0
NANDAYURE,0,0,0,0
NARANJO,0,0,0.0294,0
NICOYA,0,0,0,0
OREAMUNO,0,0,0,0
OROTINA,0,0,0.159,0
OSA,0,0,0.0042,0.1143
PALMARES,0,0,0,0
PARAISO,0,0,0,0
PARRITA,0,0,0.0942,0.0018
PAVAS,0,0,0.008,0
PEREZ_ZELEDON,0.0024,0,0.3294,0.0021
POAS,0.006,0,0.1038,0
POCOCI,0,0,0,0
PTO_VIEJO,0,0,0,0
PUNTARENAS,0.0066,0,0.1199,0
PURISCAL,0,0,0.5163,0.0534
QUEPOS,0,0,0,0
SAN_CARLOS,0,0,0,0
SAN_ISIDRO,0.0064,0,0.8784,0.0056
SAN_JOSE,0,0,0,0
SAN_MARCOS,0.0345,0,1.079,0.86
SAN_MATEO,0,0,0.5079,0
SAN_PABLO,0,0,0,0
SAN_RAFAEL,0,0,0,0
SAN_RAMON,0,0,0,0
SANTA_ANA,0,0,0.0057,0
SANTA_BARBARA,0,0,0,0
SANTA_CRUZ,0,0,0,0
SANTO_DOMINGO,0,0,0,0
SARAPIQUI,0,0,0,0
SIQUIRRES,0,0,0,0
SIXAOLA,0,0,0,0
TALAMANCA,0,0,0,0
TARRAZU,0.0276,0,0.7455,0.2412
TIBAS,0,0,0,0
TILARAN,0,0,0,0
TORTUGUERO,0,0,0,0
TURRIALBA,0,0,0,0
TURRUBARES,0,0,0,0
UPALA,0,0,0,0
VALVERDE_VEGA,0,0,0.0198,0
VAZQUEZ,0.0036,0,0.624,0.0762
