ALAJUELA,0.0003,0,1.1648,0.318
ABANGARES,0,0,0,0
ACOSTA,0,0,0.138,0.489
AGUIRRE,0.0321,0,1.1106,0
ALAJUELITA,0,0,0.1224,0
ALFARO_RUIZ,0,0,0.0522,0.009
ALVARADO,0,0,0.0132,0.057
ASERRI,0,0,0.054,0
ATENAS,0,0,0,0
BAGACES,0,0,0,0
BARVA,0,0,0,0
BELEN,0,0,0.3804,0.156
BUENOS_AIRES,0.4385,0,3.6842,0.036
CANAS,0,0,0,0
CARRILLO,0,0,0,0
CARTAGO,0,0,0.006,0
CD._QUESADA,0,0,0,0.024
CORREDORES,2.4573,0.084,1.26,0.036
COTO_BRUS,3.0976,0.008,7.6032,2.16
CURRIDABAT,0,0,0.6864,0
DESAMPARADOS,0,0,0.3162,0
DOTA,0,0,0.186,0.651
EL_GUARCO,0.0006,0,0.0012,0
ESPARZA,0.0006,0,0.231,0
ESCAZU,0,0,0,0
FLORES,0,0,0.057,0.027
GARABITO,0.5475,0,0.0198,0.0009
GOICOECHEA,0.0057,0,0.3564,0.033
GOLFITO,2.1584,0.032,2.9216,0.244
GRECIA,0.0003,0,0.9114,0.159
GUACIMO,0.021,0,0.153,0.018
GUAPILES,0.364,0,0.6512,0.032
GUATUSO,0,0,0.003,0
HEREDIA,0.2648,0,3.6,0.512
HOJANCHA,0,0,0.0162,0
JIMENEZ,0.0261,0,0.1752,0
LA_CRUZ,0,0,0.039,0
LA_UNION,0,0,0.12,0.006
LEON_CORTEZ,0.0153,0,0.0678,0
LIBERIA,0,0,0,0
LIMON,0,0,0,0
LOS_CHILES,0,0.04,0,0
MATINA,0.084,0,0,0
MONTES_DE_OCA,0,0,0.7014,0.009
MONTES_DE_ORO,0,0,0.189,0.0459
MORA,0,0,0.096,0.168
MORAVIA,0.0309,0,0.21,0.102
NANDAYURE,0,0,0,0
NARANJO,0,0,0.7074,0.012
NICOYA,0,0,0.224,0
OREAMUNO,0,0,0.015,0.006
OROTINA,0,0,0.0222,0.006
OSA,0,0,0.024,0.033
PALMARES,0.0009,0,0.5304,0
PARAISO,0.0057,0.036,0,0
PARRITA,2.3169,0.201,9.3576,0.435
PAVAS,0,0,0,0
PEREZ_ZELEDON,0.0027,0,0.9312,0.978
POAS,0,0,1.0386,0.255
POCOCI,0.219,0,0.3156,0.024
PTO_VIEJO,0,0,0.0016,0
PUNTARENAS,0,0,0,0
PURISCAL,0.0009,0,0.756,0.1122
QUEPOS,0.025,0,1.173,0.005
SAN_CARLOS,0.0213,0.003,1.2984,0.2115
SAN_ISIDRO,0.0072,0,2.4832,2.608
SAN_JOSE,0,0,0.0192,0.078
SAN_MARCOS,0.0005,0,0.115,0.02
SAN_MATEO,0,0,0.0264,0.03
SAN_PABLO,0,0,0,0
SAN_RAFAEL,0,0,0,0
SAN_RAMON,0.4488,0.224,0.7984,0.024
SANTA_ANA,0,0,0.108,0.405
SANTA_BARBARA,0,0,0.7608,0.108
SANTA_CRUZ,0,0,0.1888,0
SANTO_DOMINGO,0.0003,0,0.0018,0
SARAPIQUI,0,0,0.0016,0
SIQUIRRES,0.1182,0,0.0252,0.033
SIXAOLA,0.78,1.664,0,0
TALAMANCA,1.2648,0.648,0.0198,0
TARRAZU,0,0,0.1116,0.051
TIBAS,0.0162,0,0.0294,0.003
TILARAN,0,0,0,0
TORTUGUERO,0,0,0,0.0035
TURRIALBA,0.2336,0.032,1.7776,0.064
TURRUBARES,0,0,0,0
UPALA,0,0,0,0
VALVERDE_VEGA,0.0003,0,1.1484,0.006
VAZQUEZ,0.0144,0,1.3554,0.2331
