ALAJUELA,0,0,0.048,0
ABANGARES,0,0,0,0
ACOSTA,0,0,0,0.009
AGUIRRE,0,0,0,0
ALAJUELITA,0.003,0,0.858,0.003
ALFARO_RUIZ,0.0996,0,3.615,0.141
ALVARADO,0.012,0,0.504,0.027
ASERRI,0.066,0,0.306,0
ATENAS,0,0,0,0
BAGACES,0,0,0,0
BARVA,0,0,0.303,0
BELEN,0,0,0,0
BUENOS_AIRES,0.0416,0.0009,0.012,0
CANAS,0,0,0,0
CARRILLO,0,0,0,0
CARTAGO,0,0,0.168,0.084
CD._QUESADA,3.4536,0.9568,0.04,2.736
CORREDORES,0.0975,0.0039,0.006,0
COTO_BRUS,0.4248,0.0256,0.376,0.152
CURRIDABAT,0,0,1.395,0.102
DESAMPARADOS,0.003,0,1.002,0.024
DOTA,0,0,0.195,2.07
EL_GUARCO,0,0,0.012,0
ESPARZA,0,0,0,0
ESCAZU,0,0,0.015,0.015
FLORES,0,0,0,0
GARABITO,0,0.036,0,0
GOICOECHEA,0.036,0,0.561,0.057
GOLFITO,0,0.0016,0.024,0.048
GRECIA,0,0,0.117,0
GUACIMO,0.3858,0,0.003,0
GUAPILES,1.6896,0.0024,0.144,0.008
GUATUSO,0.2349,2.1807,0,0
HEREDIA,2.6496,1.3144,3.168,1.808
HOJANCHA,0,0,0,0
JIMENEZ,0.648,0,0.492,0
LA_CRUZ,0,0,0,0
LA_UNION,0,0,0.132,0.003
LEON_CORTEZ,0,0,0.435,0.63
LIBERIA,0,0,0,0
LIMON,0.048,0.0056,0.104,0
LOS_CHILES,0,2.6872,0,0.04
MATINA,0.003,0.0096,0.021,0
MONTES_DE_OCA,0.006,0,0.636,0.099
MONTES_DE_ORO,0,0,0,0
MORA,0,0,0,0
MORAVIA,0.0843,0,0.786,0.006
NANDAYURE,0,0,0,0
NARANJO,0,0,0.156,0
NICOYA,0,0,0,0
OREAMUNO,0,0,0.156,0.12
OROTINA,0,0,0,0
OSA,0.0672,0.0414,0.012,0.015
PALMARES,0,0,0.039,0
PARAISO,0.0612,0,0.024,0
PARRITA,0,0,0.006,0
PAVAS,0.005,0,0.21,0
PEREZ_ZELEDON,0.0003,0.0042,0.114,0.189
POAS,0,0,0.135,0
POCOCI,0.666,0.0003,0.174,0.054
PTO_VIEJO,2.9064,2.98,0.216,0
PUNTARENAS,0,0,0,0
PURISCAL,0,0,0.132,0.168
QUEPOS,0,0,0,0
SAN_CARLOS,0.042,0.0039,3.678,0.678
SAN_ISIDRO,0.0008,0.0112,0.304,0.504
SAN_JOSE,0,0,0.96,0.12
SAN_MARCOS,0,0,0.945,1.61
SAN_MATEO,0,0,0,0
SAN_PABLO,0.033,0,0.465,0
SAN_RAFAEL,0.123,0,1.257,0
SAN_RAMON,0,0,1,0
SANTA_ANA,0.066,0,0.318,0
SANTA_BARBARA,0,0,0.129,0
SANTA_CRUZ,0,0,0,0
SANTO_DOMINGO,0.018,0,0.36,0
SARAPIQUI,2.9064,2.98,0.216,0
SIQUIRRES,0.249,0.0006,0.012,0
SIXAOLA,0,0,0,0
TALAMANCA,2.3997,0,0,0
TARRAZU,0,0,0.501,1.542
TIBAS,0.039,0,0.42,0
TILARAN,0,0.159,0,0
TORTUGUERO,1.0675,0.0515,0,1.29
TURRIALBA,3.304,0,3.84,0.008
TURRUBARES,0,0,0,0
UPALA,0.0008,3.6152,0,0.072
VALVERDE_VEGA,0,0,0.348,0
VAZQUEZ,0.9006,0,9.036,1.182
