ALAJUELA,0.055,0,1.301,0.003
ABANGARES,0,0,0.372,0
ACOSTA,0.192,0,3.441,0.144
AGUIRRE,0,0,0,0
ALAJUELITA,0.039,0,0.036,0.009
ALFARO_RUIZ,0.018,0,1.647,0.225
ALVARADO,0.003,0,1.098,0.27
ASERRI,0.126,0,0.192,0
ATENAS,0,0,0,0
BAGACES,0,0,0,0
BARVA,0,0,1.341,0.012
BELEN,0.006,0,0.438,0
BUENOS_AIRES,1.294,0,1.562,0.167
CANAS,0,0,0,0
CARRILLO,0,0,0,0
CARTAGO,0.072,0,13.95,0.222
CD._QUESADA,0,0.004,0,0
CORREDORES,0.141,0,4.266,0.36
COTO_BRUS,3.28,0,4.896,1.2848
CURRIDABAT,0.072,0.0003,0.912,0.03
DESAMPARADOS,0.114,0.0009,0.105,0.003
DOTA,0.006,0,0.723,0.0756
EL_GUARCO,0.066,0,2.307,0
ESPARZA,0,0,0,0
ESCAZU,0,0,0,0
FLORES,0,0,0.105,0
GARABITO,0,0.0297,0,0
GOICOECHEA,0.057,0,0.513,0.003
GOLFITO,0,0,0,0.152
GRECIA,0.018,0,0.48,0
GUACIMO,0,0,0,0
GUAPILES,0,0,1.52,0.016
GUATUSO,0,0,0,0
HEREDIA,0,0,5.392,0.808
HOJANCHA,0,0,0,0
JIMENEZ,0.003,0,0.327,0.021
LA_CRUZ,0,0,0,0
LA_UNION,0.051,0,3.594,0.186
LEON_CORTEZ,0.003,0,3.282,0.432
LIBERIA,0,0,0,0
LIMON,0,0,0,0
LOS_CHILES,0,0,0,0
MATINA,0,0,0,0
MONTES_DE_OCA,0.096,0,0.855,0
MONTES_DE_ORO,0,0,1.359,0
MORA,0,0,0.042,0.102
MORAVIA,0.006,0,0.18,0
NANDAYURE,0,0,0,0
NARANJO,0.069,0,2.928,0
NICOYA,0,0,0,0
OREAMUNO,0.048,0.0003,7.308,0.33
OROTINA,0.006,0,0,0
OSA,0,0,0,0
PALMARES,0.06,0,2.847,0
PARAISO,0,0.0003,0.777,0.036
PARRITA,0,0,0,0
PAVAS,0,0,0.455,0
PEREZ_ZELEDON,0.036,0.0144,0.684,0
POAS,0.003,0,0.378,0.003
POCOCI,0,0,0.408,0.015
PTO_VIEJO,0,0,0,0
PUNTARENAS,0,0,0,0
PURISCAL,0,0,0.09,0.018
QUEPOS,0,0,0,0
SAN_CARLOS,0.009,0.0051,1.728,0.264
SAN_ISIDRO,0.096,0.0384,1.824,0
SAN_JOSE,0.012,0,2.832,0.792
SAN_MARCOS,0,0,2.2,0.265
SAN_MATEO,0.024,0,0,0
SAN_PABLO,0,0,0.153,0.021
SAN_RAFAEL,0.006,0,0.792,0.039
SAN_RAMON,0.104,0,1.24,0
SANTA_ANA,0,0,0.036,0.021
SANTA_BARBARA,0.102,0,2.223,0.051
SANTA_CRUZ,0,0,0,0
SANTO_DOMINGO,0,0,0.801,0.021
SARAPIQUI,0,0,0,0
SIQUIRRES,0,0,0,0
SIXAOLA,0,0,0,0
TALAMANCA,0,0,0,0
TARRAZU,0,0,0.528,0.06
TIBAS,0.018,0,0.726,0.021
TILARAN,0,0,0,0
TORTUGUERO,0,0.0135,0,0
TURRIALBA,0,0,0.04,0
TURRUBARES,0,0,0,0
UPALA,0,0,0,0
VALVERDE_VEGA,0.06,0,2.604,0
VAZQUEZ,0.006,0,0.642,0.348
