ALAJUELA,0,0,0,0
ABANGARES,0,0,0,0
ACOSTA,0,0,0,0
AGUIRRE,0.003,0,0.06,0
ALAJUELITA,0,0,0.321,0.111
ALFARO_RUIZ,0.255,0,2.949,1.542
ALVARADO,0.021,0,1.167,0.204
ASERRI,0.108,0.018,0.12,0
ATENAS,0,0,0,0
BAGACES,0,0,0,0
BARVA,0.012,0,0.057,0
BELEN,0,0,0,0
BUENOS_AIRES,0.512,0,1.117,0.228
CANAS,0,0,0,0
CARRILLO,0,0,0,0
CARTAGO,0.018,0,0.408,0.006
CD._QUESADA,1.288,0.024,0,0
CORREDORES,0.003,0.045,0.033,0
COTO_BRUS,0.52,0,1.6,0.472
CURRIDABAT,0,0,0.738,0.375
DESAMPARADOS,0,0,0.378,0.108
DOTA,0.006,0,0.33,0.486
EL_GUARCO,0,0,0,0
ESPARZA,0,0,0,0
ESCAZU,0,0,0,0
FLORES,0,0,0,0
GARABITO,0.012,0,0,0
GOICOECHEA,0.15,0.018,0.993,0.921
GOLFITO,0,0,0.048,0.168
GRECIA,0.003,0,5.697,0
GUACIMO,0,2.163,0.642,2.415
GUAPILES,0,4.24,3.72,7.176
GUATUSO,0.48,1.206,0.108,0.294
HEREDIA,0.576,1.496,8.72,8.024
HOJANCHA,0,0,0.015,0
JIMENEZ,0.195,0,1.563,0.054
LA_CRUZ,0,0,0,0
LA_UNION,0,0,0,0
LEON_CORTEZ,0.006,0,0.057,5.238
LIBERIA,0,0,0,0
LIMON,0.056,3.136,0,2.52
LOS_CHILES,0.032,0,0,0
MATINA,0.006,3.972,0.309,1.425
MONTES_DE_OCA,0.006,0,1.098,0.606
MONTES_DE_ORO,0,0,0,0
MORA,0,0,0,0.006
MORAVIA,0.444,0.063,0.984,1.257
NANDAYURE,0,0,0,0
NARANJO,0.009,0,2.037,0.003
NICOYA,0,0,0,0
OREAMUNO,0.015,0,0.225,0.003
OROTINA,0,0,0,0
OSA,0,0,0.024,0.051
PALMARES,0.006,0,0.27,0.003
PARAISO,0.021,0,0.252,0
PARRITA,0,0,0.015,0
PAVAS,0,0,0.075,0
PEREZ_ZELEDON,0,0,0.867,0.117
POAS,0,0,1.593,0
POCOCI,0,1.554,1.599,2.79
PTO_VIEJO,2.16,8.688,0.296,2.976
PUNTARENAS,0,0,0,0
PURISCAL,0,0,0.063,0.153
QUEPOS,0,0,0.07,0
SAN_CARLOS,0.351,0.03,5.544,1.395
SAN_ISIDRO,0,0,2.312,0.312
SAN_JOSE,0.018,0,1.776,0.258
SAN_MARCOS,0.01,0,0.095,2.3
SAN_MATEO,0,0,0,0
SAN_PABLO,0.165,0,0.441,0
SAN_RAFAEL,0.204,0,0.486,0
SAN_RAMON,0.048,0.016,0.432,0.176
SANTA_ANA,0.081,0,0.24,0.003
SANTA_BARBARA,0,0,0,0.015
SANTA_CRUZ,0,0,0,0
SANTO_DOMINGO,0.108,0,0.375,0.012
SARAPIQUI,2.16,8.688,0.296,2.976
SIQUIRRES,0,1.047,0.984,2.664
SIXAOLA,0.56,1.616,0.952,4.016
TALAMANCA,0.09,2.007,0.066,6.015
TARRAZU,0,0,0.012,1.131
TIBAS,0.054,0.015,0.468,0.081
TILARAN,0.423,0.735,0.963,0.582
TORTUGUERO,1.415,0.33,0.005,0
TURRIALBA,0.232,0,4.512,0.928
TURRUBARES,0,0,0,0
UPALA,0.152,0.008,0,0.024
VALVERDE_VEGA,0,0,4.785,0.006
VAZQUEZ,3.306,0.078,5.706,9.558
