ALAJUELA,0,0,0,0.01
ABANGARES,0,0,0,0
ACOSTA,0,0,0,0
AGUIRRE,0,0,0.03,0
ALAJUELITA,0,0,0.057,1.227
ALFARO_RUIZ,0.363,0,1.518,1.17
ALVARADO,0.03,0,0.546,0.063
ASERRI,0,0,0,0.294
ATENAS,0,0,0.465,0
BAGACES,0,0,0,0.054
BARVA,0.261,0,0.546,0.579
BELEN,0,0,0.006,0.033
BUENOS_AIRES,0,0,0.122,0.032
CANAS,0,0,0,0
CARRILLO,0,0,0,0.159
CARTAGO,0.216,0,0.798,0.048
CD._QUESADA,0.272,0.448,0.2,2.208
CORREDORES,0.153,0.054,0.351,0.18
COTO_BRUS,0.128,0.008,0.016,0.008
CURRIDABAT,0,0,0.009,0.708
DESAMPARADOS,0,0,0.009,0.897
DOTA,0,0,0.057,0
EL_GUARCO,0.015,0,0.123,0
ESPARZA,0,0,0.981,0
ESCAZU,0,0,0.16,0.012
FLORES,0,0,0.006,0.126
GARABITO,0,0,0.21,0
GOICOECHEA,0.012,0,0.201,0.975
GOLFITO,0,0,1.216,0.016
GRECIA,0,0,0.003,0
GUACIMO,0,0,0.006,0.15
GUAPILES,0.096,0,0.552,0.232
GUATUSO,0.978,0.063,3.576,8.079
HEREDIA,0.96,0,1.432,1.544
HOJANCHA,0,0,0.006,0
JIMENEZ,0.003,0,1.011,0.252
LA_CRUZ,0,0,0,0
LA_UNION,0,0,0,0.045
LEON_CORTEZ,0,0,0.501,0.039
LIBERIA,0,0,0,0.104
LIMON,0.184,0,7.824,0.48
LOS_CHILES,0.008,2.24,2.248,1.984
MATINA,0.078,0,0,0.414
MONTES_DE_OCA,0,0,0.033,1.512
MONTES_DE_ORO,0,0,0.003,0
MORA,0,0,0.402,0.54
MORAVIA,0.063,0.006,0.495,0.78
NANDAYURE,0,0,0.024,0
NARANJO,0,0,0.006,0
NICOYA,0,0,0,0
OREAMUNO,0.15,0,0.24,0.105
OROTINA,0,0,1.242,0
OSA,0,0,0.003,0.003
PALMARES,0,0,0.126,0
PARAISO,0.036,0,0.354,0
PARRITA,0.003,0,0.036,0
PAVAS,0,0,0.12,0.225
PEREZ_ZELEDON,0.06,0,1.461,0.204
POAS,0,0,0,0
POCOCI,0.111,0,0.273,0.084
PTO_VIEJO,0,0,0,0.04
PUNTARENAS,0,0,1.342,0
PURISCAL,0,0,0.405,0.003
QUEPOS,0,0,0.07,0
SAN_CARLOS,0.159,0,1.191,0.798
SAN_ISIDRO,0.16,0,3.896,0.544
SAN_JOSE,0.066,0,0.648,0.186
SAN_MARCOS,0,0,0,0
SAN_MATEO,0,0,2.163,0
SAN_PABLO,0.417,0,0.894,0.636
SAN_RAFAEL,1.047,0.003,1.92,1.185
SAN_RAMON,0,0,0.232,0
SANTA_ANA,0,0,0.303,0.204
SANTA_BARBARA,0.057,0,0.159,0.126
SANTA_CRUZ,0,0,0,0
SANTO_DOMINGO,0.216,0,0.54,0.432
SARAPIQUI,0,0,0,0.04
SIQUIRRES,0.015,0,0.117,0.291
SIXAOLA,0,0,0,0.816
TALAMANCA,0.063,0,0.471,0.042
TARRAZU,0,0,0,0
TIBAS,0.051,0.009,0.285,0.477
TILARAN,0.027,0,0.339,0.06
TORTUGUERO,0.185,0.02,0.005,0.165
TURRIALBA,0,0,0.248,1
TURRUBARES,0,0,0.186,0
UPALA,0.144,0.12,2.392,1.288
VALVERDE_VEGA,0,0,0,0
VAZQUEZ,0.216,0.024,1.194,1.326
