ALAJUELA,0,0,6.026,0.067
ABANGARES,0,0,0,0.372
ACOSTA,0.903,0.09,0.069,1.038
AGUIRRE,37.68,11.955,1.386,1.002
ALAJUELITA,0,0,0.114,1.374
ALFARO_RUIZ,0.003,0,1.224,1.581
ALVARADO,0.003,0,0.132,0.42
ASERRI,0,0,0.312,2.22
ATENAS,0,0,0,0.015
BAGACES,0,0,0,0.012
BARVA,0,0,0.216,0.138
BELEN,0,0,0.204,0.039
BUENOS_AIRES,0.178,0,8.796,0.505
CANAS,0,0,0,0.008
CARRILLO,0,0,0.216,0.06
CARTAGO,0,0,1.302,3.066
CD._QUESADA,0,0,0,0.016
CORREDORES,6.027,0.408,1.986,23.172
COTO_BRUS,1.064,0,0.496,2.36
CURRIDABAT,0,0,0.378,2.1
DESAMPARADOS,0,0,0.072,1.596
DOTA,3.366,1.611,2.343,2.817
EL_GUARCO,0,0,0.387,1.464
ESPARZA,0,0,0,5.394
ESCAZU,0.035,0,0.066,0.003
FLORES,0,0,0.357,0.066
GARABITO,12.897,25.164,0.261,5.451
GOICOECHEA,0,0,0.576,1.725
GOLFITO,19.28,12.256,6.912,7.232
GRECIA,0.021,0,6.03,0.021
GUACIMO,0,0,0,0.345
GUAPILES,0,0,0,0.192
GUATUSO,0,0,0,1.842
HEREDIA,0,0,0,2.008
HOJANCHA,0,0,0,0.384
JIMENEZ,0,0,0.042,0.21
LA_CRUZ,0,0,0.021,0
LA_UNION,0,0,3.135,0.879
LEON_CORTEZ,3.585,0.444,8.82,1.689
LIBERIA,0,0,0,0
LIMON,0,0,0,8.472
LOS_CHILES,0,0,0.008,0.584
MATINA,0,0,0,0.258
MONTES_DE_OCA,0,0,0.543,2.052
MONTES_DE_ORO,0.003,0,0.225,4.647
MORA,0.012,0,0,0.042
MORAVIA,0,0,0.363,1.35
NANDAYURE,0,0,0,0
NARANJO,0.171,0,6.486,0.048
NICOYA,0,0,0,0.272
OREAMUNO,0,0,0.492,1.449
OROTINA,0,0,0.042,0.708
OSA,24.69,36.258,13.056,4.758
PALMARES,0.168,0,0.552,0.279
PARAISO,0,0,0.198,0.822
PARRITA,54.165,7.773,15.945,8.754
PAVAS,0,0,0.07,0.445
PEREZ_ZELEDON,4.218,11.631,13.479,10.17
POAS,0.012,0,2.748,0.459
POCOCI,0,0,0,0.054
PTO_VIEJO,0,0,0,11.88
PUNTARENAS,0.022,0,0,12.716
PURISCAL,0.834,0.03,0.564,0.126
QUEPOS,55.985,15.165,2.55,1.605
SAN_CARLOS,0,0,0,0
SAN_ISIDRO,11.248,31.016,35.944,27.12
SAN_JOSE,0.018,0,0.198,0.78
SAN_MARCOS,8.41,0.69,16.465,2.855
SAN_MATEO,0.006,0,0.024,0.858
SAN_PABLO,0,0,0.207,0.282
SAN_RAFAEL,0,0,0.195,0.255
SAN_RAMON,5.624,0,2.24,3.376
SANTA_ANA,0,0,0.135,0.303
SANTA_BARBARA,0,0,3.831,0.621
SANTA_CRUZ,0,0,0.464,0.136
SANTO_DOMINGO,0,0,0.147,0.342
SARAPIQUI,0,0,0,11.88
SIQUIRRES,0,0,0,0.087
SIXAOLA,0,0,0,0.936
TALAMANCA,0,0,0,3.582
TARRAZU,8.019,0.699,3.18,1.683
TIBAS,0,0,0.177,0.825
TILARAN,0,0,0,0.117
TORTUGUERO,0,0,0,0.12
TURRIALBA,0,0,0,0.384
TURRUBARES,0.006,0.195,0,0
UPALA,0,0,0,3.424
VALVERDE_VEGA,0.258,0,13.587,0.051
VAZQUEZ,0.006,0,1.35,7.2
