ALAJUELA,0,0,0.583,0.52
ABANGARES,0,0,1.254,0.561
ACOSTA,0,0,1.158,1.098
AGUIRRE,0.549,0,0.675,1.158
ALAJUELITA,0,0,5.961,2.799
ALFARO_RUIZ,0.03,0,4.521,1.911
ALVARADO,0,0,0.114,0.003
ASERRI,0,0,6.54,0.396
ATENAS,0,0,3.285,2.721
BAGACES,0,0,0.066,0.045
BARVA,0,0,0.648,0.036
BELEN,0,0,0.24,0.303
BUENOS_AIRES,1.75,2.776,23.201,26.174
CANAS,0,0,0,0
CARRILLO,0.03,0,2.625,0.012
CARTAGO,0,0,0.792,0
CD._QUESADA,0.424,0.016,0,8.52
CORREDORES,0.003,0.09,0.867,0.996
COTO_BRUS,0.016,0,19.96,3.36
CURRIDABAT,0.126,0,11.685,4.683
DESAMPARADOS,0.003,0,8.631,2.049
DOTA,0.03,0,3.912,3.912
EL_GUARCO,0,0,0.342,0
ESPARZA,0,0,12.363,7.182
ESCAZU,0,0,1.095,1.065
FLORES,0,0,0.306,0.153
GARABITO,0.36,0.855,3.33,0.051
GOICOECHEA,0.18,0,11.736,18.537
GOLFITO,0,0.024,37.928,0.536
GRECIA,0,0,6.102,8.535
GUACIMO,0,0,0,0
GUAPILES,0,0,0,0
GUATUSO,0,0,0.336,0.447
HEREDIA,0,0.2,0.048,0
HOJANCHA,0.42,0,13.725,0.681
JIMENEZ,0,0,0.018,0
LA_CRUZ,0,0,2.235,0.039
LA_UNION,0,0,7.725,0.075
LEON_CORTEZ,0.063,0,0.528,3.237
LIBERIA,0,0,0.264,0.008
LIMON,0,0,0,0
LOS_CHILES,0,0,0.12,8.48
MATINA,0,0,0,0
MONTES_DE_OCA,0.03,0,11.196,12.723
MONTES_DE_ORO,0,0,5.865,15.756
MORA,0,0,1.44,10.422
MORAVIA,0.42,0,11.454,15.558
NANDAYURE,1.2,0,7.173,0.069
NARANJO,0,0,13.671,6.78
NICOYA,0,0,45.264,0.536
OREAMUNO,0,0,0.363,0
OROTINA,0,0,3.441,1.143
OSA,0.378,0.048,1.212,0.432
PALMARES,0,0,20.616,0.879
PARAISO,0,0,0.348,0
PARRITA,18.297,0,3.138,1.173
PAVAS,0.15,0,2.41,3.995
PEREZ_ZELEDON,3.003,0,23.271,8.757
POAS,0,0,2.367,3.834
POCOCI,0,0,0.009,0
PTO_VIEJO,0.976,2.152,0,0.016
PUNTARENAS,0,0,47.212,4.708
PURISCAL,0,0,8.748,1.281
QUEPOS,0.815,0,1.38,2.165
SAN_CARLOS,0,0,0.261,0.318
SAN_ISIDRO,8.008,0,62.056,23.352
SAN_JOSE,0,0,0.276,0
SAN_MARCOS,0.11,0,1.395,5.975
SAN_MATEO,0,0,3.348,1.365
SAN_PABLO,0,0,1.929,0.291
SAN_RAFAEL,0,0,1.422,0.087
SAN_RAMON,0,0,69.072,13.032
SANTA_ANA,0.06,0,2.073,6.21
SANTA_BARBARA,0,0,0.459,0.234
SANTA_CRUZ,0,0,3.904,0
SANTO_DOMINGO,0.03,0,2.463,1.551
SARAPIQUI,0.976,2.152,0,0.016
SIQUIRRES,0,0,0,0
SIXAOLA,0,0,0,0
TALAMANCA,0,0,0,0
TARRAZU,0.06,0,1.02,1.614
TIBAS,0.15,0,6.807,8.316
TILARAN,0,0,0.015,0
TORTUGUERO,0.02,1.79,0,2.965
TURRIALBA,0,0,0.648,0.08
TURRUBARES,0.24,0,11.514,0.948
UPALA,0,0,9.72,21.296
VALVERDE_VEGA,0,0,4.77,6.375
VAZQUEZ,0.426,0,14.964,14.709
