ALAJUELA,0,0,0.008,0
ABANGARES,0,0,0,0
ACOSTA,0,0,0,0
AGUIRRE,0,0,0,0
ALAJUELITA,0,0,0.834,0.012
ALFARO_RUIZ,1.875,0.567,3.255,0.357
ALVARADO,1.014,0.288,0.897,0.003
ASERRI,0.324,0.018,0.93,0
ATENAS,0,0,0,0
BAGACES,0,0,0,0
BARVA,0.06,0,0.045,0
BELEN,0,0,0.003,0
BUENOS_AIRES,0.008,0,0.016,0
CANAS,0,0,0,0
CARRILLO,0,0,0,0
CARTAGO,0,0,0.018,0
CD._QUESADA,1.624,0,0,0.448
CORREDORES,0,0,0,0.003
COTO_BRUS,0.016,0,0.872,0.288
CURRIDABAT,0,0,1.563,0.057
DESAMPARADOS,0,0,1.122,0.027
DOTA,0.003,0,0.264,0.342
EL_GUARCO,0,0,0,0
ESPARZA,0,0,0,0
ESCAZU,0,0,0.018,0
FLORES,0,0,0,0
GARABITO,0,0,0,0
GOICOECHEA,0.078,0,0.819,0.114
GOLFITO,0,0,0,0
GRECIA,0,0,0,0
GUACIMO,0,3.924,0.006,0.543
GUAPILES,0,9.432,0.104,1.264
GUATUSO,0,1.779,1.071,0.12
HEREDIA,2.12,5.272,2.592,2.264
HOJANCHA,0,0,0,0
JIMENEZ,0.915,0.117,1.611,0.033
LA_CRUZ,0,0,0,0
LA_UNION,0,0,0.15,0
LEON_CORTEZ,0.003,0,0.354,0.609
LIBERIA,0,0,0,0
LIMON,0.84,16.144,0,0.832
LOS_CHILES,0.016,0,0.016,1.984
MATINA,0,3.969,0,1.188
MONTES_DE_OCA,0,0,0.834,0.078
MONTES_DE_ORO,0,0,0,0
MORA,0,0,0,0
MORAVIA,0.243,0.003,1.149,0.189
NANDAYURE,0,0,0,0
NARANJO,0,0,0.003,0
NICOYA,0,0,0,0
OREAMUNO,0.006,0.183,0.039,0.015
OROTINA,0,0,0,0
OSA,0,0,0,0
PALMARES,0,0,0,0
PARAISO,0.165,0,0.051,0
PARRITA,0,0,0,0
PAVAS,0,0,0.08,0
PEREZ_ZELEDON,0,0,0.024,0
POAS,0,0,0.003,0
POCOCI,0,3.414,0.075,0.405
PTO_VIEJO,0.12,7.424,0,0.528
PUNTARENAS,0,0,0,0
PURISCAL,0,0,1.698,0
QUEPOS,0,0,0,0
SAN_CARLOS,0.372,1.287,1.818,0.285
SAN_ISIDRO,0,0,0.064,0
SAN_JOSE,0.456,0.846,0.666,0
SAN_MARCOS,0,0,1.725,0.54
SAN_MATEO,0,0,0,0
SAN_PABLO,0.6,0.003,0.507,0
SAN_RAFAEL,0.663,0.03,0.507,0
SAN_RAMON,0,0,0,0
SANTA_ANA,0.069,0,0.117,0
SANTA_BARBARA,0,0,0.012,0
SANTA_CRUZ,0,0,0,0
SANTO_DOMINGO,0.258,0,0.309,0.003
SARAPIQUI,0.12,7.424,0,0.528
SIQUIRRES,0.015,5.373,0,0.66
SIXAOLA,22.48,1.384,1.032,0
TALAMANCA,2.238,1.005,0,0.024
TARRAZU,0,0,2.829,0.393
TIBAS,0.084,0,0.258,0.006
TILARAN,0,0.318,0.048,0.144
TORTUGUERO,2.35,0.005,0,0.13
TURRIALBA,0.768,0.344,2.96,0.152
TURRUBARES,0,0,0,0
UPALA,0,0.352,0.544,0.84
VALVERDE_VEGA,0,0,0,0
VAZQUEZ,4.062,0.006,6.954,6.366
