ALAJUELA,0,0,0.4648,0
ABANGARES,0,0,0,0
ACOSTA,0,0,0.0216,0
AGUIRRE,0,0,0,0
ALAJUELITA,0,0,0,0
ALFARO_RUIZ,0,0,0,0
ALVARADO,0,0,0,0
ASERRI,0,0,0,0
ATENAS,0,0,0,0
BAGACES,0,0,0,0
BARVA,0,0,0.0738,0
BELEN,0,0,0.219,0
BUENOS_AIRES,0.232,0.995,0.6272,0.243
CANAS,0,0,0,0
CARRILLO,0,0,0,0
CARTAGO,0,0,0.0504,0
CD._QUESADA,0,0.152,0,0
CORREDORES,2.184,0,1.6824,0.003
COTO_BRUS,0.08,0,0.7344,0
CURRIDABAT,0,0,0.012,0
DESAMPARADOS,0,0,0,0
DOTA,0,0,0.531,2.649
EL_GUARCO,0,0,0,0
ESPARZA,0,0,0,0
ESCAZU,0,0,0,0
FLORES,0,0,0.0876,0
GARABITO,0,0,0,0
GOICOECHEA,0,0,0,0
GOLFITO,0,0.016,0.5216,0.216
GRECIA,0,0,0,0
GUACIMO,0,0,0,0
GUAPILES,0,0,0.0256,0
GUATUSO,0,0,0,0
HEREDIA,0.024,0,0.4848,0
HOJANCHA,0,0,0,0
JIMENEZ,0,0,0.0396,0
LA_CRUZ,0,0,0,0
LA_UNION,0,0,0,0
LEON_CORTEZ,0.003,0.015,0.0114,0.12
LIBERIA,0,0,0,0
LIMON,0,0,0,0
LOS_CHILES,0,0,0,0
MATINA,0,0,0,0
MONTES_DE_OCA,0,0,0,0
MONTES_DE_ORO,0,0,0,0
MORA,0,0,0.4608,0.114
MORAVIA,0,0,0,0
NANDAYURE,0,0,0,0
NARANJO,0,0,0,0
NICOYA,0,0,0,0
OREAMUNO,0,0,0.0486,0
OROTINA,0,0,0,0
OSA,0,0,0.1278,0.048
PALMARES,0,0,0,0
PARAISO,0.003,0.003,0,0
PARRITA,0,0,0,0
PAVAS,0,0,0,0
PEREZ_ZELEDON,0,0.027,0.1938,0.252
POAS,0,0,0.003,0
POCOCI,0,0,0.0162,0
PTO_VIEJO,0,0,0,0
PUNTARENAS,0,0,0,0
PURISCAL,0,0,0.1812,0.102
QUEPOS,0,0,0,0
SAN_CARLOS,0.006,0.009,0,0
SAN_ISIDRO,0,0.072,0.5168,0.672
SAN_JOSE,0,0,0,0
SAN_MARCOS,0.015,0.01,0.155,0.345
SAN_MATEO,0,0,0,0
SAN_PABLO,0,0,0.0156,0
SAN_RAFAEL,0,0,0.0894,0
SAN_RAMON,0,0,0,0
SANTA_ANA,0,0,0,0
SANTA_BARBARA,0,0,0.192,0.009
SANTA_CRUZ,0,0,0,0
SANTO_DOMINGO,0,0,0.0036,0
SARAPIQUI,0,0,0,0
SIQUIRRES,0,0,0,0
SIXAOLA,0,0,0,0
TALAMANCA,0,0,0,0
TARRAZU,0.015,0.003,0.129,0.183
TIBAS,0,0,0,0
TILARAN,0,0,0,0
TORTUGUERO,0,0.03,0,0
TURRIALBA,0.04,0.008,0.008,0
TURRUBARES,0,0,0,0
UPALA,0,0,0,0
VALVERDE_VEGA,0,0,0,0
VAZQUEZ,0,0,0.0444,0
