ALAJUELA,0,0,0.243,0
ABANGARES,0.06,0,0.045,0.057
ACOSTA,0,0,0,0
AGUIRRE,0,0.054,0.609,0.354
ALAJUELITA,0.006,0,6.453,2.145
ALFARO_RUIZ,0,0,1.245,0.276
ALVARADO,0,0,0.018,0
ASERRI,0,0,0.678,0.036
ATENAS,0,0,0.501,0
BAGACES,0,0,0,0
BARVA,0,0,0,0
BELEN,0,0,0,0
BUENOS_AIRES,15.063,0.145,73.595,30.758
CANAS,0,0,0,0
CARRILLO,0,0,0,0
CARTAGO,0,0,0,0
CD._QUESADA,0,0,0,0
CORREDORES,13.743,0.552,17.421,14.919
COTO_BRUS,0.56,0.912,14.808,4.528
CURRIDABAT,0.138,0,3.999,3.813
DESAMPARADOS,0.003,0,4.119,2.376
DOTA,0.006,0,0.003,2.454
EL_GUARCO,0,0,0,0
ESPARZA,0.015,0,5.337,0.582
ESCAZU,0,0,0.006,0
FLORES,0,0,0,0
GARABITO,0.069,0.036,0.375,3.255
GOICOECHEA,0.219,0.147,5.328,3.24
GOLFITO,66.344,49.52,32.824,9.648
GRECIA,0.366,0,11.865,0.009
GUACIMO,0,0,0,0
GUAPILES,0,0,0,0
GUATUSO,0,0,0,0.024
HEREDIA,0.016,0,0.624,0.512
HOJANCHA,0,0,0.063,0
JIMENEZ,0,0,0,0
LA_CRUZ,0,0,0.48,0.003
LA_UNION,0,0,0.021,0
LEON_CORTEZ,0.108,0,0.006,4.716
LIBERIA,0,0,0,0
LIMON,0,0,0,0
LOS_CHILES,0,0,0,0.016
MATINA,0,0,0,0
MONTES_DE_OCA,0.126,0.006,5.847,4.56
MONTES_DE_ORO,0.111,0,0.198,0.18
MORA,0,0,0.738,0
MORAVIA,0.417,0.468,4.914,2.148
NANDAYURE,0,0,1.239,0
NARANJO,0.321,0,22.599,0.135
NICOYA,0,0,11.28,0.624
OREAMUNO,0,0,0,0
OROTINA,0.003,0,0.18,0.051
OSA,1.197,0.519,17.088,0.828
PALMARES,0.105,0,14.922,0
PARAISO,0,0,0,0
PARRITA,0,0.084,0.12,1.773
PAVAS,0,0,0.295,0.06
PEREZ_ZELEDON,0,0.009,12.513,9.624
POAS,0.024,0,3.375,0.087
POCOCI,0,0,0,0.003
PTO_VIEJO,0,0,0,0
PUNTARENAS,0.022,0,3.762,0.165
PURISCAL,0,0,0.408,0.15
QUEPOS,0.01,0.07,1.105,0.51
SAN_CARLOS,0,0,1.284,0.36
SAN_ISIDRO,0,0.024,33.368,25.664
SAN_JOSE,0,0,0.066,0
SAN_MARCOS,0.045,0,0.02,5.45
SAN_MATEO,0,0,0.528,0.072
SAN_PABLO,0.006,0,0.198,0.003
SAN_RAFAEL,0.015,0,0.237,0
SAN_RAMON,0.4,0.016,19.464,0
SANTA_ANA,0.033,0,1.854,0.051
SANTA_BARBARA,0,0,0,0.006
SANTA_CRUZ,0,0,0.032,0
SANTO_DOMINGO,0.003,0,0.153,0.045
SARAPIQUI,0,0,0,0
SIQUIRRES,0,0,0,0
SIXAOLA,0,0,0,0
TALAMANCA,0,0,0,0
TARRAZU,0.021,0,0.015,5.433
TIBAS,0.066,0,1.359,0.36
TILARAN,0,0,0.018,0.069
TORTUGUERO,0,0,0,0
TURRIALBA,0.008,0,0.424,0.056
TURRUBARES,0.099,0,0.003,0.015
UPALA,0,0,0,0.04
VALVERDE_VEGA,0.06,0,6.288,0.279
VAZQUEZ,0.432,0.294,10.482,9.744
