ALAJUELA,0,0,0,0
ABANGARES,0,0,0,0
ACOSTA,0,0,0,0
AGUIRRE,0,0,0,0
ALAJUELITA,0,0,0.285,0
ALFARO_RUIZ,0,0,0.654,0
ALVARADO,0,0,0.054,0
ASERRI,0,0,0.006,0
ATENAS,0,0,0,0
BAGACES,0,0,0,0
BARVA,0,0,0,0
BELEN,0,0,0,0
BUENOS_AIRES,0,0,0.008,0
CANAS,0,0,0,0
CARRILLO,0,0,0,0
CARTAGO,0,0,0,0
CD._QUESADA,0,0,0,0
CORREDORES,0.021,0,0,0
COTO_BRUS,0.32,0,10.936,0
CURRIDABAT,0,0,0.387,0
DESAMPARADOS,0,0,0.315,0
DOTA,0,0,0,0.0846
EL_GUARCO,0,0,0,0
ESPARZA,0,0,0,0
ESCAZU,0,0,0.003,0
FLORES,0,0,0,0
GARABITO,0,0,0,0
GOICOECHEA,0,0,0.3,0
GOLFITO,0,0,0,0.0064
GRECIA,0,0,0,0
GUACIMO,0,0,0,0
GUAPILES,0,0,0.056,0.0112
GUATUSO,0,0,0,0
HEREDIA,0,0,0.696,0.0736
HOJANCHA,0,0,0,0
JIMENEZ,0,0,0.006,0
LA_CRUZ,0,0,0,0
LA_UNION,0,0,0,0
LEON_CORTEZ,0,0,0,0.5418
LIBERIA,0,0,0,0
LIMON,0,0,0,0
LOS_CHILES,0,0,0,0
MATINA,0,0,0,0
MONTES_DE_OCA,0,0,0.198,0
MONTES_DE_ORO,0,0,0,0
MORA,0,0,0,0
MORAVIA,0,0,0.561,0
NANDAYURE,0,0,0,0
NARANJO,0,0,0,0
NICOYA,0,0,0,0
OREAMUNO,0,0,0,0
OROTINA,0,0,0,0
OSA,0,0,0.003,0
PALMARES,0,0,0,0
PARAISO,0,0,0,0
PARRITA,0,0,0,0
PAVAS,0,0,0,0
PEREZ_ZELEDON,0.03,0,0.039,0
POAS,0,0,0,0
POCOCI,0,0,0.009,0.0024
PTO_VIEJO,0,0,0,0
PUNTARENAS,0,0,0,0
PURISCAL,0,0,0.48,0
QUEPOS,0,0,0,0
SAN_CARLOS,0,0,0.549,0
SAN_ISIDRO,0.08,0,0.104,0
SAN_JOSE,0,0,0.006,0
SAN_MARCOS,0,0,0,0.5045
SAN_MATEO,0,0,0.003,0
SAN_PABLO,0,0,0,0
SAN_RAFAEL,0,0,0,0
SAN_RAMON,0,0,0,0
SANTA_ANA,0,0,0,0
SANTA_BARBARA,0,0,0.006,0
SANTA_CRUZ,0,0,0,0
SANTO_DOMINGO,0,0,0,0
SARAPIQUI,0,0,0,0
SIQUIRRES,0,0,0,0
SIXAOLA,0,0,0,0
TALAMANCA,0,0,0,0
TARRAZU,0,0,0,0.1332
TIBAS,0,0,0.012,0
TILARAN,0.006,0,0.621,0
TORTUGUERO,0,0,0,0.0295
TURRIALBA,0,0,0.024,0
TURRUBARES,0,0,0,0
UPALA,0,0,0,0.1264
VALVERDE_VEGA,0,0,0,0
VAZQUEZ,0,0,4.596,0.3168
