ALAJUELA,0,0,0,0
ABANGARES,0,0,0,0
ACOSTA,0,0,0,0
AGUIRRE,0,0,0,0
ALAJUELITA,0.009,0,0.303,0.003
ALFARO_RUIZ,0.003,0.207,1.59,0.015
ALVARADO,0.039,0,0.474,0
ASERRI,0.006,0,0.246,0
ATENAS,0,0,0.003,0
BAGACES,0,0,0,0
BARVA,0,0,0,0
BELEN,0,0,0,0
BUENOS_AIRES,0,0,0.062,0.008
CANAS,0,0,0,0
CARRILLO,0,0,0,0
CARTAGO,0.012,0,0.018,0
CD._QUESADA,0.032,0.016,0.104,3.984
CORREDORES,0,0.009,0.054,0.036
COTO_BRUS,0.088,0,2.96,0.152
CURRIDABAT,0,0,0.657,0.018
DESAMPARADOS,0.003,0,0.258,0.003
DOTA,0.018,0,0.153,0.03
EL_GUARCO,0,0,0,0
ESPARZA,0,0,0,0
ESCAZU,0,0,0,0
FLORES,0,0,0,0
GARABITO,0,0,0,0
GOICOECHEA,0.138,0,0.78,0.306
GOLFITO,0,0,0,0.216
GRECIA,0,0,0.057,0
GUACIMO,0.567,2.643,0.021,0.018
GUAPILES,0.128,5.256,0.392,0
GUATUSO,0.582,0.405,0.711,0.522
HEREDIA,3.432,6.192,0.976,1.056
HOJANCHA,0,0,0,0
JIMENEZ,0.021,0.066,0.351,0
LA_CRUZ,0,0,0,0
LA_UNION,0,0,0,0
LEON_CORTEZ,0,0,0.096,4.836
LIBERIA,0,0,0,0
LIMON,0.152,14.592,0.008,1.072
LOS_CHILES,0,0.016,0,0
MATINA,0.234,3.192,0,0.009
MONTES_DE_OCA,0.006,0,0.324,0.027
MONTES_DE_ORO,0,0,0,0
MORA,0,0,0,0
MORAVIA,0.453,0.018,1.584,0.81
NANDAYURE,0,0,0,0
NARANJO,0,0,0.078,0
NICOYA,0,0,0,0
OREAMUNO,0.012,0,0.036,0
OROTINA,0,0,0,0
OSA,0,0,0.006,0.051
PALMARES,0,0,0,0
PARAISO,0.018,0,0.063,0
PARRITA,0,0,0,0
PAVAS,0,0,0.04,0
PEREZ_ZELEDON,0,0,0.075,0.126
POAS,0,0,0.018,0
POCOCI,0.114,1.662,0.369,0.006
PTO_VIEJO,2.216,9.728,6.64,0.84
PUNTARENAS,0,0,0,0
PURISCAL,0,0,0.063,0.063
QUEPOS,0,0,0,0
SAN_CARLOS,0,1.458,3.579,0.435
SAN_ISIDRO,0,0,0.2,0.336
SAN_JOSE,0.036,0,0.6,0
SAN_MARCOS,0,0,0.165,6.28
SAN_MATEO,0,0,0,0
SAN_PABLO,0,0,0,0
SAN_RAFAEL,0.162,0,0.399,0
SAN_RAMON,0.056,0.016,0.104,0.008
SANTA_ANA,0.105,0,0.072,0
SANTA_BARBARA,0,0,0.057,0
SANTA_CRUZ,0,0,0,0
SANTO_DOMINGO,0.027,0.003,0.237,0
SARAPIQUI,2.216,9.728,6.64,0.84
SIQUIRRES,0.489,2.775,0.066,0.024
SIXAOLA,0.024,4.048,0,1.744
TALAMANCA,0.348,2.229,0,0.714
TARRAZU,0,0,0.021,0.636
TIBAS,0.252,0.045,0.732,0.012
TILARAN,0.156,0.591,0.642,0.114
TORTUGUERO,0.195,0.025,0.235,0.95
TURRIALBA,0.016,0.072,2.312,0.608
TURRUBARES,0,0,0,0
UPALA,0.384,0,0.176,0.136
VALVERDE_VEGA,0,0,0.051,0
VAZQUEZ,2.004,0.024,5.166,2.79
