ALAJUELA,0,0,0,0
ABANGARES,0,0,0,0
ACOSTA,0,0,0,0
AGUIRRE,0,0,0.0009,0
ALAJUELITA,0,0,0.0228,0.0021
ALFARO_RUIZ,0,0,0.7086,2.1243
ALVARADO,0,0,0,0
ASERRI,0,0,0,0
ATENAS,0,0,0,0
BAGACES,0,0,0,0
BARVA,0,0,0,0
BELEN,0,0,0,0
BUENOS_AIRES,0,0,0,0
CANAS,0,0,0,0
CARRILLO,0,0,0,0
CARTAGO,0,0,0,0
CD._QUESADA,0,0.008,0,1.1848
CORREDORES,0.03,1.1991,0.0207,0.003
COTO_BRUS,0.2,0.008,1.1264,0
CURRIDABAT,0,0,0.0186,0.0456
DESAMPARADOS,0,0,0,0.0081
DOTA,0,0,0,0
EL_GUARCO,0,0,0,0
ESPARZA,0,0,0,0
ESCAZU,0,0,0,0
FLORES,0,0,0,0
GARABITO,0,0,0,0
GOICOECHEA,0,0,0.7548,0.5994
GOLFITO,0,0,0,0.008
GRECIA,0,0,0,0
GUACIMO,0,0,0.051,0.0282
GUAPILES,0,0,0.096,0.0792
GUATUSO,0.123,0,0.0024,0.2043
HEREDIA,0.072,0,0.5896,3.08
HOJANCHA,0,0,0,0
JIMENEZ,0,0,0.0693,0
LA_CRUZ,0,0,0,0
LA_UNION,0,0,0,0
LEON_CORTEZ,0,0,0,0
LIBERIA,0,0,0,0
LIMON,0,0,0,0
LOS_CHILES,0.056,0,0.004,0.1304
MATINA,0,0,0,0
MONTES_DE_OCA,0,0,0.0783,0.147
MONTES_DE_ORO,0,0,0,0
MORA,0,0,0,0
MORAVIA,0.012,0,1.6785,0.9654
NANDAYURE,0,0,0,0
NARANJO,0,0,0,0
NICOYA,0,0,0,0
OREAMUNO,0,0,0,0
OROTINA,0,0,0,0
OSA,0,0,0.0006,0
PALMARES,0,0,0,0
PARAISO,0,0,0,0
PARRITA,0,0,0,0.006
PAVAS,0,0,0,0
PEREZ_ZELEDON,0.21,0.054,0.7041,0.1215
POAS,0,0,0,0
POCOCI,0,0,0.0948,0.0717
PTO_VIEJO,0.016,0,0,6.9784
PUNTARENAS,0,0,0,0
PURISCAL,0,0,0,0
QUEPOS,0,0,0.043,0
SAN_CARLOS,0,0,0.4755,2.5968
SAN_ISIDRO,0.56,0.144,1.8776,0.324
SAN_JOSE,0,0,0.0006,0
SAN_MARCOS,0,0,0,0
SAN_MATEO,0,0,0,0
SAN_PABLO,0,0,0,0
SAN_RAFAEL,0.057,0,0.3489,0.2991
SAN_RAMON,0,0,0,0
SANTA_ANA,0,0,0.0087,0
SANTA_BARBARA,0,0,0,0
SANTA_CRUZ,0,0,0,0
SANTO_DOMINGO,0,0,0,0
SARAPIQUI,0.016,0,0,6.9784
SIQUIRRES,0,0,0.0558,0.0507
SIXAOLA,0,0,0,0
TALAMANCA,0,0,0,0
TARRAZU,0,0,0,0
TIBAS,0.021,0,0.6939,0.5955
TILARAN,0.255,0.006,0.0234,0.321
TORTUGUERO,0,0,0,0.355
TURRIALBA,0.096,0,1.468,0.3984
TURRUBARES,0,0,0,0
UPALA,0,0,0.3632,0.0856
VALVERDE_VEGA,0,0,0,0
VAZQUEZ,0,0,3.474,1.8486
