ALAJUELA,0,0,3.851,0
ABANGARES,0,0,0.06,0
ACOSTA,0,0,0.201,0.015
AGUIRRE,2.6142,5.028,0.09,0
ALAJUELITA,0,0,0.003,0
ALFARO_RUIZ,0.0204,0,1.197,0.018
ALVARADO,0,0,0.003,0
ASERRI,0,0,0,0
ATENAS,0,0,0.681,0
BAGACES,0,0,0,0
BARVA,0,0,0.024,0
BELEN,0,0,0.726,0
BUENOS_AIRES,0.8044,0,5.144,0
CANAS,0,0,0.072,0
CARRILLO,0,0,0,0
CARTAGO,0,0,0,0
CD._QUESADA,0,11.144,0,0
CORREDORES,0.3636,0,0.3,0.006
COTO_BRUS,3.944,0,2.744,0.048
CURRIDABAT,0,0,0.042,0
DESAMPARADOS,0.0006,0,0.018,0
DOTA,0.0066,0,6.846,2.5473
EL_GUARCO,0,0,0,0
ESPARZA,0.1896,0,0.327,0
ESCAZU,0.0042,0,2.665,0.003
FLORES,0,0,0.093,0
GARABITO,0.0552,0.015,0,0
GOICOECHEA,0.0006,0,0.027,0
GOLFITO,0,0,0,0.0008
GRECIA,0,0,0.108,0
GUACIMO,0,0,0,0
GUAPILES,0,0,0,0
GUATUSO,0,0,0.018,0
HEREDIA,0,0,0.04,0
HOJANCHA,0,0,0,0
JIMENEZ,0,0,0.015,0
LA_CRUZ,0,0,0.012,0
LA_UNION,0,0,0.063,0
LEON_CORTEZ,0.0156,0.048,0.66,1.4613
LIBERIA,0,0,0,0
LIMON,0,0,0,0
LOS_CHILES,0,0,0,0.008
MATINA,0,0,0,0
MONTES_DE_OCA,0,0,0.06,0
MONTES_DE_ORO,0,0,0.036,0
MORA,0,0,3.144,0.168
MORAVIA,0,0,0,0
NANDAYURE,0.054,0,0,0
NARANJO,0.0012,0,0.003,0
NICOYA,0,0,0,0
OREAMUNO,0,0,0,0
OROTINA,2.7528,0,4.482,0
OSA,0.2058,0,2.073,0.531
PALMARES,0.0132,0,0.057,0
PARAISO,0,0,0,0
PARRITA,18.6282,1.086,0.189,0
PAVAS,0,0,0,0
PEREZ_ZELEDON,0.0012,0,0.06,0.006
POAS,0.1146,0,1.917,0
POCOCI,0,0,0,0
PTO_VIEJO,0,0,0,0
PUNTARENAS,35.3342,0.022,0.143,0
PURISCAL,0.0072,0,1.323,0.522
QUEPOS,3.445,7.405,0.07,0
SAN_CARLOS,0.0228,0,0.888,0
SAN_ISIDRO,0.0032,0,0.16,0.016
SAN_JOSE,0,0,0,0
SAN_MARCOS,0.175,0.015,1.4,2.476
SAN_MATEO,2.1846,0,3.426,0
SAN_PABLO,0,0,0.042,0
SAN_RAFAEL,0,0,0.105,0
SAN_RAMON,0.2256,0,0.12,0
SANTA_ANA,0,0,0,0
SANTA_BARBARA,0.0276,0,2.067,0
SANTA_CRUZ,0,0,0.016,0
SANTO_DOMINGO,0,0,0.009,0
SARAPIQUI,0,0,0,0
SIQUIRRES,0,0,0,0
SIXAOLA,0,0,0,0
TALAMANCA,0,0,0,0
TARRAZU,0.369,0.036,1.905,0.6183
TIBAS,0,0,0.003,0
TILARAN,0,0,0,0
TORTUGUERO,0,1.25,0,0
TURRIALBA,0,0,0,0
TURRUBARES,0.03,0.009,0,0
UPALA,0,0,0,0
VALVERDE_VEGA,0.0084,0,0.03,0
VAZQUEZ,0.0024,0,0.351,0.168
