ALAJUELA,0,0,0,0
ABANGARES,0,0,0,0
ACOSTA,0,0,0,0
AGUIRRE,0,0,0,0
ALAJUELITA,0,0,0.684,0.114
ALFARO_RUIZ,0.33,0.957,1.011,0.018
ALVARADO,0.192,0.6,1.701,0
ASERRI,0,0,0.03,0
ATENAS,0,0,0,0
BAGACES,0,0,0,0
BARVA,0,0,0,0
BELEN,0,0,0,0
BUENOS_AIRES,0.033,0.008,2.796,0
CANAS,0,0,0,0
CARRILLO,0,0,0,0
CARTAGO,0.054,0.372,1.53,0
CD._QUESADA,1.136,0,1.248,0.4
CORREDORES,2.388,0,2.022,0.108
COTO_BRUS,2.032,0,6.2,2.208
CURRIDABAT,0,0,1.308,0.786
DESAMPARADOS,0,0,0.93,0.27
DOTA,0,0,0.093,0.126
EL_GUARCO,0.027,0.021,0.381,0
ESPARZA,0,0,0,0
ESCAZU,0,0,0,0
FLORES,0,0,0,0
GARABITO,0,0,0.105,0
GOICOECHEA,0,0,0.72,1.668
GOLFITO,0,0,0.08,0.144
GRECIA,0,0,0,0
GUACIMO,1.455,2.481,3.552,0.771
GUAPILES,3.96,2.112,1.216,1.024
GUATUSO,0.096,0.087,0,4.311
HEREDIA,4.216,1.312,0.984,1.024
HOJANCHA,0,0,0,0
JIMENEZ,0.063,0.444,2.595,0
LA_CRUZ,0,0,0,0
LA_UNION,0,0,0,0
LEON_CORTEZ,0,0,0.066,0.201
LIBERIA,0,0,0,0
LIMON,5.28,0.648,2.72,3.416
LOS_CHILES,0,0.048,0,2.056
MATINA,0.462,0.804,1.185,1.113
MONTES_DE_OCA,0.003,0,1.347,1.08
MONTES_DE_ORO,0,0,0,0
MORA,0,0,0,0
MORAVIA,0,0.012,0.411,2.37
NANDAYURE,0,0,0,0
NARANJO,0,0,0,0
NICOYA,0,0,0,0
OREAMUNO,0.021,0.24,0.636,0
OROTINA,0,0,0,0
OSA,0,0,0.009,0.066
PALMARES,0,0,0,0
PARAISO,0,0.012,0.573,0
PARRITA,0,0,0,0
PAVAS,0,0,0,0
PEREZ_ZELEDON,0.018,0,0.363,0.012
POAS,0,0,0,0.015
POCOCI,1.191,0.648,0.795,0.597
PTO_VIEJO,11.144,0,0.648,0
PUNTARENAS,0,0,0,0
PURISCAL,0,0,0.078,0
QUEPOS,0,0,0,0
SAN_CARLOS,0.843,1.062,0.459,0.087
SAN_ISIDRO,0.048,0,0.968,0.032
SAN_JOSE,0.642,1.338,1.908,0
SAN_MARCOS,0,0,0.16,0.035
SAN_MATEO,0,0,0,0
SAN_PABLO,0,0,0,0
SAN_RAFAEL,0,0,0,0
SAN_RAMON,0.032,0.048,0.072,0.024
SANTA_ANA,0.003,0,0.096,0.003
SANTA_BARBARA,0,0,0,0
SANTA_CRUZ,0,0,0,0
SANTO_DOMINGO,0.012,0.03,0.06,0.003
SARAPIQUI,11.144,0,0.648,0
SIQUIRRES,1.056,2.235,0.618,0.054
SIXAOLA,0.464,2.912,0,2.504
TALAMANCA,0.939,1.218,0.372,0
TARRAZU,0,0,0.141,0.108
TIBAS,0,0,0.192,0.363
TILARAN,0.165,0.015,1.416,0.33
TORTUGUERO,1.47,0.03,0.285,5.345
TURRIALBA,0.08,1.976,1.288,0.024
TURRUBARES,0,0,0,0
UPALA,0.056,0.128,0.584,2.168
VALVERDE_VEGA,0,0,0,0
VAZQUEZ,0,0.156,4.344,11.124
