ALAJUELA,0,0,0.2057,0
ABANGARES,0,0,0,0
ACOSTA,0,0,0,0
AGUIRRE,0,0,0,0
ALAJUELITA,0.0018,0,0.7191,0
ALFARO_RUIZ,0,0,3.0288,0.1152
ALVARADO,0,0,0.0066,0
ASERRI,0,0,4.9746,0
ATENAS,0.0015,0,0.0276,0
BAGACES,0,0,0,0
BARVA,0,0,0.0315,0
BELEN,0,0,0.1032,0
BUENOS_AIRES,0,0,0.1501,0
CANAS,0,0,0,0
CARRILLO,0,0,0,0
CARTAGO,0,0,0.0858,0
CD._QUESADA,0,0,0,0.1512
CORREDORES,0.0228,0,0.0273,0.0396
COTO_BRUS,0.0232,0,1.58,0
CURRIDABAT,0.0003,0,4.8135,0.0054
DESAMPARADOS,0,0,2.9853,0
DOTA,0,0,0.1674,0.4728
EL_GUARCO,0.0198,0.0003,0.0969,0
ESPARZA,0.027,0,2.1537,0
ESCAZU,0,0,0,0
FLORES,0,0,0.159,0
GARABITO,0.69,0.8508,0,0
GOICOECHEA,0.0939,0,1.3434,0
GOLFITO,0,0,0,0.256
GRECIA,0,0,0.1263,0
GUACIMO,0,0,0,0
GUAPILES,0,0,0,0
GUATUSO,0.0912,0.4191,0,0.0843
HEREDIA,0,0,0.08,0.1488
HOJANCHA,0,0,0,0
JIMENEZ,0,0,0.012,0
LA_CRUZ,0,0,0,0
LA_UNION,0,0,0.8982,0
LEON_CORTEZ,0,0,0.7602,1.5381
LIBERIA,0,0,0,0
LIMON,0,0,0,0
LOS_CHILES,0,0.0056,0.0032,12.4824
MATINA,0,0,0,0
MONTES_DE_OCA,0.0099,0,2.0847,0
MONTES_DE_ORO,0,0,0.6189,0
MORA,0,0,0.0084,0
MORAVIA,0.2391,0.0006,0.8883,0
NANDAYURE,0,0,0,0
NARANJO,0,0,0.5346,0
NICOYA,0,0,0,0
OREAMUNO,0,0,0.0186,0
OROTINA,0,0,0,0
OSA,0,0,0.0006,0
PALMARES,0,0,0.0336,0
PARAISO,0,0,0.0006,0
PARRITA,0.0198,0,0,0
PAVAS,0.0025,0,0.0135,0
PEREZ_ZELEDON,0.0021,0,0.0027,0
POAS,0,0,0.1131,0
POCOCI,0,0,0,0
PTO_VIEJO,0,0,0,0.0568
PUNTARENAS,0.0517,0,0.4477,0
PURISCAL,0,0,3.927,0.0894
QUEPOS,0,0,0,0
SAN_CARLOS,0,0,1.7631,0.483
SAN_ISIDRO,0.0056,0,0.0072,0
SAN_JOSE,0,0,0.0012,0
SAN_MARCOS,0,0,0.3745,1.331
SAN_MATEO,0,0,0.0012,0
SAN_PABLO,0,0,0.0006,0
SAN_RAFAEL,0,0,0.0024,0
SAN_RAMON,0,0,0.8176,0
SANTA_ANA,0.0261,0,0.2673,0
SANTA_BARBARA,0,0,0.1524,0
SANTA_CRUZ,0,0,0,0
SANTO_DOMINGO,0,0,0,0
SARAPIQUI,0,0,0,0.0568
SIQUIRRES,0,0,0.0009,0
SIXAOLA,0,0,0,0
TALAMANCA,0,0,0,0
TARRAZU,0,0,0.3381,0.4008
TIBAS,0.0465,0.0006,0.1797,0
TILARAN,0.1284,0.0075,0.468,0.2385
TORTUGUERO,0,0,0,0.0295
TURRIALBA,0.0064,0.0032,0.1368,0
TURRUBARES,0,0,0,0
UPALA,0,0.8,4.0496,0.396
VALVERDE_VEGA,0,0,1.3977,0
VAZQUEZ,0.312,0,3.9813,0
