ALAJUELA,0,0,0.0042,0
ABANGARES,0.0168,0.003,0,0
ACOSTA,0,0,0.0642,0
AGUIRRE,0.2988,9.903,0.0744,0
ALAJUELITA,0,0,2.5392,0
ALFARO_RUIZ,0.129,0,0.5802,0
ALVARADO,0,0,0,0
ASERRI,0,0,4.1004,0
ATENAS,0.003,0,0.036,0
BAGACES,0,0.042,0,0
BARVA,0,0,0,0
BELEN,0,0,0,0
BUENOS_AIRES,0.3786,0,0.1868,0.011
CANAS,0,0,0,0
CARRILLO,0,0,0,0
CARTAGO,0,0,0,0
CD._QUESADA,0,72.008,0,0
CORREDORES,0.015,0,0.2922,0.0969
COTO_BRUS,0.5648,0.008,1.5984,0.104
CURRIDABAT,0,0,3.3132,0
DESAMPARADOS,0,0,2.964,0
DOTA,0,0,0,0
EL_GUARCO,0,0,0,0
ESPARZA,0.003,0,0.012,0
ESCAZU,0,0,0.3126,0
FLORES,0,0,0,0
GARABITO,0.2688,1.044,0.3852,0.075
GOICOECHEA,0,0,1.6542,0.057
GOLFITO,0,0,0,0.0448
GRECIA,0,0,0.0414,0
GUACIMO,0,0.351,0,0
GUAPILES,0,2.888,0,0
GUATUSO,2.2302,2.235,0.0654,0.0288
HEREDIA,0.0336,0.984,0.016,0
HOJANCHA,0,0,0.2976,0
JIMENEZ,0,0,0,0
LA_CRUZ,0,0,0,0
LA_UNION,0,0,0,0
LEON_CORTEZ,0,0,0,0
LIBERIA,0,0,0.936,0
LIMON,0,0,0,0
LOS_CHILES,1.7776,0,0.3024,0.344
MATINA,0,0,0,0
MONTES_DE_OCA,0,0,2.1036,0.009
MONTES_DE_ORO,0,0,0,0
MORA,0,0,0,0
MORAVIA,0,0,2.3568,0.117
NANDAYURE,0,0,0,0
NARANJO,0,0,0.0642,0
NICOYA,0,0,0.552,0
OREAMUNO,0,0,0,0
OROTINA,0.003,0,0.5646,0
OSA,0,0,0.0456,0.0519
PALMARES,0,0,0.1608,0
PARAISO,0,0,0,0
PARRITA,3.72,1.134,0.1272,0.024
PAVAS,0,0,0,0
PEREZ_ZELEDON,0.033,0,0.5856,0.018
POAS,0,0,0.2424,0
POCOCI,0,0.999,0,0
PTO_VIEJO,0,4.08,0,0
PUNTARENAS,0,0,0,0
PURISCAL,0,0,0.0054,0
QUEPOS,0.067,12.845,0.148,0
SAN_CARLOS,0.126,0.369,0.123,0
SAN_ISIDRO,0.088,0,1.5616,0.048
SAN_JOSE,0,0,0,0
SAN_MARCOS,0,0,0,0
SAN_MATEO,0.003,0,1.0848,0
SAN_PABLO,0,0,0,0
SAN_RAFAEL,0,0.003,0,0
SAN_RAMON,0,0,0.3344,0
SANTA_ANA,0,0,0.105,0
SANTA_BARBARA,0,0,0,0
SANTA_CRUZ,0,0,0,0
SANTO_DOMINGO,0,0,0.0012,0
SARAPIQUI,0,4.08,0,0
SIQUIRRES,0,0,0,0
SIXAOLA,0,0,0,0
TALAMANCA,0,0,0,0
TARRAZU,0,0,0.0006,0.048
TIBAS,0,0,0.2622,0
TILARAN,0.1728,2.061,0.3402,0
TORTUGUERO,0,37.23,0,0
TURRIALBA,0.0144,0,0,0
TURRUBARES,0,0,0.2238,0
UPALA,2.6128,0,0.0128,3.1728
VALVERDE_VEGA,0,0,0.048,0
VAZQUEZ,0,0,4.6764,0.786
