ALAJUELA,0,0,0.055,0.025
ABANGARES,0.069,0,0,0
ACOSTA,0,0,0,0.012
AGUIRRE,0,0,0,0
ALAJUELITA,0,0,0.7332,0.519
ALFARO_RUIZ,0.549,0,0.6399,0.84
ALVARADO,0.564,0,0.1275,0
ASERRI,0,0,0.0552,0.018
ATENAS,0,0,0,0
BAGACES,0,0,0,0
BARVA,0.051,0,0.0489,0.06
BELEN,0,0,0.003,0.075
BUENOS_AIRES,0.981,0.088,4.8137,0
CANAS,0,0,0,0
CARRILLO,0,0,0,0
CARTAGO,0.72,0,0.0168,0
CD._QUESADA,2.096,2.432,0.3168,0.856
CORREDORES,0.351,0.024,0.9312,0.027
COTO_BRUS,7.064,0.672,0.7632,5.736
CURRIDABAT,0,0,0.2943,1.101
DESAMPARADOS,0,0,0.4896,0.6
DOTA,0.057,0,0.4104,0.36
EL_GUARCO,0.138,0,0,0
ESPARZA,0,0,0.0957,0.003
ESCAZU,0,0,0,0
FLORES,0,0,0,0.015
GARABITO,0,0,0.279,0
GOICOECHEA,0.255,0,1.0743,2.292
GOLFITO,1.552,0,0.3992,0.648
GRECIA,0,0,0.0648,0.255
GUACIMO,0.063,0.054,0.9843,1.257
GUAPILES,0.568,0,1.9192,2.816
GUATUSO,0.147,1.497,0.4689,0.846
HEREDIA,5.048,0,10.28,4.192
HOJANCHA,0,0,0,0
JIMENEZ,0.159,0,0.7377,0.081
LA_CRUZ,0,0,0,0
LA_UNION,0,0,0,0
LEON_CORTEZ,0.033,0,0.0603,2.073
LIBERIA,0,0,0,0
LIMON,0,4.632,2.3464,5.672
LOS_CHILES,0.008,0,0.064,1.552
MATINA,0.015,0.84,1.0038,0.375
MONTES_DE_OCA,0.009,0,0.8874,1.803
MONTES_DE_ORO,0,0,0,0
MORA,0,0,0.0234,0
MORAVIA,0.798,0.003,1.4685,2.676
NANDAYURE,0,0,0,0
NARANJO,0,0,0.2409,0.051
NICOYA,0,0,0.104,0
OREAMUNO,0.474,0,0.012,0
OROTINA,0,0,0,0
OSA,0.183,0,1.3818,0.009
PALMARES,0,0,0.0132,0.21
PARAISO,0.498,0,0.2028,0
PARRITA,0,0,0.2685,0
PAVAS,0,0,0.069,0.785
PEREZ_ZELEDON,1.41,0,2.7225,2.067
POAS,0,0,0.0846,0.381
POCOCI,0.156,0,0.7476,0.978
PTO_VIEJO,2.208,1.128,0.0248,7.456
PUNTARENAS,0,0,0,0
PURISCAL,0,0,0.1671,0.03
QUEPOS,0,0,0,0
SAN_CARLOS,0.267,0,0,0
SAN_ISIDRO,3.76,0,7.26,5.512
SAN_JOSE,1.518,0,0.3504,0
SAN_MARCOS,0,0,0.066,3.295
SAN_MATEO,0,0,0.0219,0.006
SAN_PABLO,0.162,0,0.2898,0.213
SAN_RAFAEL,0.465,0,0.7209,0.486
SAN_RAMON,0,0.008,1.8784,0.272
SANTA_ANA,0,0,0.7764,0.15
SANTA_BARBARA,0,0,0,0
SANTA_CRUZ,0,0,0,0
SANTO_DOMINGO,0.09,0,0.1608,0.42
SARAPIQUI,2.208,1.128,0.0248,7.456
SIQUIRRES,0,0.294,2.7819,0.114
SIXAOLA,0,3.312,1.44,0.152
TALAMANCA,0,0,0.6915,0.399
TARRAZU,0,0,0.018,1.089
TIBAS,0.081,0.003,0.3342,1.695
TILARAN,0.891,0.078,0.2844,0.042
TORTUGUERO,0.715,1.165,0.6455,0.385
TURRIALBA,0.016,0,0.9392,0.608
TURRUBARES,0,0,0,0
UPALA,0.072,0.192,0.024,5.968
VALVERDE_VEGA,0,0,0.3438,0.105
VAZQUEZ,0.114,0,3.2274,4.092
